8573	AUBURN	ALABAMA	US	47.30732	-122.22845
8574	BIRMINGHAM	ALABAMA	US	33.52066	-86.80249
8575	DOTHAN	ALABAMA	US	31.22323	-85.39049
8576	FLORENCE	ALABAMA	US	34.79981	-87.67725
8577	GULF SHORES	ALABAMA	US	30.24604	-87.70082
8578	HUNTSVILLE	ALABAMA	US	34.73040	-86.58594
8579	MOBILE	ALABAMA	US	30.69436	-88.04305
8580	MONTGOMERY	ALABAMA	US	32.36681	-86.29997
8582	TROY	ALABAMA	US	42.60559	-83.14993
8584	ANCHORAGE	ALASKA	US	61.21806	-149.90028
8585	CORDOVA	ALASKA	US	35.15565	-89.77620
8586	JUNEAU	ALASKA	US	58.30194	-134.41972
8587	KODIAK	ALASKA	US	57.78852	-152.40533
8588	NAKNEK	ALASKA	US	58.72833	-157.01389
17818	PETERSBURG	ALASKA	US	37.22793	-77.40193
8589	SEWARD	ALASKA	US	40.90695	-97.09892
17819	VALDEZ	ALASKA	US	61.13083	-146.34833
8591	CHANDLER	ARIZONA	US	33.30616	-111.84125
8592	GLENDALE	ARIZONA	US	33.53865	-112.18599
8593	GRAND CANYON	ARIZONA	US	36.05443	-112.13934
8594	MESA	ARIZONA	US	33.42227	-111.82264
8595	PHOENIX	ARIZONA	US	33.44838	-112.07404
8596	SCOTTSDALE	ARIZONA	US	33.50921	-111.89903
8597	TEMPE	ARIZONA	US	33.41477	-111.90931
8598	TUCSON	ARIZONA	US	32.22174	-110.92648
8599	LITTLE ROCK	ARKANSAS	US	34.74648	-92.28959
18991	ANAHEIM	CALIFORNIA	US	33.83529	-117.91450
8601	ANTIOCH	CALIFORNIA	US	38.00492	-121.80579
8602	BAKERSFIELD	CALIFORNIA	US	35.37329	-119.01871
8603	BERKELEY	CALIFORNIA	US	37.87159	-122.27275
8604	BURBANK	CALIFORNIA	US	34.18084	-118.30897
8605	CHICO	CALIFORNIA	US	39.72849	-121.83748
8606	CHULA VISTA	CALIFORNIA	US	32.64005	-117.08420
8607	CONCORD	CALIFORNIA	US	37.97798	-122.03107
8608	COSTA MESA	CALIFORNIA	US	33.64113	-117.91867
8609	DALY CITY	CALIFORNIA	US	37.70577	-122.46192
8610	DANVILLE	CALIFORNIA	US	37.82159	-121.99996
8611	DAVIS	CALIFORNIA	US	38.54491	-121.74052
8612	ESCONDIDO	CALIFORNIA	US	33.11921	-117.08642
8613	FOLSOM	CALIFORNIA	US	38.67796	-121.17606
8614	FONTANA	CALIFORNIA	US	34.09223	-117.43505
8615	FREMONT	CALIFORNIA	US	37.54827	-121.98857
8616	FRESNO	CALIFORNIA	US	36.74773	-119.77237
8617	GLENDALE	CALIFORNIA	US	33.53865	-112.18599
8618	GOLETA	CALIFORNIA	US	34.43583	-119.82764
8619	HAYWARD	CALIFORNIA	US	37.66882	-122.08080
8620	HUNTINGTON BEACH	CALIFORNIA	US	33.66030	-117.99923
8621	INGLEWOOD	CALIFORNIA	US	33.96168	-118.35313
8622	IRVINE	CALIFORNIA	US	33.66946	-117.82311
8623	LANCASTER	CALIFORNIA	US	34.69804	-118.13674
8624	LOMPOC	CALIFORNIA	US	34.63915	-120.45794
8625	LONG BEACH	CALIFORNIA	US	33.76696	-118.18923
8626	LOS ANGELES	CALIFORNIA	US	34.05223	-118.24368
8627	MODESTO	CALIFORNIA	US	37.63910	-120.99688
8628	MONTEREY	CALIFORNIA	US	36.60024	-121.89468
8629	NAPA	CALIFORNIA	US	38.29714	-122.28553
8630	NORWALK	CALIFORNIA	US	33.90224	-118.08173
8631	OAKLAND	CALIFORNIA	US	37.80437	-122.27080
8632	OCEANSIDE	CALIFORNIA	US	33.19587	-117.37948
8633	OILDALE	CALIFORNIA	US	35.41968	-119.01955
8634	ONTARIO	CALIFORNIA	US	34.06334	-117.65089
8635	OXNARD	CALIFORNIA	US	34.19750	-119.17705
8636	PALM SPRINGS	CALIFORNIA	US	33.83030	-116.54529
8637	PALO ALTO	CALIFORNIA	US	37.44188	-122.14302
8638	PASADENA	CALIFORNIA	US	29.69106	-95.20910
8640	POMONA	CALIFORNIA	US	34.05529	-117.75228
8641	REDDING	CALIFORNIA	US	40.58654	-122.39168
8642	RICHMOND	CALIFORNIA	US	37.55376	-77.46026
8643	RIVERSIDE	CALIFORNIA	US	33.95335	-117.39616
8644	SACRAMENTO	CALIFORNIA	US	38.58157	-121.49440
8645	SALINAS	CALIFORNIA	US	36.67774	-121.65550
8646	SAN BERNARDINO	CALIFORNIA	US	34.10834	-117.28977
8647	SAN DIEGO	CALIFORNIA	US	32.71571	-117.16472
8648	SAN FRANCISCO	CALIFORNIA	US	37.77493	-122.41942
8649	SAN JOSE	CALIFORNIA	US	37.33939	-121.89496
8650	SAN MATEO	CALIFORNIA	US	37.56299	-122.32553
8652	SANTA ANA	CALIFORNIA	US	33.74557	-117.86783
8653	SANTA BARBARA	CALIFORNIA	US	34.42083	-119.69819
8654	SANTA CLARA	CALIFORNIA	US	37.35411	-121.95524
8655	SANTA CLARITA	CALIFORNIA	US	34.39166	-118.54259
8656	SANTA MONICA	CALIFORNIA	US	34.01949	-118.49138
8657	SIMI VALLEY	CALIFORNIA	US	34.26945	-118.78148
8658	STOCKTON	CALIFORNIA	US	37.95770	-121.29078
8659	SUNNYVALE	CALIFORNIA	US	37.36883	-122.03635
8660	THOUSAND OAKS	CALIFORNIA	US	34.17056	-118.83759
8661	TORRANCE	CALIFORNIA	US	33.83585	-118.34063
8662	TUSTIN	CALIFORNIA	US	33.74585	-117.82617
8663	VALLEJO	CALIFORNIA	US	38.10409	-122.25664
17814	VİCTORVILLE	CALIFORNIA	US	34.53611	-117.29116
8664	WEST HOLLYWOOD	CALIFORNIA	US	26.02065	-80.18394
9076	EDMONTON	CARIBBEAN DENIZI	US	36.98006	-85.61219
9077	JASPER	CARIBBEAN DENIZI	US	38.39144	-86.93111
8666	BOULDER	COLORADO	US	40.01499	-105.27055
8667	COLORADO SPRINGS	COLORADO	US	38.83388	-104.82136
8669	DENVER	COLORADO	US	39.73915	-104.98470
8670	FORT COLLINS	COLORADO	US	40.58526	-105.08442
8671	SPRINGFIELD	COLORADO	US	37.21533	-93.29824
19000	ANSONIA	CONNECTICUT	US	41.34621	-73.07900
8673	BRIDGEPORT	CONNECTICUT	US	41.17923	-73.18945
8675	BRISTOL	CONNECTICUT	US	41.67176	-72.94927
8676	DANBURY	CONNECTICUT	US	41.39482	-73.45401
8677	ENFIELD	CONNECTICUT	US	41.97621	-72.59176
8678	FAIRFIELD	CONNECTICUT	US	38.24936	-122.03997
8679	HAMDEN	CONNECTICUT	US	41.39593	-72.89677
8680	HARTFORD	CONNECTICUT	US	41.76371	-72.68509
8681	KENSINGTON	CONNECTICUT	US	40.64621	-73.97069
8682	MANCHESTER	CONNECTICUT	US	42.99564	-71.45479
8683	MERIDEN	CONNECTICUT	US	41.53815	-72.80704
8684	MIDDLETOWN	CONNECTICUT	US	40.39428	-74.11709
8685	MILFORD	CONNECTICUT	US	41.22232	-73.05650
8686	NAUGATUCK	CONNECTICUT	US	41.48593	-73.05066
8687	NEW BRITAIN	CONNECTICUT	US	41.66121	-72.77954
8688	NEW HAVEN	CONNECTICUT	US	41.30815	-72.92816
8689	NEW LONDON	CONNECTICUT	US	41.35565	-72.09952
8690	NORWALK	CONNECTICUT	US	33.90224	-118.08173
8691	STAMFORD	CONNECTICUT	US	41.05343	-73.53873
8692	STRATFORD	CONNECTICUT	US	41.18454	-73.13317
18998	THOMASTON	CONNECTICUT	US	32.88819	-84.32659
8693	VERNON	CONNECTICUT	US	34.15536	-99.26628
8694	WATERBURY	CONNECTICUT	US	41.55815	-73.05150
8672	WEST HAVEN	CONNECTICUT	US	41.27065	-72.94705
8695	WILLIMANTIC	CONNECTICUT	US	41.71065	-72.20813
8696	WASHINGTON	D.C	US	38.89511	-77.03637
8697	DOVER	DELAWARE	US	39.15817	-75.52437
17864	NEW CASTLE	DELAWARE	US	41.00367	-80.34701
8699	NEWARK	DELAWARE	US	40.73566	-74.17237
8700	WILMINGTON	DELAWARE	US	34.23556	-77.94604
18990	BOCA RATON	FLORIDA	US	26.35869	-80.08310
8702	BOYNTON BEACH	FLORIDA	US	26.52535	-80.06643
8703	BRADENTON	FLORIDA	US	27.49893	-82.57482
8704	CAROL CITY	FLORIDA	US	25.94065	-80.24560
8705	CLEARWATER	FLORIDA	US	27.96585	-82.80010
8706	CLERMONT	FLORIDA	US	28.54944	-81.77285
8707	COCOA	FLORIDA	US	28.38612	-80.74200
8708	CORAL GABLES	FLORIDA	US	25.72149	-80.26838
8709	CUTLER	FLORIDA	US	25.61510	-80.31061
8710	DAYTONA BEACH	FLORIDA	US	29.21081	-81.02283
8711	DE LAND	FLORIDA	US	29.02832	-81.30312
8712	DELTONA	FLORIDA	US	28.90054	-81.26367
8713	DESTIN	FLORIDA	US	30.39353	-86.49578
8714	EUSTIS	FLORIDA	US	28.85277	-81.68535
8715	FORT LAUDERDALE	FLORIDA	US	26.12231	-80.14338
8716	GAINESVILLE	FLORIDA	US	29.65163	-82.32483
8717	HALLANDALE BEACH	FLORIDA	US	25.98120	-80.14838
8718	HIALEAH	FLORIDA	US	25.85760	-80.27811
8719	HOLLY HILL	FLORIDA	US	29.24359	-81.03756
8720	HOLLYWOOD	FLORIDA	US	34.09834	-118.32674
8721	HOMESTEAD	FLORIDA	US	25.46872	-80.47756
8723	KENDALL	FLORIDA	US	25.67927	-80.31727
8724	LAKELAND	FLORIDA	US	28.03947	-81.94980
8725	MELBOURNE	FLORIDA	US	28.08363	-80.60811
8726	MIAMI	FLORIDA	US	25.77427	-80.19366
8727	MIRAMAR	FLORIDA	US	25.98731	-80.23227
8728	NEW SMYRNA BEACH	FLORIDA	US	29.02582	-80.92700
8729	OCALA	FLORIDA	US	29.18720	-82.14009
8701	OPA-LOCKA	FLORIDA	US	25.90232	-80.25033
8730	ORLANDO	FLORIDA	US	28.53834	-81.37924
8731	PALM BEACH	FLORIDA	US	26.70562	-80.03643
8732	PEMBROKE PINES	FLORIDA	US	26.00315	-80.22394
8733	PENSACOLA	FLORIDA	US	30.42131	-87.21691
8735	SANFORD	FLORIDA	US	28.80055	-81.27312
8736	SARASOTA	FLORIDA	US	27.33643	-82.53065
8737	SPRING HILL	FLORIDA	US	28.47688	-82.52546
8738	TALLAHASSEE	FLORIDA	US	30.43826	-84.28073
8739	TAMPA	FLORIDA	US	27.94752	-82.45843
8740	TITUSVILLE	FLORIDA	US	28.61222	-80.80755
8741	WESTCHESTER	FLORIDA	US	25.75482	-80.32727
8742	WINTER HAVEN	FLORIDA	US	28.02224	-81.73286
16738	ALPHARETTA	GEORGIA	US	34.07538	-84.29409
8743	ATLANTA	GEORGIA	US	33.74900	-84.38798
8744	COLUMBUS	GEORGIA	US	39.96118	-82.99879
8746	GAINESVILLE(GA)	GEORGIA	US	29.65163	-82.32483
8747	LAGRANGE	GEORGIA	US	33.03929	-85.03133
8748	MACON	GEORGIA	US	32.84069	-83.63240
8749	ROME	GEORGIA	US	34.25704	-85.16467
8750	SAVANNAH	GEORGIA	US	32.08354	-81.09983
8751	WARRENTON	GEORGIA	US	38.71345	-77.79527
8752	HILO	HAVAI ADALARI	US	19.72991	-155.09073
8753	HONOLULU	HAVAI ADALARI	US	21.30694	-157.85833
8754	BOISE	IDAHO	US	43.61350	-116.20345
8755	MOSCOW	IDAHO	US	46.73239	-117.00017
8756	SUN VALLEY	IDAHO	US	39.59630	-119.77602
8757	TWIN FALLS	IDAHO	US	42.56297	-114.46087
8758	AURORA	ILLINOIS	US	39.72943	-104.83192
8759	CHAMPAIGN	ILLINOIS	US	40.11642	-88.24338
8760	CHICAGO	ILLINOIS	US	41.85003	-87.65005
8761	ELGIN	ILLINOIS	US	42.03725	-88.28119
8762	GALESBURG	ILLINOIS	US	40.94782	-90.37124
8763	JOLIET	ILLINOIS	US	41.52519	-88.08340
8764	KANKAKEE	ILLINOIS	US	41.12003	-87.86115
8765	NAPERVILLE	ILLINOIS	US	41.78586	-88.14729
8766	URBANA	ILLINOIS	US	40.11059	-88.20727
8767	WAUKEGAN	ILLINOIS	US	42.36363	-87.84479
8768	BLOOMINGTON	INDIANA	US	44.84080	-93.29828
8769	EVANSVILLE	INDIANA	US	37.97476	-87.55585
8770	FORT WAYNE	INDIANA	US	41.13060	-85.12886
8771	GARY	INDIANA	US	41.59337	-87.34643
8773	HAMMOND	INDIANA	US	41.58337	-87.50004
8774	INDIANAPOLIS	INDIANA	US	39.76838	-86.15804
8775	LAFAYETTE	INDIANA	US	30.22409	-92.01984
8776	RICHMOND	INDIANA	US	37.55376	-77.46026
8777	AMES	IOWA	US	42.03471	-93.61994
8778	COUNCIL BLUFFS	IOWA	US	41.26194	-95.86083
8779	DES MOINES	IOWA	US	41.60054	-93.60911
8780	IOWA CITY	IOWA	US	41.66113	-91.53017
8781	NEWTON	IOWA	US	42.33704	-71.20922
8782	ATCHISON	KANSAS	US	39.56305	-95.12164
8783	LAWRENCE	KANSAS	US	38.97167	-95.23525
8784	LEAVENWORTH	KANSAS	US	39.31111	-94.92246
8785	MANHATTAN	KANSAS	US	40.78343	-73.96625
8786	OLATHE	KANSAS	US	38.88140	-94.81913
8789	TOPEKA	KANSAS	US	39.04833	-95.67804
8790	WICHITA	KANSAS	US	37.69224	-97.33754
8791	BOWLING GREEN	KENTUCKY	US	36.99032	-86.44360
8792	FRANKFORT	KENTUCKY	US	38.20091	-84.87328
8793	LEXINGTON	KENTUCKY	US	37.98869	-84.47772
8794	LOUISVILLE	KENTUCKY	US	38.25424	-85.75941
8795	BATON ROUGE	LOUISIANA	US	30.44332	-91.18747
8796	NEW ORLEANS	LOUISIANA	US	29.95465	-90.07507
8797	AUGUSTA	MAINE	US	33.47097	-81.97484
8798	CAMDEN	MAINE	US	39.92595	-75.11962
19014	ANNAPOLIS	MARYLAND	US	38.97859	-76.49184
8800	ARNOLD	MARYLAND	US	39.03206	-76.50274
8801	BALTIMORE	MARYLAND	US	39.29038	-76.61219
8802	BETHESDA	MARYLAND	US	38.98067	-77.10026
8799	ELKTON	MARYLAND	US	39.60678	-75.83327
8803	FREDERICK	MARYLAND	US	39.41427	-77.41054
18996	HAGERSTOWN	MARYLAND	US	39.64176	-77.71999
17808	LANHAM	MARYLAND	US	38.96875	-76.86340
8804	OCEAN CITY	MARYLAND	US	39.27762	-74.57460
18999	AMHERST	MASSACHUSETTS	US	42.97839	-78.79976
8806	BOSTON	MASSACHUSETTS	US	42.35843	-71.05977
8807	BRAINTREE	MASSACHUSETTS	US	42.20384	-71.00215
8808	BROOKLINE	MASSACHUSETTS	US	42.33176	-71.12116
8809	CAMBRIDGE	MASSACHUSETTS	US	42.37510	-71.10561
8810	FALMOUTH	MASSACHUSETTS	US	38.32402	-77.46832
8811	GLOUCESTER	MASSACHUSETTS	US	42.61405	-70.66313
8812	HAVERHILL	MASSACHUSETTS	US	42.77620	-71.07728
8813	LAWRENCE	MASSACHUSETTS	US	38.97167	-95.23525
8814	LOWELL	MASSACHUSETTS	US	42.63342	-71.31617
8805	LUDLOW	MASSACHUSETTS	US	42.16009	-72.47592
8815	LYNN	MASSACHUSETTS	US	42.46676	-70.94949
8816	MANCHESTER	MASSACHUSETTS	US	42.99564	-71.45479
8817	MILFORD	MASSACHUSETTS	US	41.22232	-73.05650
8818	NEEDHAM	MASSACHUSETTS	US	42.28343	-71.23283
8819	NEWTON	MASSACHUSETTS	US	42.33704	-71.20922
8820	QUINCY	MASSACHUSETTS	US	42.25288	-71.00227
8821	SOMERVILLE	MASSACHUSETTS	US	42.38760	-71.09950
17809	SPRINGFIELD	MASSACHUSETTS	US	37.21533	-93.29824
8822	WEBSTER	MASSACHUSETTS	US	42.05010	-71.88007
8823	WEYMOUTH	MASSACHUSETTS	US	42.22093	-70.93977
8824	WORCESTER	MASSACHUSETTS	US	42.26259	-71.80229
19012	ANN ARBOR	MICHIGAN	US	42.27756	-83.74088
8826	BAY CITY	MICHIGAN	US	43.59447	-83.88886
8827	DETROIT	MICHIGAN	US	42.33143	-83.04575
8828	EAST LANSING	MICHIGAN	US	42.73698	-84.48387
8829	FLINT	MICHIGAN	US	43.01253	-83.68746
8830	GRAND RAPIDS	MICHIGAN	US	42.96336	-85.66809
8831	HOUGHTON	MICHIGAN	US	47.12187	-88.56901
17916	KALAMAZOO	MICHIGAN	US	42.29171	-85.58723
8832	LANSING	MICHIGAN	US	42.73253	-84.55553
8833	LIVONIA	MICHIGAN	US	42.36837	-83.35271
8834	MICHIGAN CENTER	MICHIGAN	US	42.23309	-84.32718
8836	WARREN	MICHIGAN	US	42.49044	-83.01304
8825	WYANDOTTE	MICHIGAN	US	42.21421	-83.14992
8837	BRAINERD	MINNESOTA	US	46.35802	-94.20083
8838	DULUTH	MINNESOTA	US	46.78327	-92.10658
8839	MINNEAPOLIS	MINNESOTA	US	44.97997	-93.26384
8840	ROCHESTER	MINNESOTA	US	43.15478	-77.61556
8841	SAINT PAUL	MINNESOTA	US	44.94441	-93.09327
8842	HATTIESBURG	MISSISSIPPI	US	31.32712	-89.29034
8843	JACKSON	MISSISSIPPI	US	32.29876	-90.18481
8844	OXFORD	MISSISSIPPI	US	34.36650	-89.51925
8845	ANDERSON	MISSOURI	US	40.10532	-85.68025
8846	BELTON	MISSOURI	US	38.81195	-94.53190
8847	COLUMBIA	MISSOURI	US	34.00071	-81.03481
8848	COLUMBUS	MISSOURI	US	39.96118	-82.99879
8849	JEFFERSON CITY	MISSOURI	US	38.57670	-92.17352
8850	KANSAS CITY	MISSOURI	US	39.09973	-94.57857
8851	LIBERTY	MISSOURI	US	39.24611	-94.41912
8852	MARYVILLE	MISSOURI	US	35.75647	-83.97046
8853	ROLLA	MISSOURI	US	37.95143	-91.77127
8854	SPRINGFIELD	MISSOURI	US	37.21533	-93.29824
8856	ST. LOUIS	MISSOURI	US	38.62727	-90.19789
8857	HELENA	MONTANA	US	46.59271	-112.03611
8858	LINCOLN	NEBRASKA	US	40.80000	-96.66696
8859	OMAHA	NEBRASKA	US	41.25626	-95.94043
8860	CARSON CITY	NEVADA	US	39.16380	-119.76740
8861	LAS VEGAS	NEVADA	US	36.17497	-115.13722
8862	RENO	NEVADA	US	39.52963	-119.81380
8863	EXETER	NEW HAMPSHIRE	US	36.29606	-119.14205
8864	MANCHESTER	NEW HAMPSHIRE	US	42.99564	-71.45479
8865	NASHUA	NEW HAMPSHIRE	US	42.76537	-71.46757
8866	ATLANTIC CITY	NEW JERSEY	US	39.36415	-74.42306
19004	BLOOMFIELD	NEW JERSEY	US	40.80677	-74.18542
8868	BURLINGTON	NEW JERSEY	US	36.09569	-79.43780
18943	CLIFFSIDE PARK	NEW JERSEY	US	40.82149	-73.98764
8869	CLIFTON	NEW JERSEY	US	40.85843	-74.16376
8871	ELIZABETH	NEW JERSEY	US	40.66399	-74.21070
8872	EWING	NEW JERSEY	US	40.26983	-74.79988
8873	JERSEY CITY	NEW JERSEY	US	40.72816	-74.07764
8867	LUMBERTON	NEW JERSEY	US	34.61834	-79.01045
18997	MONROEVILLE	NEW JERSEY	US	40.42118	-79.78810
8874	NEW BRUNSWICK	NEW JERSEY	US	40.48622	-74.45182
8875	NEWARK	NEW JERSEY	US	40.73566	-74.17237
8876	NORTH PLAINFIELD	NEW JERSEY	US	40.63010	-74.42737
8877	PATERSON	NEW JERSEY	US	40.91677	-74.17181
8879	PISCATAWAY	NEW JERSEY	US	40.49927	-74.39904
8880	PRINCETON	NEW JERSEY	US	25.53844	-80.40894
8881	SALEM	NEW JERSEY	US	44.94290	-123.03510
8882	SCOTCH PLAINS	NEW JERSEY	US	40.65538	-74.38987
8883	SOMERSET	NEW JERSEY	US	40.49760	-74.48849
8884	TRENTON	NEW JERSEY	US	40.21705	-74.74294
8886	UNION CITY	NEW JERSEY	US	37.59577	-122.01913
8887	VINELAND	NEW JERSEY	US	39.48623	-75.02573
8888	WESTFIELD	NEW JERSEY	US	42.12509	-72.74954
8889	WILLINGBORO	NEW JERSEY	US	40.02789	-74.86905
8890	ALBUQUERQUE	NEW MEXICO	US	35.08449	-106.65114
8891	SANTA FE	NEW MEXICO	US	35.68698	-105.93780
19001	ALBANY	NEW YORK	US	42.65258	-73.75623
8893	BATAVIA	NEW YORK	US	41.85003	-88.31257
8894	BINGHAMTON	NEW YORK	US	42.09869	-75.91797
8895	BRIGHTON	NEW YORK	US	42.35010	-71.15644
20023	BROOKLYN	NEW YORK	US	40.65010	-73.94958
8896	BROOKLYN (Cattaraugus)	NEW YORK	US	40.65010	-73.94958
8897	BUFFALO	NEW YORK	US	42.88645	-78.87837
8898	CANANDAIGUA	NEW YORK	US	42.87423	-77.28804
8899	ELMIRA	NEW YORK	US	42.08980	-76.80773
8900	GENEVA	NEW YORK	US	41.88753	-88.30535
8901	ITHACA	NEW YORK	US	42.44063	-76.49661
8902	LOCKPORT	NEW YORK	US	41.58948	-88.05784
8903	NEW YORK	NEW YORK	US	40.71427	-74.00597
8904	NEWARK	NEW YORK	US	40.73566	-74.17237
8892	PORT JEFFERSON STATION	NEW YORK	US	40.92538	-73.04733
8905	ROCHESTER	NEW YORK	US	43.15478	-77.61556
8906	RONKONKOMA	NEW YORK	US	40.82100	-73.14300
8907	SYRACUSE	NEW YORK	US	43.04812	-76.14742
8908	YONKERS	NEW YORK	US	40.93040	-73.89789
18994	BANNER ELK	NORTH CAROLINA	US	36.16318	-81.87150
8910	CHARLOTTE	NORTH CAROLINA	US	35.22709	-80.84313
8911	DURHAM	NORTH CAROLINA	US	35.99403	-78.89862
8912	GREENSBORO	NORTH CAROLINA	US	36.07264	-79.79198
8913	RALEIGH	NORTH CAROLINA	US	35.77210	-78.63861
8915	SHELBY	NORTH CAROLINA	US	42.67087	-83.03298
8909	STALLINGS	NORTH CAROLINA	US	35.09070	-80.68618
8916	BISMARCK	NORTH DAKOTA	US	46.80833	-100.78374
8917	AKRON	OHIO	US	41.08144	-81.51901
16743	AVON LAKE	OHIO	US	41.50532	-82.02820
8918	CINCINNATI	OHIO	US	39.12711	-84.51439
8919	CIRCLEVILLE	OHIO	US	39.60062	-82.94601
8920	CLEVELAND	OHIO	US	41.49950	-81.69541
8921	COLUMBUS	OHIO	US	39.96118	-82.99879
8922	DAYTON	OHIO	US	39.75895	-84.19161
8923	DUBLIN	OHIO	US	37.70215	-121.93579
8924	GAHANNA	OHIO	US	40.01923	-82.87934
8926	HEATH	OHIO	US	40.02284	-82.44460
8927	KENT	OHIO	US	47.38093	-122.23484
8928	LONDON	OHIO	US	39.88645	-83.44825
8929	MARYSVILLE	OHIO	US	48.05176	-122.17708
8930	SPRINGFIELD	OHIO	US	37.21533	-93.29824
8931	TOLEDO	OHIO	US	41.66394	-83.55521
8932	URBANA	OHIO	US	40.11059	-88.20727
8933	WESTERVILLE	OHIO	US	40.12617	-82.92907
8934	WORTHINGTON	OHIO	US	40.09312	-83.01796
8935	YOUNGSTOWN	OHIO	US	41.09978	-80.64952
8936	LAWTON	OKLAHOMA	US	34.60869	-98.39033
8937	OKLAHOMA CITY	OKLAHOMA	US	35.46756	-97.51643
8938	STILLWATER	OKLAHOMA	US	36.11561	-97.05837
8939	TULSA	OKLAHOMA	US	36.15398	-95.99277
18993	CORVALLIS	OREGON	US	44.56457	-123.26204
8940	GRESHAM	OREGON	US	45.49818	-122.43148
8941	PORTLAND	OREGON	US	45.52345	-122.67621
8942	SALEM	OREGON	US	44.94290	-123.03510
20036	ALLENTOWN	PENNSYLVANIA	US	40.60843	-75.49018
8945	BENSALEM	PENNSYLVANIA	US	40.10455	-74.95128
8947	BRISTOL	PENNSYLVANIA	US	41.67176	-72.94927
8948	CHESTER	PENNSYLVANIA	US	39.84753	-75.35785
8949	ERIE	PENNSYLVANIA	US	42.12922	-80.08506
8950	HARRISBURG	PENNSYLVANIA	US	40.27370	-76.88442
8951	INDIANA	PENNSYLVANIA	US	40.62146	-79.15253
19003	LANCASTER	PENNSYLVANIA	US	34.69804	-118.13674
8944	LEVITTOWN	PENNSYLVANIA	US	40.15511	-74.82877
8952	MCKEESPORT	PENNSYLVANIA	US	40.34785	-79.86422
8953	NEW CASTLE	PENNSYLVANIA	US	41.00367	-80.34701
8954	NORRISTOWN	PENNSYLVANIA	US	40.12150	-75.33990
8955	PHILADELPHIA	PENNSYLVANIA	US	39.95238	-75.16362
8956	PHOENIXVILLE	PENNSYLVANIA	US	40.13038	-75.51491
8957	PITTSBURGH	PENNSYLVANIA	US	40.44062	-79.99589
8958	POTTSTOWN	PENNSYLVANIA	US	40.24537	-75.64963
8959	READING	PENNSYLVANIA	US	40.33565	-75.92687
8960	STATE COLLEGE	PENNSYLVANIA	US	40.79339	-77.86000
8961	TAMAQUA	PENNSYLVANIA	US	40.79731	-75.96937
8962	UNIONTOWN	PENNSYLVANIA	US	39.90008	-79.71643
8963	PROVIDENCE	RHODE ISLAND	US	41.82399	-71.41283
18995	CLEMSON	SOUTH CAROLINA	US	34.68344	-82.83737
8964	COLUMBIA	SOUTH CAROLINA	US	34.00071	-81.03481
8965	PENDLETON	SOUTH CAROLINA	US	45.67207	-118.78860
8966	PIERRE	SOUTH DAKOTA	US	44.36832	-100.35097
8967	RAPID CITY	SOUTH DAKOTA	US	44.08054	-103.23101
8968	BRISTOL	TENNESSEE	US	41.67176	-72.94927
8969	CHATTANOOGA	TENNESSEE	US	35.04563	-85.30968
8970	KINGSPORT	TENNESSEE	US	36.54843	-82.56182
8971	KNOXVILLE	TENNESSEE	US	35.96064	-83.92074
8972	MEMPHIS	TENNESSEE	US	35.14953	-90.04898
8973	NASHVILLE	TENNESSEE	US	36.16589	-86.78444
8974	OAK RIDGE	TENNESSEE	US	36.01036	-84.26964
8975	AUSTIN	TEXAS	US	30.26715	-97.74306
8976	BAY CITY	TEXAS	US	43.59447	-83.88886
8977	BAYTOWN	TEXAS	US	29.73550	-94.97743
8978	BEAUMONT	TEXAS	US	30.08605	-94.10185
8979	COLLEGE STATION	TEXAS	US	30.62798	-96.33441
8980	CONROE	TEXAS	US	30.31188	-95.45605
8981	DALLAS	TEXAS	US	32.78306	-96.80667
8982	DENTON	TEXAS	US	33.21484	-97.13307
8983	EL PASO	TEXAS	US	31.75872	-106.48693
8984	FORT WORTH	TEXAS	US	32.72541	-97.32085
8985	GALVESTON	TEXAS	US	29.30135	-94.79770
8986	HOUSTON	TEXAS	US	29.76328	-95.36327
8987	LAREDO	TEXAS	US	27.50641	-99.50754
8988	LUBBOCK	TEXAS	US	33.57786	-101.85517
8989	PASADENA	TEXAS	US	29.69106	-95.20910
8990	ROSENBERG	TEXAS	US	29.55718	-95.80856
8991	SAN ANTONIO	TEXAS	US	29.42412	-98.49363
8992	TEXAS CITY	TEXAS	US	29.38385	-94.90270
8993	WICHITA FALLS	TEXAS	US	33.91371	-98.49339
8994	OGDEN	UTAH	US	41.22300	-111.97383
8995	ROY	UTAH	US	41.16161	-112.02633
8996	SALT LAKE CITY	UTAH	US	40.76078	-111.89105
8997	BENNINGTON	VERMONT	US	42.87813	-73.19677
8998	MONTPELIER	VERMONT	US	44.26006	-72.57539
18992	ALEXANDRIA	VIRGINIA	US	38.80484	-77.04692
9000	BLACKSBURG	VIRGINIA	US	37.22957	-80.41394
9001	BON AIR	VIRGINIA	US	37.52487	-77.55777
9002	CHARLOTTESVILLE	VIRGINIA	US	38.02931	-78.47668
9003	HAMPTON	VIRGINIA	US	37.02987	-76.34522
9004	HOPEWELL	VIRGINIA	US	37.30432	-77.28720
9005	LAKESIDE	VIRGINIA	US	30.12996	-81.76815
8999	NEWPORT NEWS	VIRGINIA	US	36.98038	-76.42975
9006	NORFOLK	VIRGINIA	US	36.84681	-76.28522
9007	PETERSBURG	VIRGINIA	US	37.22793	-77.40193
9008	PORTSMOUTH	VIRGINIA	US	36.83543	-76.29827
9009	RICHMOND	VIRGINIA	US	37.55376	-77.46026
9010	WILLIAMSBURG	VIRGINIA	US	40.71427	-73.95347
18942	KENT	WASHINGTON	US	47.38093	-122.23484
9011	OLYMPIA	WASHINGTON	US	47.04491	-122.90169
9012	SEATTLE	WASHINGTON	US	47.60621	-122.33207
9013	SPOKANE	WASHINGTON	US	47.65966	-117.42908
9014	CHARLESTON	WEST VIRGINIA	US	32.77632	-79.93275
9015	MORGANTOWN	WEST VIRGINIA	US	39.62953	-79.95590
9016	WEIRTON	WEST VIRGINIA	US	40.41896	-80.58952
9017	BENTON	WISCONSIN	US	34.56454	-92.58683
9018	KENOSHA	WISCONSIN	US	42.58474	-87.82119
9019	MADISON	WISCONSIN	US	43.07305	-89.40123
9020	MILWAUKEE	WISCONSIN	US	43.03890	-87.90647
9021	RACINE	WISCONSIN	US	42.72613	-87.78285
9022	RHINELANDER	WISCONSIN	US	45.63662	-89.41208
9023	SHEBOYGAN	WISCONSIN	US	43.75083	-87.71453
9024	STEVENS POINT	WISCONSIN	US	44.52358	-89.57456
9025	SUPERIOR	WISCONSIN	US	46.72077	-92.10408
9026	CHEYENNE	WYOMING	US	41.13998	-104.82025
9027	ROCK SPRINGS	WYOMING	US	41.58746	-109.20290
9957	FARAH	FARAH	AF	32.37451	62.11638
9960	GHAZNI	GHAZNI	AF	33.55391	68.42096
9971	HERAT	HERAT	AF	34.34817	62.19967
9973	KANDAHAR	KANDAHAR	AF	31.61332	65.71013
9961	KHANABAD	KHANABAD	AF	36.68304	69.11279
9964	LASHKAR GAH	LASHKAR GAH	AF	31.59382	64.37161
9970	ZARANJ	ZARANJ	AF	30.95962	61.86037
20032	AALEN	BADEN WURTTEMBERG	DE	48.83777	10.09330
10870	ACHERN	BADEN WURTTEMBERG	DE	48.63115	8.07607
10846	AIDLINGEN	BADEN WURTTEMBERG	DE	48.67849	8.89524
11086	ALBSTADT	BADEN WURTTEMBERG	DE	48.21644	9.02596
10045	ALLENSBACH	BADEN WURTTEMBERG	DE	47.71536	9.07145
10840	ALPIRSBACH	BADEN WURTTEMBERG	DE	48.34507	8.40197
10847	ALTHENGSTETT	BADEN WURTTEMBERG	DE	48.72325	8.79434
10050	BACKNANG	BADEN WURTTEMBERG	DE	48.94743	9.43718
10790	BAD DURRHEIM	BADEN WURTTEMBERG	DE	48.02093	8.53056
10791	BAD KROZINGEN	BADEN WURTTEMBERG	DE	47.91667	7.70000
10908	BAD SACKINGEN	BADEN WURTTEMBERG	DE	47.55371	7.94612
10053	BAD URACH	BADEN WURTTEMBERG	DE	48.49107	9.40009
10054	BAD WALDSEE	BADEN WURTTEMBERG	DE	47.92027	9.75490
10055	BAD WURZACH	BADEN WURTTEMBERG	DE	47.90799	9.89686
10913	BADEN-BADEN	BADEN WURTTEMBERG	DE	48.76060	8.23975
10828	BAIERSBRONN	BADEN WURTTEMBERG	DE	48.50318	8.37699
11120	BALINGEN	BADEN WURTTEMBERG	DE	48.27525	8.85464
10060	BIBERACH AN DER RISS	BADEN WURTTEMBERG	DE	48.09345	9.79053
10852	BIETIGHEIM-BISSINGEN	BADEN WURTTEMBERG	DE	48.94407	9.11755
10062	BLAUBEUREN	BADEN WURTTEMBERG	DE	48.41215	9.78427
10933	BLUMBERG	BADEN WURTTEMBERG	DE	47.84058	8.53329
10572	BOBLINGEN	BADEN WURTTEMBERG	DE	48.68212	9.01171
10939	BONNDORF	BADEN WURTTEMBERG	DE	47.81863	8.34139
10063	BOPFINGEN	BADEN WURTTEMBERG	DE	48.85847	10.35417
10943	BOTZINGEN	BADEN WURTTEMBERG	DE	48.07642	7.72485
10950	BRETTEN	BADEN WURTTEMBERG	DE	49.03685	8.70745
10953	BRUCHSAL	BADEN WURTTEMBERG	DE	49.12426	8.59804
10066	BUCHEN	BADEN WURTTEMBERG	DE	53.48008	10.61760
10959	BUGGINGEN	BADEN WURTTEMBERG	DE	47.84750	7.63799
18961	BUHL(BADEN-BADEN)	BADEN WURTTEMBERG	DE	48.69676	8.13523
10073	BURLADINGEN	BADEN WURTTEMBERG	DE	48.29111	9.11286
11111	CALW	BADEN WURTTEMBERG	DE	48.71419	8.74031
10076	CRAILSHEIM	BADEN WURTTEMBERG	DE	49.13444	10.07193
10971	DENZLINGEN	BADEN WURTTEMBERG	DE	48.06667	7.88333
10078	DETTINGEN AN DER ERMS	BADEN WURTTEMBERG	DE	48.53077	9.34458
10853	DETTINGEN UNTER TECK	BADEN WURTTEMBERG	DE	48.61667	9.45000
10079	DIETENHEIM	BADEN WURTTEMBERG	DE	48.21072	10.07163
10081	DITZINGEN	BADEN WURTTEMBERG	DE	48.82672	9.06703
10792	DONAUESCHINGEN	BADEN WURTTEMBERG	DE	47.95514	8.49707
10082	EBERBACH	BADEN WURTTEMBERG	DE	49.46680	8.99016
10854	EBERSBACH AN DER FILS	BADEN WURTTEMBERG	DE	48.71600	9.52360
10085	EHINGEN (DONAU)	BADEN WURTTEMBERG	DE	48.28259	9.72749
10849	EHNINGEN	BADEN WURTTEMBERG	DE	48.65882	8.94124
10855	EISLINGEN	BADEN WURTTEMBERG	DE	48.69515	9.70676
10087	ELLWANGEN	BADEN WURTTEMBERG	DE	48.96164	10.13173
10993	EMMENDINGEN	BADEN WURTTEMBERG	DE	48.12096	7.85359
10443	ENNETACH	BADEN WURTTEMBERG	DE	48.05238	9.32010
10088	EPPINGEN	BADEN WURTTEMBERG	DE	49.13645	8.91229
11121	ESSLINGEN	BADEN WURTTEMBERG	DE	48.73961	9.30473
9980	ETTLINGEN	BADEN WURTTEMBERG	DE	48.94094	8.40763
10093	FILDERSTADT	BADEN WURTTEMBERG	DE	48.65698	9.22049
10802	FORBACH	BADEN WURTTEMBERG	DE	48.68333	8.35000
11011	FREIBURG	BADEN WURTTEMBERG	DE	47.99590	7.85222
9985	FREUDENSTADT	BADEN WURTTEMBERG	DE	48.46695	8.41371
11046	FRIEDRICHSHAFEN	BADEN WURTTEMBERG	DE	47.65689	9.47554
9993	FURTWANGEN	BADEN WURTTEMBERG	DE	48.05156	8.20715
9994	GAGGENAU	BADEN WURTTEMBERG	DE	48.80000	8.33333
10099	GAILDORF	BADEN WURTTEMBERG	DE	49.00027	9.76953
10100	GAMMERTINGEN	BADEN WURTTEMBERG	DE	48.25240	9.22349
18989	GARTRINGEN	BADEN WURTTEMBERG	DE	48.64176	8.90073
10103	GEISLINGEN AN DER STEIGE	BADEN WURTTEMBERG	DE	48.62423	9.82736
10005	GENGENBACH	BADEN WURTTEMBERG	DE	48.40476	8.01433
10106	GIENGEN AN DER BRENZ	BADEN WURTTEMBERG	DE	48.62219	10.24312
10841	GOMARINGEN	BADEN WURTTEMBERG	DE	48.45349	9.09582
11044	GOPPINGEN	BADEN WURTTEMBERG	DE	48.70354	9.65209
10109	GOTTMADINGEN	BADEN WURTTEMBERG	DE	47.73511	8.77687
10018	GRABEN-NEUDORF	BADEN WURTTEMBERG	DE	49.16695	8.49243
16755	GREFFERN	BADEN WURTTEMBERG	DE	48.75205	8.00515
10111	GUNDELSHEIM	BADEN WURTTEMBERG	DE	49.28330	9.16037
10114	HAIGERLOCH	BADEN WURTTEMBERG	DE	48.36614	8.80357
10042	HASLACH	BADEN WURTTEMBERG	DE	48.56531	8.05658
10371	HECHINGEN	BADEN WURTTEMBERG	DE	48.35149	8.96317
11033	HEIDELBERG	BADEN WURTTEMBERG	DE	49.40768	8.69079
18951	HEIDENHEIM	BADEN WURTTEMBERG	DE	49.01719	10.74347
11051	HEILBRONN	BADEN WURTTEMBERG	DE	49.13995	9.22054
11103	HEMMINGEN	BADEN WURTTEMBERG	DE	52.31425	9.72359
11080	HERRENBERG	BADEN WURTTEMBERG	DE	48.59523	8.86648
10377	HEUBACH	BADEN WURTTEMBERG	DE	48.79267	9.93370
10132	HOCKENHEIM	BADEN WURTTEMBERG	DE	49.32334	8.55194
10383	HUFINGEN	BADEN WURTTEMBERG	DE	47.92543	8.48831
10388	ISNY	BADEN WURTTEMBERG	DE	47.69260	10.03857
11014	KARLSRUHE	BADEN WURTTEMBERG	DE	49.00937	8.40444
11123	KEHL	BADEN WURTTEMBERG	DE	48.57297	7.81523
10398	KONGEN	BADEN WURTTEMBERG	DE	48.68333	9.36667
11018	KONSTANZ	BADEN WURTTEMBERG	DE	47.66033	9.17582
10402	KORNWESTHEIM	BADEN WURTTEMBERG	DE	48.86158	9.18569
10842	KUSTERDINGEN	BADEN WURTTEMBERG	DE	48.52291	9.11977
10171	LADENBURG	BADEN WURTTEMBERG	DE	49.47307	8.60896
10173	LAHR	BADEN WURTTEMBERG	DE	48.34042	7.86886
10405	LAICHINGEN	BADEN WURTTEMBERG	DE	48.48939	9.68612
10408	LANGENARGEN	BADEN WURTTEMBERG	DE	47.59858	9.54163
10409	LANGENAU (ULM YAKINI)	BADEN WURTTEMBERG	DE	48.49616	10.11849
10419	LAUPHEIM	BADEN WURTTEMBERG	DE	48.22786	9.87874
10184	LEIMEN	BADEN WURTTEMBERG	DE	49.34737	8.68733
10848	LEINFELDEN-ECHTERDINGEN	BADEN WURTTEMBERG	DE	48.69406	9.16809
10422	LEONBERG	BADEN WURTTEMBERG	DE	48.80000	9.01667
10423	LEUTKIRCH	BADEN WURTTEMBERG	DE	47.82672	10.02050
10429	LONSEE	BADEN WURTTEMBERG	DE	48.54340	9.91999
10430	LORCH	BADEN WURTTEMBERG	DE	48.79833	9.69140
10191	LORRACH	BADEN WURTTEMBERG	DE	47.61497	7.66457
10829	LOSSBURG	BADEN WURTTEMBERG	DE	48.40000	8.45000
11048	LUDWIGSBURG	BADEN WURTTEMBERG	DE	48.89731	9.19161
10433	MAGSTADT	BADEN WURTTEMBERG	DE	48.74471	8.96675
11021	MANNHEIM	BADEN WURTTEMBERG	DE	49.48910	8.46694
18966	MARBACH AM NECKAR	BADEN WURTTEMBERG	DE	48.93964	9.25995
10434	MARKDORF	BADEN WURTTEMBERG	DE	47.71916	9.39028
11093	MAULBRONN	BADEN WURTTEMBERG	DE	48.99958	8.80337
10808	MECKENBEUREN	BADEN WURTTEMBERG	DE	47.70000	9.56667
10809	MENGEN	BADEN WURTTEMBERG	DE	48.04951	9.33005
10444	MESSKIRCH	BADEN WURTTEMBERG	DE	47.99457	9.11479
10445	METZINGEN	BADEN WURTTEMBERG	DE	48.53695	9.28330
10568	MOGLINGEN	BADEN WURTTEMBERG	DE	48.88741	9.12694
10452	MOSBACH	BADEN WURTTEMBERG	DE	49.35357	9.15106
10803	MUHLACKER	BADEN WURTTEMBERG	DE	48.94754	8.83675
11063	MULLHEIM	BADEN WURTTEMBERG	DE	47.80820	7.63035
10454	MUNDERKINGEN	BADEN WURTTEMBERG	DE	48.23568	9.64398
10455	MUNSINGEN	BADEN WURTTEMBERG	DE	48.41126	9.49704
10457	MURRHARDT	BADEN WURTTEMBERG	DE	48.98191	9.57047
11038	MUTLANGEN	BADEN WURTTEMBERG	DE	48.82588	9.79714
10458	NAGOLD	BADEN WURTTEMBERG	DE	48.54980	8.72366
18959	NECKARSULM	BADEN WURTTEMBERG	DE	49.18912	9.22527
10460	NERESHEIM	BADEN WURTTEMBERG	DE	48.75511	10.33041
10739	NEUDORF (Germersheim)	BADEN WURTTEMBERG	DE	51.60800	11.11474
10550	NURTINGEN	BADEN WURTTEMBERG	DE	48.62565	9.34203
10235	OBERDERDINGEN	BADEN WURTTEMBERG	DE	49.06556	8.80306
10830	OBERKIRCH (BW)	BADEN WURTTEMBERG	DE	48.53241	8.07864
10557	OFFENBURG	BADEN WURTTEMBERG	DE	48.47377	7.94495
10472	OHRINGEN	BADEN WURTTEMBERG	DE	49.19884	9.50720
10856	OSTFILDERN	BADEN WURTTEMBERG	DE	48.72704	9.24954
10804	OSTRINGEN	BADEN WURTTEMBERG	DE	49.21911	8.71192
11073	PFALZGRAFENWEILER	BADEN WURTTEMBERG	DE	48.52650	8.56582
11119	PFORZHEIM	BADEN WURTTEMBERG	DE	48.88436	8.69892
10477	PFULLENDORF	BADEN WURTTEMBERG	DE	47.92610	9.25780
10843	PFULLINGEN	BADEN WURTTEMBERG	DE	48.46458	9.22796
10249	PHILIPPSBURG	BADEN WURTTEMBERG	DE	49.23170	8.46074
10857	PLOCHINGEN	BADEN WURTTEMBERG	DE	48.71067	9.41949
10480	RADOLFZELL	BADEN WURTTEMBERG	DE	47.74194	8.97098
10255	RASTATT	BADEN WURTTEMBERG	DE	48.85851	8.20965
11045	RAVENSBURG	BADEN WURTTEMBERG	DE	47.78198	9.61062
10831	RENCHEN	BADEN WURTTEMBERG	DE	48.58850	8.01321
18950	RENNINGEN	BADEN WURTTEMBERG	DE	48.76974	8.93871
11042	REUTLINGEN	BADEN WURTTEMBERG	DE	48.49144	9.20427
11072	ROTTENBURG	BADEN WURTTEMBERG	DE	48.47629	8.93528
11053	ROTTWEIL	BADEN WURTTEMBERG	DE	48.16783	8.62719
10488	SACHSENHEIM	BADEN WURTTEMBERG	DE	48.96000	9.06472
10810	SALEM	BADEN WURTTEMBERG	DE	47.76258	9.29031
10579	SCHOMBERG	BADEN WURTTEMBERG	DE	48.78713	8.64495
10277	SCHOPFHEIM	BADEN WURTTEMBERG	DE	47.65105	7.82089
10495	SCHORNDORF	BADEN WURTTEMBERG	DE	48.80537	9.52721
16759	SCHRAMBERG	BADEN WURTTEMBERG	DE	48.22399	8.38583
10816	SCHRIESHEIM	BADEN WURTTEMBERG	DE	49.47372	8.66360
10832	SCHUTTERWALD	BADEN WURTTEMBERG	DE	48.45000	7.88333
11049	SCHWABISCH GMUND	BADEN WURTTEMBERG	DE	48.79947	9.79809
11050	SCHWABISCH HALL	BADEN WURTTEMBERG	DE	49.11127	9.73908
10283	SCHWETZINGEN	BADEN WURTTEMBERG	DE	49.38217	8.58230
11047	SIGMARINGEN	BADEN WURTTEMBERG	DE	48.08829	9.23033
10558	SINDELFINGEN	BADEN WURTTEMBERG	DE	48.70000	9.01667
10868	SINGEN	BADEN WURTTEMBERG	DE	47.75935	8.84030
10503	SINSHEIM	BADEN WURTTEMBERG	DE	49.25290	8.87867
19015	SONTHEIM	BADEN WURTTEMBERG	DE	48.00704	10.35461
10504	SONTHEIM AN DER BRENZ	BADEN WURTTEMBERG	DE	48.55235	10.29097
10505	SPAICHINGEN	BADEN WURTTEMBERG	DE	48.07477	8.73508
10811	STOCKACH (Konstanz)	BADEN WURTTEMBERG	DE	47.85105	9.00910
11027	STUTTGART	BADEN WURTTEMBERG	DE	48.78232	9.17702
18962	SULZ AM NECKAR	BADEN WURTTEMBERG	DE	48.36241	8.63309
10510	SUSSEN	BADEN WURTTEMBERG	DE	48.67934	9.75534
10864	TAUBERBISCHOFSHEIM	BADEN WURTTEMBERG	DE	49.62472	9.66278
10812	TETTNANG	BADEN WURTTEMBERG	DE	47.66857	9.59132
10793	TITISEE-NEUSTADT	BADEN WURTTEMBERG	DE	47.92104	8.19063
18954	TRIBERG	BADEN WURTTEMBERG	DE	48.13175	8.23317
10313	TROSSINGEN	BADEN WURTTEMBERG	DE	48.07667	8.64409
11043	TUBINGEN	BADEN WURTTEMBERG	DE	48.52266	9.05222
11083	TUTTLINGEN	BADEN WURTTEMBERG	DE	47.98464	8.81770
10563	UBERLINGEN	BADEN WURTTEMBERG	DE	47.76977	9.17136
10515	UHINGEN	BADEN WURTTEMBERG	DE	48.70475	9.58570
11028	ULM	BADEN WURTTEMBERG	DE	48.39841	9.99155
10844	UNTERHAUSEN (BW)	BADEN WURTTEMBERG	DE	48.42980	9.25504
10516	URBACH	BADEN WURTTEMBERG	DE	48.81680	9.57690
10517	VAIHINGEN AN DER ENZ	BADEN WURTTEMBERG	DE	48.93563	8.96045
10331	WAGHAUSEL (WIESS.)	BADEN WURTTEMBERG	DE	49.24991	8.51257
11041	WAIBLINGEN	BADEN WURTTEMBERG	DE	48.83241	9.31641
10522	WALDENBUCH	BADEN WURTTEMBERG	DE	48.63830	9.13256
10794	WALDKIRCH (Freiburg)	BADEN WURTTEMBERG	DE	48.09585	7.96371
11082	WALDSHUT-TIENGEN	BADEN WURTTEMBERG	DE	47.62323	8.21717
10333	WALLDORF	BADEN WURTTEMBERG	DE	49.30637	8.64236
10865	WALLDURN	BADEN WURTTEMBERG	DE	49.58358	9.36642
10528	WEHINGEN	BADEN WURTTEMBERG	DE	48.14533	8.79151
10341	WEIL AM RHEIN	BADEN WURTTEMBERG	DE	47.59331	7.62082
16760	WEIL DER STADT	BADEN WURTTEMBERG	DE	48.74953	8.87176
16761	WEINGARTEN	BADEN WURTTEMBERG	DE	47.81009	9.63863
10532	WEINHEIM	BADEN WURTTEMBERG	DE	49.54887	8.66697
10534	WELZHEIM	BADEN WURTTEMBERG	DE	48.87675	9.63434
16762	WENDLINGEN AM NECKAR	BADEN WURTTEMBERG	DE	48.67124	9.37632
10535	WERNAU	BADEN WURTTEMBERG	DE	48.69306	9.41533
10536	WERTHEIM	BADEN WURTTEMBERG	DE	49.75900	9.50852
10354	WIESLOCH	BADEN WURTTEMBERG	DE	49.29504	8.69846
10851	WILDBERG	BADEN WURTTEMBERG	DE	48.62336	8.74518
10833	WILLSTATT	BADEN WURTTEMBERG	DE	48.54071	7.89314
10539	WINNENDEN	BADEN WURTTEMBERG	DE	48.87563	9.39819
10570	WINTERLINGEN	BADEN WURTTEMBERG	DE	48.18333	9.11667
18949	AICHACH	BAYERN	DE	48.45755	11.13413
10883	ALLERSBERG	BAYERN	DE	49.25132	11.23659
10890	AMBERG	BAYERN	DE	49.44287	11.86267
11106	ANSBACH	BAYERN	DE	49.30481	10.59310
10048	ARNSTORF	BAYERN	DE	48.55840	12.81674
16740	ASBACH(LANZING)	BAYERN	DE	50.66667	7.41667
16741	ASBACH-BAUMENHEIM	BAYERN	DE	48.68333	10.81667
10894	ASCHAFFENBURG	BAYERN	DE	49.97704	9.15214
11036	AUGSBURG	BAYERN	DE	48.37154	10.89851
10885	BAAR-EBENHAUSEN	BAYERN	DE	48.67065	11.46983
10825	BAD WINDSHEIM	BAYERN	DE	49.50274	10.41539
10902	BADENDORF	BAYERN	DE	53.86773	10.57717
11067	BAMBERG	BAYERN	DE	49.89873	10.90067
10584	BAYREUTH	BAYERN	DE	49.94782	11.57893
11039	BOBINGEN	BAYERN	DE	48.27091	10.83390
10065	BRUCKMUHL	BAYERN	DE	47.87859	11.91098
10067	BUCHLOE	BAYERN	DE	48.03719	10.72548
10068	BURGAU	BAYERN	DE	48.43159	10.40989
10070	BURGHAUSEN	BAYERN	DE	48.16925	12.83139
10071	BURGKIRCHEN AN DER ALZ	BAYERN	DE	48.16753	12.73250
10072	BURGLENGENFELD	BAYERN	DE	49.20379	12.04452
10075	COBURG	BAYERN	DE	50.25937	10.96384
10967	DACHAU	BAYERN	DE	48.26000	11.43402
10077	DEGGENDORF	BAYERN	DE	48.84085	12.96068
10859	DILLINGEN AN DER DONAU	BAYERN	DE	48.58153	10.49527
10080	DINGOLFING	BAYERN	DE	48.64244	12.49283
11115	DONAUWORTH	BAYERN	DE	48.71804	10.77930
10817	DORFEN (Munih)	BAYERN	DE	48.27037	12.16056
10086	EICHSTATT	BAYERN	DE	48.88854	11.19675
10881	ELSENFELD	BAYERN	DE	49.84289	9.16355
10818	ERDING	BAYERN	DE	48.30603	11.90686
10834	ERGOLDSBACH	BAYERN	DE	48.69263	12.20442
10561	ERLANGEN	BAYERN	DE	49.59099	11.00783
10089	ERLENBACH AM MAIN	BAYERN	DE	49.80341	9.16311
10814	ESSENBACH (Landshut)	BAYERN	DE	48.61332	12.21833
10096	FREISING	BAYERN	DE	48.40351	11.74876
9986	FREYSTADT	BAYERN	DE	49.20007	11.33032
9987	FRIEDBERG (BAVARIA)	BAYERN	DE	48.35693	10.98461
10819	FURSTENFELDBRUCK	BAYERN	DE	48.17904	11.25470
11081	FURTH	BAYERN	DE	49.47593	10.98856
10098	FUSSEN	BAYERN	DE	47.57143	10.70171
9996	GARCHING	BAYERN	DE	48.24896	11.65101
10820	GAUTING	BAYERN	DE	48.06919	11.37703
9998	GEISENFELD	BAYERN	DE	48.68426	11.61233
10009	GERMERING	BAYERN	DE	48.13392	11.37650
10105	GERSTHOFEN	BAYERN	DE	48.42432	10.87273
10013	GILCHING	BAYERN	DE	48.10755	11.29360
10782	GOLDBACH (Aschafenburg)	BAYERN	DE	49.99951	9.18440
10821	GRUNWALD	BAYERN	DE	48.03947	11.52320
10112	GUNZBURG	BAYERN	DE	48.45599	10.27695
10113	GUNZENHAUSEN	BAYERN	DE	49.11663	10.75971
10822	HAAR (Munih)	BAYERN	DE	48.10881	11.72653
10783	HAIBACH (Aschafenburg)	BAYERN	DE	49.96444	9.20722
10120	HELMBRECHTS	BAYERN	DE	50.23557	11.71589
10373	HERSBRUCK	BAYERN	DE	49.51083	11.43151
10375	HERZOGENAURACH	BAYERN	DE	49.56798	10.88565
11085	HOF	BAYERN	DE	50.31297	11.91261
10381	HORGAU	BAYERN	DE	48.39507	10.68283
10784	HOSBACH	BAYERN	DE	50.00646	9.20765
10384	ICHENHAUSEN	BAYERN	DE	48.37119	10.30706
10385	ILLERTISSEN	BAYERN	DE	48.22336	10.10347
11108	INGOLSTADT	BAYERN	DE	48.76508	11.42372
10390	KARLSTADT	BAYERN	DE	49.96034	9.77239
10392	KAUFBEUREN	BAYERN	DE	47.88238	10.62192
10158	KELHEIM	BAYERN	DE	48.91725	11.88618
16752	KIRCHSEEON	BAYERN	DE	48.07143	11.88875
10396	KITZINGEN	BAYERN	DE	49.73973	10.15072
10397	KOLBERMOOR	BAYERN	DE	47.84965	12.06696
10399	KONIGSBRUNN	BAYERN	DE	48.27506	10.89178
11071	KRUMBACH	BAYERN	DE	48.24182	10.36320
10404	KULMBACH	BAYERN	DE	50.10068	11.45032
10866	LANDAU AN DER ISAR	BAYERN	DE	48.67249	12.69316
10406	LANDSBERG AM LECH	BAYERN	DE	48.04819	10.88282
10407	LANDSHUT	BAYERN	DE	48.52961	12.16179
10788	LANGWEID	BAYERN	DE	48.49095	10.85310
10411	LAPPERSDORF	BAYERN	DE	49.04694	12.09130
10417	LAUFACH	BAYERN	DE	50.01667	9.30000
10418	LAUINGEN	BAYERN	DE	48.56775	10.42706
16757	LEIPHEIM	BAYERN	DE	48.45004	10.22278
10424	LICHTENFELS	BAYERN	DE	50.14567	11.05928
10582	LINDAU (BAVARIA)	BAYERN	DE	47.54612	9.68431
10198	MAINBURG	BAYERN	DE	48.64182	11.78093
10435	MARKT ERLBACH	BAYERN	DE	49.49367	10.65265
10436	MARKT SCHWABEN	BAYERN	DE	48.18949	11.86910
10437	MARKTHEIDENFELD	BAYERN	DE	49.84540	9.60359
10438	MARKTOBERDORF	BAYERN	DE	47.77964	10.61713
10439	MARKTREDWITZ	BAYERN	DE	50.00443	12.08593
10442	MEMMINGEN	BAYERN	DE	47.98372	10.18527
10447	MIESBACH	BAYERN	DE	47.78903	11.83382
10448	MILTENBERG	BAYERN	DE	49.70452	9.26725
10449	MINDELHEIM	BAYERN	DE	48.04578	10.49222
10785	MOMBRIS	BAYERN	DE	50.06921	9.16371
10862	MOMLINGEN	BAYERN	DE	49.85972	9.08333
10451	MOOSBURG	BAYERN	DE	48.47089	11.93811
10216	MUNCHBERG	BAYERN	DE	50.18952	11.78823
11022	MUNCHEN	BAYERN	DE	48.13743	11.57549
10798	NAILA	BAYERN	DE	50.33034	11.70463
10461	NERSINGEN	BAYERN	DE	48.42829	10.12356
10559	NEU ULM	BAYERN	DE	48.39279	10.01112
10562	NEUBURG AN DER DONAU	BAYERN	DE	48.73218	11.18709
10465	NEUTRAUBLING	BAYERN	DE	48.98737	12.20100
10467	NORDLINGEN	BAYERN	DE	48.85122	10.48868
11024	NURNBERG	BAYERN	DE	49.45421	11.07752
10470	OBERASBACH	BAYERN	DE	49.42275	10.95766
10799	OBERKOTZAU	BAYERN	DE	50.26236	11.93484
10863	OCHSENFURT	BAYERN	DE	49.66429	10.06227
10241	OLCHING	BAYERN	DE	48.20000	11.33333
10552	ORTENBURG	BAYERN	DE	48.54597	13.22250
10246	PARSBERG	BAYERN	DE	49.16074	11.71834
11034	PASSAU	BAYERN	DE	48.56650	13.43122
10826	PEGNITZ	BAYERN	DE	49.75216	11.54187
10815	PFARRKIRCHEN	BAYERN	DE	48.43205	12.93812
10836	PLATTLING	BAYERN	DE	48.77866	12.87509
11025	REGENSBURG	BAYERN	DE	49.01513	12.10161
10837	REGENSTAUF	BAYERN	DE	49.12014	12.13027
10484	REHAU	BAYERN	DE	50.24921	12.03422
10838	RODING	BAYERN	DE	49.19426	12.51956
10486	ROSENHEIM	BAYERN	DE	47.85637	12.12247
10270	ROTH	BAYERN	DE	49.24762	11.09111
10492	SCHIRNDING	BAYERN	DE	50.08205	12.22742
10494	SCHONGAU	BAYERN	DE	47.81240	10.89664
10278	SCHROBENHAUSEN	BAYERN	DE	48.56067	11.26071
10496	SCHWABACH	BAYERN	DE	49.33047	11.02346
11107	SCHWEINFURT	BAYERN	DE	50.04937	10.22175
10501	SELB	BAYERN	DE	50.17058	12.13054
10284	SELBITZ	BAYERN	DE	50.31702	11.75019
10502	SENDEN(Bavaria)	BAYERN	DE	48.32441	10.04442
10585	SIMBACH AM INN	BAYERN	DE	48.26548	13.02309
10507	STADTPROZELTEN	BAYERN	DE	49.78466	9.41184
10824	STARNBERG	BAYERN	DE	48.00193	11.34416
10786	STOCKSTADT AM MAIN	BAYERN	DE	49.97005	9.07153
10508	STRAUBING	BAYERN	DE	48.88126	12.57385
10511	TETTAU	BAYERN	DE	50.46979	11.25888
10512	TROSTBERG AN DER ALZ	BAYERN	DE	48.02802	12.55804
10513	TURKHEIM	BAYERN	DE	48.06401	10.64156
10319	UNTERSCHLEISSHEIM	BAYERN	DE	48.28038	11.57684
10518	VILSBIBURG	BAYERN	DE	48.45296	12.35604
10519	VOHRINGEN	BAYERN	DE	48.27839	10.08236
10523	WALDKRAIBURG	BAYERN	DE	48.20854	12.39893
10524	WALLERSDORF	BAYERN	DE	48.73767	12.74744
10529	WEIDEN	BAYERN	DE	49.67682	12.15613
10530	WEILHEIM	BAYERN	DE	47.84147	11.15484
10533	WEISSENHORN	BAYERN	DE	48.30501	10.16047
10548	WEMDING	BAYERN	DE	48.87461	10.72452
10345	WENDELSTEIN	BAYERN	DE	49.35230	11.15069
10537	WERTINGEN	BAYERN	DE	48.56314	10.68149
11029	WURZBURG	BAYERN	DE	49.79391	9.95121
10546	ZIRNDORF	BAYERN	DE	49.44240	10.95414
11002	BERLIN	BERLIN	DE	52.52437	13.41053
10058	BEELITZ	BRANDENBURG	DE	52.23812	12.97140
10640	BEESKOW	BRANDENBURG	DE	52.17291	14.24597
10059	BERNAU	BRANDENBURG	DE	47.80018	8.03830
10605	COTTBUS	BRANDENBURG	DE	51.75769	14.32888
10083	EBERSWALDE	BRANDENBURG	DE	52.83492	13.81951
10641	EISENHUTTENSTADT	BRANDENBURG	DE	52.15000	14.65000
10607	FINSTERWALDE	BRANDENBURG	DE	51.63388	13.70662
10608	FORST (COTTBUS)	BRANDENBURG	DE	51.73544	14.63971
10639	FRANKFURT / ODER	BRANDENBURG	DE	52.34714	14.55062
10097	FURSTENWALDE	BRANDENBURG	DE	52.36067	14.06185
10609	GUBEN	BRANDENBURG	DE	51.94993	14.70550
10133	HOFGEISMAR	BRANDENBURG	DE	51.49607	9.38500
10403	KREMMEN	BRANDENBURG	DE	52.76216	13.02515
10412	LAUCHHAMMER	BRANDENBURG	DE	51.48813	13.76623
10432	LUCKENWALDE	BRANDENBURG	DE	52.09029	13.16772
10459	NAUEN	BRANDENBURG	DE	52.60701	12.87374
10473	ORANIENBURG	BRANDENBURG	DE	52.74800	13.25194
10642	SEELOW	BRANDENBURG	DE	52.53392	14.38128
10612	SPREMBERG	BRANDENBURG	DE	51.56960	14.37385
10509	STRAUSBERG	BRANDENBURG	DE	52.57859	13.88741
10613	VETSCHAU	BRANDENBURG	DE	51.78638	14.07941
10541	WITTENBERGE	BRANDENBURG	DE	53.00005	11.74944
11005	BREMEN	BREMEN	DE	53.07582	8.80717
11116	BREMERHAVEN	BREMEN	DE	53.55357	8.57553
10115	BERGEDORF	HAMBURG	DE	53.48462	10.22904
10116	BILLSTEDT	HAMBURG	DE	53.55000	10.13333
10031	FINKENWERDER	HAMBURG	DE	53.53274	9.86271
11012	HAMBURG	HAMBURG	DE	53.55073	9.99302
10032	HARBURG	HAMBURG	DE	53.46057	9.98388
10034	WILHELMSBURG	HAMBURG	DE	53.49283	10.01372
10044	ALSFELD	HESSEN	DE	50.75185	9.27082
10717	AUERBACH (H)	HESSEN	DE	50.51155	12.40083
10900	BAD CAMBERG	HESSEN	DE	50.29695	8.26896
10576	BAD HERSFELD	HESSEN	DE	50.87197	9.70891
10907	BAD NAUHEIM	HESSEN	DE	50.36463	8.73859
10910	BAD SCHWALBACH	HESSEN	DE	50.14196	8.06964
10911	BAD VILBEL	HESSEN	DE	50.17866	8.73756
10912	BAD WILDUNGEN	HESSEN	DE	51.11963	9.12475
10746	BAUNATAL	HESSEN	DE	51.25182	9.40747
10057	BEBRA	HESSEN	DE	50.97445	9.79562
10917	BEERFELDEN	HESSEN	DE	49.56858	8.97444
10919	BENSHEIM	HESSEN	DE	49.68369	8.61839
10928	BIEDENKOPF	HESSEN	DE	50.91125	8.53016
10930	BISCHOFSHEIM	HESSEN	DE	49.99389	8.36722
10940	BORKEN (HESSEN)	HESSEN	DE	51.84382	6.85774
10947	BREIDENBACH	HESSEN	DE	50.88734	8.45748
10732	BRUCHKÖBEL	HESSEN	DE	50.17853	8.92315
10958	BUDINGEN	HESSEN	DE	50.29013	9.11140
10554	BURSTADT	HESSEN	DE	49.64266	8.45936
10718	BUTTELBORN	HESSEN	DE	49.90333	8.52333
10963	BUTZBACH	HESSEN	DE	50.43395	8.67122
11079	DARMSTADT	HESSEN	DE	49.87167	8.65027
10972	DIEBURG	HESSEN	DE	49.89738	8.84613
10973	DIETZENBACH	HESSEN	DE	50.00976	8.77783
10974	DILLENBURG	HESSEN	DE	50.74114	8.28699
18963	DREIEICH	HESSEN	DE	50.01997	8.69611
10780	DUDENHOFEN	HESSEN	DE	49.31861	8.38861
10986	EHRINGSHAUSEN	HESSEN	DE	50.60000	8.38333
10765	ELTVILLE	HESSEN	DE	50.02858	8.11754
10781	EPPERTSHAUSEN	HESSEN	DE	49.95056	8.85389
10996	ERBACH	HESSEN	DE	49.66148	8.99402
11000	ESCHBORN	HESSEN	DE	50.14328	8.57111
10092	FELSBERG	HESSEN	DE	51.13763	9.42139
10766	FLORSHEIM	HESSEN	DE	50.01311	8.42779
11010	FRANKFURT	HESSEN	DE	50.11552	8.68417
9988	FRIEDBERG (HESSEN)	HESSEN	DE	48.35693	10.98461
11030	FULDA	HESSEN	DE	50.55162	9.67518
10104	GELNHAUSEN	HESSEN	DE	50.20164	9.18742
11032	GIESSEN	HESSEN	DE	50.58727	8.67554
10015	GLADENBACH	HESSEN	DE	50.76847	8.58085
10719	GRIESHEIM (H)	HESSEN	DE	49.86085	8.57250
10022	GROSS-GERAU	HESSEN	DE	49.92139	8.48255
10720	GROSS-UMSTADT	HESSEN	DE	49.86899	8.93210
10721	GROSS-ZIMMERN	HESSEN	DE	49.87410	8.82898
10751	HADAMAR	HESSEN	DE	50.44593	8.04253
10029	HAIGER	HESSEN	DE	50.74162	8.20778
10123	HERBORN	HESSEN	DE	50.68135	8.30369
10376	HESSISCH LICHTENAU	HESSEN	DE	51.19954	9.71857
10130	HIRSCHHORN (HESSEN)	HESSEN	DE	49.44566	8.89594
10131	HOCHHEIM AM MAIN	HESSEN	DE	50.01436	8.35218
10378	HOCHST IM ODENWALD	HESSEN	DE	49.79972	8.99944
10142	HUNGEN	HESSEN	DE	50.47368	8.89326
10147	IDSTEIN	HESSEN	DE	50.21773	8.26679
10156	KARBEN	HESSEN	DE	50.23019	8.77155
11015	KASSEL	HESSEN	DE	51.31667	9.50000
10733	KELKHEIM	HESSEN	DE	50.13703	8.45020
10159	KELSTERBACH	HESSEN	DE	50.06135	8.52916
10163	KIRCHHAIN	HESSEN	DE	50.82720	8.92806
10167	KORBACH	HESSEN	DE	51.27561	8.87300
10174	LAMPERTHEIM	HESSEN	DE	49.59786	8.47250
10177	LANGEN	HESSEN	DE	49.98955	8.66852
10734	LANGENSELBOLD	HESSEN	DE	50.17657	9.04003
10574	LAUBACH (HESSEN)	HESSEN	DE	50.54196	8.99034
10420	LAUTERBACH	HESSEN	DE	50.63558	9.39777
10185	LIMBURG AN DER LAHN	HESSEN	DE	50.38360	8.05030
10747	LOHFELDEN	HESSEN	DE	51.26667	9.53333
10571	LOLLAR	HESSEN	DE	50.64652	8.70495
10578	MARBURG AN DER LAHN	HESSEN	DE	50.80904	8.77069
10441	MELSUNGEN	HESSEN	DE	51.13029	9.55236
10446	MICHELSTADT	HESSEN	DE	49.67569	9.00373
10214	MORFELDEN - WALLDORF	HESSEN	DE	49.99472	8.58361
10221	NEU-ISENBURG	HESSEN	DE	50.04832	8.69406
10230	NIDDA	HESSEN	DE	50.41330	9.00638
10236	OBERTSHAUSEN	HESSEN	DE	50.07139	8.85123
10237	OBERURSEL	HESSEN	DE	50.20731	8.57747
10569	OFFENBACH	HESSEN	DE	50.10061	8.76647
10248	PFUNGSTADT	HESSEN	DE	49.80557	8.60307
10769	RAUNHEIM	HESSEN	DE	50.01320	8.45253
10722	REINHEIM (H)	HESSEN	DE	49.82923	8.83572
10493	SCHLUCHTERN	HESSEN	DE	50.34891	9.52532
10771	SONTRA	HESSEN	DE	51.07171	9.93558
10300	STADTALLENDORF	HESSEN	DE	50.82261	9.01294
10320	USINGEN	HESSEN	DE	50.33554	8.53688
10325	VIERNHEIM	HESSEN	DE	49.54033	8.57820
10521	WACHTERSBACH	HESSEN	DE	50.25511	9.29564
10342	WEILBURG	HESSEN	DE	50.48438	8.26249
10723	WEITERSTADT	HESSEN	DE	49.90390	8.58874
11124	WETZLAR	HESSEN	DE	50.56109	8.50495
11056	WIESBADEN	HESSEN	DE	50.08601	8.24435
10542	WITZENHAUSEN	HESSEN	DE	51.34103	9.85540
10362	WOLFHAGEN	HESSEN	DE	51.32611	9.17015
10652	BOIZENBURG	MECKLENBURG-VORPOMMERN	DE	53.38081	10.73758
10684	GREVESMUHLEN	MECKLENBURG-VORPOMMERN	DE	53.86128	11.19054
16795	LUDWIGSLUST	MECKLENBURG-VORPOMMERN	DE	53.32451	11.49714
17936	PARCHIM	MECKLENBURG-VORPOMMERN	DE	53.42631	11.84875
10551	ROSTOCK	MECKLENBURG-VORPOMMERN	DE	54.08870	12.14049
10687	WISMAR	MECKLENBURG-VORPOMMERN	DE	53.89218	11.45563
18957	ACHIM	NIEDERSACHSEN	DE	53.01416	9.02630
10643	ADELEBSEN	NIEDERSACHSEN	DE	51.58272	9.75461
10871	ANKUM	NIEDERSACHSEN	DE	52.54153	7.87478
10702	BAD BENTHEIM	NIEDERSACHSEN	DE	52.30066	7.15763
10903	BAD ESSEN	NIEDERSACHSEN	DE	52.31667	8.33333
10711	BAD PYRMONT	NIEDERSACHSEN	DE	51.98589	9.25246
10701	BAD ZWISCHENAHN	NIEDERSACHSEN	DE	53.18475	8.00286
10659	BARSINGHAUSEN	NIEDERSACHSEN	DE	52.30000	9.45000
10589	BASSUM	NIEDERSACHSEN	DE	52.85059	8.72791
10948	BLUMENTHAL	NIEDERSACHSEN	DE	54.23333	10.00000
10936	BOFFZEN	NIEDERSACHSEN	DE	51.75065	9.39824
10937	BOHMTE	NIEDERSACHSEN	DE	52.36667	8.31667
10644	BOVENDEN	NIEDERSACHSEN	DE	51.58836	9.92220
10946	BRAMSCHE	NIEDERSACHSEN	DE	52.40839	7.98327
16754	BRAUNSCHWEIG	NIEDERSACHSEN	DE	52.26594	10.52673
10956	BUCKEBURG	NIEDERSACHSEN	DE	52.26065	9.04939
10069	BURGDORF	NIEDERSACHSEN	DE	52.44628	10.00640
10653	BUXTEHUDE	NIEDERSACHSEN	DE	53.46994	9.68968
10074	CELLE	NIEDERSACHSEN	DE	52.62264	10.08047
17931	CLAUSTHAL-ZELLERFELD	NIEDERSACHSEN	DE	51.80949	10.33821
11129	CUXHAVEN	NIEDERSACHSEN	DE	53.86828	8.69902
10703	DAMME	NIEDERSACHSEN	DE	52.52148	8.19766
10970	DELMENHORST	NIEDERSACHSEN	DE	53.05110	8.63091
10976	DISSEN	NIEDERSACHSEN	DE	52.11591	8.19956
10645	DUDERSTADT	NIEDERSACHSEN	DE	51.51312	10.25951
10991	EMDEN	NIEDERSACHSEN	DE	53.36592	7.20846
10591	GANDERKESEE	NIEDERSACHSEN	DE	53.03616	8.54514
9995	GARBSEN	NIEDERSACHSEN	DE	52.41371	9.58990
10592	GARREL	NIEDERSACHSEN	DE	52.95483	8.02635
10007	GEORGSMARIENHUTTE	NIEDERSACHSEN	DE	52.20296	8.04480
10101	GIFHORN	NIEDERSACHSEN	DE	52.47774	10.55110
10108	GOSLAR	NIEDERSACHSEN	DE	51.90425	10.42766
11105	GOTTINGEN	NIEDERSACHSEN	DE	51.53443	9.93228
10035	HAMELN	NIEDERSACHSEN	DE	52.10397	9.35623
11013	HANNOVER	NIEDERSACHSEN	DE	52.37052	9.73322
17843	HANNOVERSCH MUNDEN	NIEDERSACHSEN	DE	51.41505	9.65046
10646	HARDEGSEN	NIEDERSACHSEN	DE	51.65227	9.83050
10372	HELMSTEDT	NIEDERSACHSEN	DE	52.22790	11.00985
10374	HERZBERG AM HARZ	NIEDERSACHSEN	DE	51.65546	10.33938
10128	HESSISCH OLDENDORF	NIEDERSACHSEN	DE	52.17269	9.24913
11054	HILDESHEIM	NIEDERSACHSEN	DE	52.15077	9.95112
10380	HOLZMINDEN	NIEDERSACHSEN	DE	51.82798	9.44550
10033	KIRCHDORF	NIEDERSACHSEN	DE	48.07667	10.12629
10401	LAATZEN	NIEDERSACHSEN	DE	52.31506	9.79739
10410	LANGENHAGEN	NIEDERSACHSEN	DE	52.44758	9.73741
10421	LEHRTE	NIEDERSACHSEN	DE	52.37193	9.97919
10180	LEMWERDER	NIEDERSACHSEN	DE	53.16281	8.61495
10649	LINDAU (LS)	NIEDERSACHSEN	DE	47.54612	9.68431
10190	LOHNE	NIEDERSACHSEN	DE	52.18848	8.69220
11101	LUNEBURG	NIEDERSACHSEN	DE	53.25122	10.41548
10204	MELLE	NIEDERSACHSEN	DE	52.20197	8.33826
10650	MORINGEN	NIEDERSACHSEN	DE	51.69915	9.87107
10232	NIENBURG (WESER)	NIEDERSACHSEN	DE	52.64437	9.21658
17802	NORDEN	NIEDERSACHSEN	DE	53.59549	7.20615
10234	NORDENHAM	NIEDERSACHSEN	DE	53.50098	8.48965
10577	NORDHORN	NIEDERSACHSEN	DE	52.43081	7.06833
10468	NORTHEIM	NIEDERSACHSEN	DE	51.70662	9.99997
10555	OLDENBURG	NIEDERSACHSEN	DE	53.14039	8.21479
11055	OSNABRUCK	NIEDERSACHSEN	DE	52.27264	8.04980
10243	OSTERHOLZ-SCHARMBECK	NIEDERSACHSEN	DE	53.22659	8.79230
10474	OSTERODE AM HARZ	NIEDERSACHSEN	DE	51.72686	10.25089
10244	OTTERSBERG	NIEDERSACHSEN	DE	53.10901	9.14648
10593	OYTEN	NIEDERSACHSEN	DE	53.05498	9.01995
10566	PAPENBURG	NIEDERSACHSEN	DE	53.07769	7.41516
10476	PEINE	NIEDERSACHSEN	DE	52.31928	10.23520
10594	RASTEDE	NIEDERSACHSEN	DE	53.24508	8.19718
10257	REHBURG-LOCCUM	NIEDERSACHSEN	DE	52.46952	9.19957
17930	RETHEM	NIEDERSACHSEN	DE	52.78501	9.37871
10266	RINTELN	NIEDERSACHSEN	DE	52.18604	9.07917
10664	RONNENBERG (LS)	NIEDERSACHSEN	DE	52.31939	9.65544
10651	ROSDORF	NIEDERSACHSEN	DE	49.85972	8.76167
10269	ROTENBURG	NIEDERSACHSEN	DE	53.11032	9.40360
11078	SALZGITTER	NIEDERSACHSEN	DE	52.15705	10.41540
10489	SALZGITTER BAD	NIEDERSACHSEN	DE	52.15705	10.41540
10273	SARSTEDT	NIEDERSACHSEN	DE	52.23495	9.85411
10279	SCHUTTORF	NIEDERSACHSEN	DE	52.32281	7.22176
10666	SEELZE	NIEDERSACHSEN	DE	52.39635	9.59727
10500	SEESEN	NIEDERSACHSEN	DE	51.89095	10.17847
10655	SEEVETAL	NIEDERSACHSEN	DE	53.40000	9.96667
10665	SEHNDE	NIEDERSACHSEN	DE	52.31394	9.96820
10292	SOLTAU	NIEDERSACHSEN	DE	52.98537	9.83983
10667	SPRINGE	NIEDERSACHSEN	DE	52.20845	9.55416
10301	STADTHAGEN	NIEDERSACHSEN	DE	52.32333	9.20311
10506	STADTOLDENDORF	NIEDERSACHSEN	DE	51.88242	9.62650
10595	STUHR	NIEDERSACHSEN	DE	53.03333	8.75000
10309	SULINGEN	NIEDERSACHSEN	DE	52.68291	8.81268
10596	SYKE	NIEDERSACHSEN	DE	52.91345	8.82209
10315	UCHTE	NIEDERSACHSEN	DE	52.49975	8.90928
10514	UELZEN	NIEDERSACHSEN	DE	52.96449	10.56704
10322	VECHTA	NIEDERSACHSEN	DE	52.73064	8.28968
10324	VERDEN	NIEDERSACHSEN	DE	52.92334	9.23804
10321	WAGENFELD	NIEDERSACHSEN	DE	52.54851	8.58885
10525	WALSRODE	NIEDERSACHSEN	DE	52.86104	9.59277
10335	WARDENBURG	NIEDERSACHSEN	DE	53.05938	8.19669
10351	WESTERSTEDE	NIEDERSACHSEN	DE	53.25682	7.92737
10355	WILDESHAUSEN	NIEDERSACHSEN	DE	52.89446	8.43375
10356	WILHELMSHAVEN	NIEDERSACHSEN	DE	53.54760	8.10395
11059	WOLFENBUTTEL	NIEDERSACHSEN	DE	52.16442	10.54095
10543	WOLFSBURG	NIEDERSACHSEN	DE	52.42452	10.78150
10364	WUNSTORF	NIEDERSACHSEN	DE	52.42377	9.43585
10597	ZEVEN	NIEDERSACHSEN	DE	53.29567	9.27562
20030	AACHEN	NORDRHEIN-WESTFALEN	DE	50.77664	6.08342
10873	AHAUS	NORDRHEIN-WESTFALEN	DE	52.07936	7.01344
11057	AHLEN	NORDRHEIN-WESTFALEN	DE	51.76338	7.88870
10877	ALDENHOVEN	NORDRHEIN-WESTFALEN	DE	50.90000	6.28333
10878	ALFTER	NORDRHEIN-WESTFALEN	DE	50.73333	7.01667
10884	ALSDORF	NORDRHEIN-WESTFALEN	DE	50.87673	6.16399
10886	ALTENA	NORDRHEIN-WESTFALEN	DE	51.29472	7.67337
10892	ARNSBERG	NORDRHEIN-WESTFALEN	DE	51.38333	8.08333
10895	ASCHEBERG	NORDRHEIN-WESTFALEN	DE	51.78333	7.61667
10724	ASSELN	NORDRHEIN-WESTFALEN	DE	51.52829	7.58914
10896	ATTENDORN	NORDRHEIN-WESTFALEN	DE	51.12645	7.90333
10897	AUGUSTDORF	NORDRHEIN-WESTFALEN	DE	51.90944	8.73173
10906	BAD LIPPSPRINGE	NORDRHEIN-WESTFALEN	DE	51.78333	8.81683
10709	BAD MEINBERG	NORDRHEIN-WESTFALEN	DE	51.89588	8.98313
10710	BAD OEYNHAUSEN	NORDRHEIN-WESTFALEN	DE	52.20699	8.80365
10909	BAD SALZUFLEN	NORDRHEIN-WESTFALEN	DE	52.08620	8.74434
10914	BAESWEILER	NORDRHEIN-WESTFALEN	DE	50.90964	6.18874
10915	BALVE	NORDRHEIN-WESTFALEN	DE	51.33150	7.86424
10916	BECKUM	NORDRHEIN-WESTFALEN	DE	51.75571	8.04075
10755	BEDBURG	NORDRHEIN-WESTFALEN	DE	50.99258	6.57128
10920	BERGHEIM	NORDRHEIN-WESTFALEN	DE	50.95572	6.63986
11084	BERGKAMEN	NORDRHEIN-WESTFALEN	DE	51.61633	7.64451
10923	BERGNEUSTADT	NORDRHEIN-WESTFALEN	DE	51.02496	7.65599
10924	BESTWIG	NORDRHEIN-WESTFALEN	DE	51.36081	8.40082
11003	BIELEFELD	NORDRHEIN-WESTFALEN	DE	52.03333	8.53333
10931	BLANKENHEIM	NORDRHEIN-WESTFALEN	DE	50.43333	6.65000
10932	BLOMBERG	NORDRHEIN-WESTFALEN	DE	51.94331	9.09067
11095	BOCHOLT	NORDRHEIN-WESTFALEN	DE	51.83879	6.61531
11126	BOCHUM	NORDRHEIN-WESTFALEN	DE	51.48165	7.21648
10938	BONEN	NORDRHEIN-WESTFALEN	DE	51.60000	7.76667
11004	BONN	NORDRHEIN-WESTFALEN	DE	50.73438	7.09549
10941	BORNHEIM	NORDRHEIN-WESTFALEN	DE	50.76313	6.99089
10942	BOTTROP	NORDRHEIN-WESTFALEN	DE	51.52392	6.92850
10945	BRAKEL	NORDRHEIN-WESTFALEN	DE	51.71750	9.18596
10952	BRILON	NORDRHEIN-WESTFALEN	DE	51.39462	8.57146
10727	BRUGGEN	NORDRHEIN-WESTFALEN	DE	51.24053	6.18376
10954	BRUHL	NORDRHEIN-WESTFALEN	DE	50.82928	6.90499
10961	BUNDE	NORDRHEIN-WESTFALEN	DE	52.19837	8.58644
10962	BURSCHEID	NORDRHEIN-WESTFALEN	DE	51.08468	7.11393
10964	CASTROP-RAUXEL	NORDRHEIN-WESTFALEN	DE	51.55657	7.31155
10966	COESFELD	NORDRHEIN-WESTFALEN	DE	51.94349	7.16809
10934	DAHLHAUSEN	NORDRHEIN-WESTFALEN	DE	51.42700	7.14808
10968	DATTELN	NORDRHEIN-WESTFALEN	DE	51.65598	7.34530
10969	DELBRUCK	NORDRHEIN-WESTFALEN	DE	51.76503	8.56223
11113	DERNE(DORT.)	NORDRHEIN-WESTFALEN	DE	51.57081	7.52013
11065	DETMOLD	NORDRHEIN-WESTFALEN	DE	51.93855	8.87318
10975	DINSLAKEN	NORDRHEIN-WESTFALEN	DE	51.56227	6.74340
10977	DORMAGEN	NORDRHEIN-WESTFALEN	DE	51.09683	6.83167
10978	DORSTEN	NORDRHEIN-WESTFALEN	DE	51.66166	6.96514
11006	DORTMUND	NORDRHEIN-WESTFALEN	DE	51.51494	7.46600
10980	DRENSTEINFURT	NORDRHEIN-WESTFALEN	DE	51.79535	7.73815
11007	DUISBURG	NORDRHEIN-WESTFALEN	DE	51.43247	6.76516
10984	DULMEN	NORDRHEIN-WESTFALEN	DE	51.83149	7.28075
11122	DUREN	NORDRHEIN-WESTFALEN	DE	50.80434	6.49299
11008	DUSSELDORF	NORDRHEIN-WESTFALEN	DE	51.22319	6.77927
10988	EITORF	NORDRHEIN-WESTFALEN	DE	50.76667	7.45000
10990	ELSDORF	NORDRHEIN-WESTFALEN	DE	50.93739	6.56828
11052	EMMERICH	NORDRHEIN-WESTFALEN	DE	51.83933	6.24792
10995	ENGELSKIRCHEN	NORDRHEIN-WESTFALEN	DE	50.98854	7.41391
10728	ENNEPETAL	NORDRHEIN-WESTFALEN	DE	51.29848	7.36290
10997	ERFTSTADT	NORDRHEIN-WESTFALEN	DE	50.81481	6.79387
10998	ERKELENZ	NORDRHEIN-WESTFALEN	DE	51.07947	6.31531
10999	ERKRATH	NORDRHEIN-WESTFALEN	DE	51.22235	6.90831
11001	ESCHWEILER	NORDRHEIN-WESTFALEN	DE	50.81854	6.27184
9975	ESLOHE	NORDRHEIN-WESTFALEN	DE	51.25369	8.16949
9976	ESPELKAMP	NORDRHEIN-WESTFALEN	DE	52.38141	8.62303
11009	ESSEN	NORDRHEIN-WESTFALEN	DE	51.45657	7.01228
9981	EUSKIRCHEN	NORDRHEIN-WESTFALEN	DE	50.66057	6.78722
9984	FRECHEN	NORDRHEIN-WESTFALEN	DE	50.91485	6.81180
10725	FRONDENBERG	NORDRHEIN-WESTFALEN	DE	51.47563	7.76946
10756	GEILENKIRCHEN (NRW)	NORDRHEIN-WESTFALEN	DE	50.96745	6.11763
9999	GELDERN	NORDRHEIN-WESTFALEN	DE	51.51908	6.32363
11037	GELSENKIRCHEN	NORDRHEIN-WESTFALEN	DE	51.50508	7.09654
10011	GESEKE	NORDRHEIN-WESTFALEN	DE	51.64091	8.51090
10012	GEVELSBERG	NORDRHEIN-WESTFALEN	DE	51.31971	7.33920
10714	GLADBACH (NRW)	NORDRHEIN-WESTFALEN	DE	49.93333	6.76667
10014	GLADBECK	NORDRHEIN-WESTFALEN	DE	51.57077	6.98593
10020	GREVEN	NORDRHEIN-WESTFALEN	DE	52.09364	7.59396
10021	GREVENBROICH	NORDRHEIN-WESTFALEN	DE	51.09102	6.58270
11114	GRONAU	NORDRHEIN-WESTFALEN	DE	52.21099	7.02238
10025	GUMMERSBACH	NORDRHEIN-WESTFALEN	DE	51.02608	7.56473
10026	GUTERSLOH	NORDRHEIN-WESTFALEN	DE	51.90693	8.37853
11077	HAGEN (Ruhr Valley)	NORDRHEIN-WESTFALEN	DE	51.36081	7.47168
10773	HALLE (NRW)	NORDRHEIN-WESTFALEN	DE	52.06007	8.36083
10030	HALVER	NORDRHEIN-WESTFALEN	DE	51.18612	7.49817
11127	HAMM	NORDRHEIN-WESTFALEN	DE	51.68033	7.82089
10200	HAMM (MARL)	NORDRHEIN-WESTFALEN	DE	51.68033	7.82089
11075	HAMMINKELN	NORDRHEIN-WESTFALEN	DE	51.73262	6.59031
10041	HARSEWINKEL	NORDRHEIN-WESTFALEN	DE	51.96224	8.22766
10002	HASSEL	NORDRHEIN-WESTFALEN	DE	52.69688	8.83198
10043	HATTINGEN	NORDRHEIN-WESTFALEN	DE	51.39894	7.18557
10036	HEESSEN	NORDRHEIN-WESTFALEN	DE	52.23211	9.09642
10118	HEILIGENHAUS	NORDRHEIN-WESTFALEN	DE	51.32662	6.97106
10119	HEINSBERG	NORDRHEIN-WESTFALEN	DE	51.06358	6.09980
10121	HEMER	NORDRHEIN-WESTFALEN	DE	51.38707	7.77019
10742	HERDECKE	NORDRHEIN-WESTFALEN	DE	51.39999	7.43584
10124	HERFORD	NORDRHEIN-WESTFALEN	DE	52.11457	8.67343
10565	HERNE	NORDRHEIN-WESTFALEN	DE	51.53880	7.22572
10125	HERTEN	NORDRHEIN-WESTFALEN	DE	51.59638	7.14387
10127	HERZOGENRATH	NORDRHEIN-WESTFALEN	DE	50.86874	6.09317
10712	HIDDENHAUSEN	NORDRHEIN-WESTFALEN	DE	52.16667	8.61667
10129	HILDEN	NORDRHEIN-WESTFALEN	DE	51.16818	6.93093
10981	HOCHFELD (DUIS.)	NORDRHEIN-WESTFALEN	DE	51.41943	6.75462
10136	HOMBRUCH	NORDRHEIN-WESTFALEN	DE	51.47310	7.44132
10003	HORST	NORDRHEIN-WESTFALEN	DE	53.80959	9.62456
10140	HOXTER	NORDRHEIN-WESTFALEN	DE	51.77501	9.38155
10141	HUCKELHOVEN	NORDRHEIN-WESTFALEN	DE	51.05550	6.22658
10144	HURTH	NORDRHEIN-WESTFALEN	DE	50.87079	6.86761
10149	ISERLOHN	NORDRHEIN-WESTFALEN	DE	51.37547	7.70281
10151	JUCHEN	NORDRHEIN-WESTFALEN	DE	51.10000	6.50000
10707	JULICH	NORDRHEIN-WESTFALEN	DE	50.92149	6.36267
10760	KALDENKIRCHEN	NORDRHEIN-WESTFALEN	DE	51.32035	6.19830
10154	KAMEN	NORDRHEIN-WESTFALEN	DE	51.59231	7.66380
10761	KEMPEN (NRW)	NORDRHEIN-WESTFALEN	DE	51.36432	6.41858
10160	KERPEN	NORDRHEIN-WESTFALEN	DE	50.86991	6.69691
18946	KIERSPE	NORDRHEIN-WESTFALEN	DE	51.13403	7.59075
11019	KOLN	NORDRHEIN-WESTFALEN	DE	50.93333	6.95000
10165	KONIGSWINTER	NORDRHEIN-WESTFALEN	DE	50.67734	7.19245
10729	KORSCHENBROICH	NORDRHEIN-WESTFALEN	DE	51.19139	6.51352
11066	KREFELD	NORDRHEIN-WESTFALEN	DE	51.33645	6.55381
10169	KREUZTAL	NORDRHEIN-WESTFALEN	DE	50.96775	7.98848
10758	KURTEN	NORDRHEIN-WESTFALEN	DE	51.05000	7.26667
10172	LAGE	NORDRHEIN-WESTFALEN	DE	51.99223	8.79301
10178	LANGENFELD	NORDRHEIN-WESTFALEN	DE	51.10821	6.94831
10179	LEICHLINGEN	NORDRHEIN-WESTFALEN	DE	51.10628	7.01873
11090	LEMGO	NORDRHEIN-WESTFALEN	DE	52.02786	8.89901
10181	LENGERICH	NORDRHEIN-WESTFALEN	DE	52.18661	7.86043
10182	LENNESTADT	NORDRHEIN-WESTFALEN	DE	51.11721	8.06707
10183	LEVERKUSEN	NORDRHEIN-WESTFALEN	DE	51.03030	6.98432
10186	LINDLAR	NORDRHEIN-WESTFALEN	DE	51.01959	7.37758
10188	LIPPSTADT	NORDRHEIN-WESTFALEN	DE	51.67369	8.34482
10189	LOHMAR	NORDRHEIN-WESTFALEN	DE	50.83868	7.21399
10867	LUDENSCHEID	NORDRHEIN-WESTFALEN	DE	51.21977	7.62730
10774	LUDINGHAUSEN	NORDRHEIN-WESTFALEN	DE	51.76830	7.44379
10194	LUGDE	NORDRHEIN-WESTFALEN	DE	51.95828	9.24706
10195	LUNEN	NORDRHEIN-WESTFALEN	DE	51.61634	7.52872
10199	MARL	NORDRHEIN-WESTFALEN	DE	51.65671	7.09038
10201	MARSBERG	NORDRHEIN-WESTFALEN	DE	51.46171	8.84949
10716	MECHERNICH	NORDRHEIN-WESTFALEN	DE	50.59304	6.65224
18944	MECKENHEIM	NORDRHEIN-WESTFALEN	DE	50.62388	7.02942
10203	MEINERZHAGEN	NORDRHEIN-WESTFALEN	DE	51.10740	7.64838
10205	MENDEN	NORDRHEIN-WESTFALEN	DE	51.44337	7.77825
10207	MESCHEDE	NORDRHEIN-WESTFALEN	DE	51.35020	8.28332
10208	METTMANN	NORDRHEIN-WESTFALEN	DE	51.25040	6.97536
10209	MINDEN	NORDRHEIN-WESTFALEN	DE	52.28953	8.91455
10210	MOERS	NORDRHEIN-WESTFALEN	DE	51.45342	6.63260
11128	MONCHENGLADBACH	NORDRHEIN-WESTFALEN	DE	51.18539	6.44172
10212	MONHEIM	NORDRHEIN-WESTFALEN	DE	48.84389	10.85834
11062	MULHEIM AN DER RUHR	NORDRHEIN-WESTFALEN	DE	51.43218	6.87967
11023	MUNSTER	NORDRHEIN-WESTFALEN	DE	51.96236	7.62571
10730	NETTETAL	NORDRHEIN-WESTFALEN	DE	51.31667	6.28333
10224	NEUKIRCHEN	NORDRHEIN-WESTFALEN	DE	50.86906	9.34655
10575	NEUSS	NORDRHEIN-WESTFALEN	DE	51.19807	6.68504
10231	NIEDERKASSEL	NORDRHEIN-WESTFALEN	DE	50.81503	7.03777
10233	NIENHAGEN	NORDRHEIN-WESTFALEN	DE	54.14869	12.17434
10745	NORDKIRCHEN	NORDRHEIN-WESTFALEN	DE	51.73827	7.52197
17933	NOTTULN	NORDRHEIN-WESTFALEN	DE	51.93333	7.35000
16705	OBERHAUSEN	NORDRHEIN-WESTFALEN	DE	51.47805	6.86250
10238	ODENTHAL	NORDRHEIN-WESTFALEN	DE	51.03333	7.11667
10239	OELDE	NORDRHEIN-WESTFALEN	DE	51.82890	8.14724
10240	OER-ERKENSCHWICK	NORDRHEIN-WESTFALEN	DE	51.64198	7.26451
10242	OLPE	NORDRHEIN-WESTFALEN	DE	51.02899	7.85139
10245	OVERATH	NORDRHEIN-WESTFALEN	DE	50.93275	7.28389
11064	PADERBORN	NORDRHEIN-WESTFALEN	DE	51.71905	8.75439
10247	PETERSHAGEN	NORDRHEIN-WESTFALEN	DE	52.37513	8.96538
11087	PLETTENBERG	NORDRHEIN-WESTFALEN	DE	51.20949	7.87261
10252	PULHEIM	NORDRHEIN-WESTFALEN	DE	50.99965	6.80632
11098	RADEVORMWALD	NORDRHEIN-WESTFALEN	DE	51.20219	7.36027
18955	RAHDEN	NORDRHEIN-WESTFALEN	DE	52.43425	8.61266
10256	RATINGEN	NORDRHEIN-WESTFALEN	DE	51.29724	6.84929
10583	RECKLINGHAUSEN	NORDRHEIN-WESTFALEN	DE	51.61379	7.19738
11076	REMSCHEID	NORDRHEIN-WESTFALEN	DE	51.17983	7.19250
10260	RHEDA-WIEDENBRUCK	NORDRHEIN-WESTFALEN	DE	51.84967	8.30017
10261	RHEINBACH	NORDRHEIN-WESTFALEN	DE	50.62562	6.94911
10262	RHEINBERG	NORDRHEIN-WESTFALEN	DE	51.54649	6.59525
10263	RHEINE	NORDRHEIN-WESTFALEN	DE	52.28509	7.44055
10982	RHEINHAUSEN (DUIS.)	NORDRHEIN-WESTFALEN	DE	51.40055	6.71187
10265	RIETBERG	NORDRHEIN-WESTFALEN	DE	51.80924	8.42841
10268	ROSRATH	NORDRHEIN-WESTFALEN	DE	50.89559	7.18175
10272	SALZKOTTEN	NORDRHEIN-WESTFALEN	DE	51.67170	8.60092
10281	SCHWELM	NORDRHEIN-WESTFALEN	DE	51.28635	7.29388
10282	SCHWERTE	NORDRHEIN-WESTFALEN	DE	51.44387	7.56750
17915	SENDEN(NRW)	NORDRHEIN-WESTFALEN	DE	48.32441	10.04442
10286	SENDENHORST	NORDRHEIN-WESTFALEN	DE	51.84303	7.82996
10287	SIEGBURG	NORDRHEIN-WESTFALEN	DE	50.80019	7.20769
11102	SIEGEN	NORDRHEIN-WESTFALEN	DE	50.87481	8.02431
10290	SOEST	NORDRHEIN-WESTFALEN	DE	51.57558	8.10619
10291	SOLINGEN	NORDRHEIN-WESTFALEN	DE	51.17343	7.08450
10293	SPENGE	NORDRHEIN-WESTFALEN	DE	52.14021	8.48475
10295	SPROCKHOVEL	NORDRHEIN-WESTFALEN	DE	51.34669	7.24343
10302	STADTLOHN	NORDRHEIN-WESTFALEN	DE	51.99399	6.91918
10303	STEINFURT	NORDRHEIN-WESTFALEN	DE	52.15045	7.33664
10304	STEINHAGEN	NORDRHEIN-WESTFALEN	DE	52.00000	8.40000
10305	STEINHEIM	NORDRHEIN-WESTFALEN	DE	51.87066	9.09136
10308	STOLBERG	NORDRHEIN-WESTFALEN	DE	50.77368	6.22595
10726	STRAELEN	NORDRHEIN-WESTFALEN	DE	51.44190	6.26639
20028	SUNDERN	NORDRHEIN-WESTFALEN	DE	51.32810	8.00369
10311	TELGTE	NORDRHEIN-WESTFALEN	DE	51.97995	7.78293
10763	TONISVORST	NORDRHEIN-WESTFALEN	DE	51.32092	6.49412
10312	TROISDORF	NORDRHEIN-WESTFALEN	DE	50.80901	7.14968
10314	UBACH-PALENBERG	NORDRHEIN-WESTFALEN	DE	50.91775	6.12336
10318	UNNA	NORDRHEIN-WESTFALEN	DE	51.53795	7.68969
10323	VELBERT	NORDRHEIN-WESTFALEN	DE	51.33537	7.04348
20027	VERL	NORDRHEIN-WESTFALEN	DE	51.88333	8.51667
10326	VIERSEN	NORDRHEIN-WESTFALEN	DE	51.25435	6.39441
10328	VLOTHO	NORDRHEIN-WESTFALEN	DE	52.16530	8.85996
10329	VOERDE	NORDRHEIN-WESTFALEN	DE	51.59703	6.68630
10332	WALDBROL	NORDRHEIN-WESTFALEN	DE	50.87576	7.61688
10334	WALTROP	NORDRHEIN-WESTFALEN	DE	51.62125	7.40238
10336	WARENDORF	NORDRHEIN-WESTFALEN	DE	51.95109	7.98756
10337	WARSTEIN	NORDRHEIN-WESTFALEN	DE	51.44488	8.34851
10338	WASSENBERG	NORDRHEIN-WESTFALEN	DE	51.10009	6.15484
10935	WATTENSCHEID	NORDRHEIN-WESTFALEN	DE	51.48057	7.14251
10340	WEGBERG	NORDRHEIN-WESTFALEN	DE	51.14221	6.28436
10344	WELVER	NORDRHEIN-WESTFALEN	DE	51.61667	7.96667
10869	WERDOHL	NORDRHEIN-WESTFALEN	DE	51.26011	7.76608
10346	WERL	NORDRHEIN-WESTFALEN	DE	51.55493	7.91403
10347	WERMELSKIRCHEN	NORDRHEIN-WESTFALEN	DE	51.13970	7.21583
10349	WESEL	NORDRHEIN-WESTFALEN	DE	51.66690	6.62037
10350	WESSELING	NORDRHEIN-WESTFALEN	DE	50.82709	6.97470
10126	WESTERHOLT	NORDRHEIN-WESTFALEN	DE	53.59005	7.45676
10744	WESTHOFEN	NORDRHEIN-WESTFALEN	DE	51.42302	7.53306
10560	WETTER	NORDRHEIN-WESTFALEN	DE	51.38747	7.39277
10979	WICKEDE (DORT.)	NORDRHEIN-WESTFALEN	DE	51.53365	7.61636
10759	WIEHL	NORDRHEIN-WESTFALEN	DE	50.94950	7.55062
10357	WILLICH	NORDRHEIN-WESTFALEN	DE	51.26371	6.54734
10358	WIPPERFURTH	NORDRHEIN-WESTFALEN	DE	51.11610	7.39865
10359	WITTEN	NORDRHEIN-WESTFALEN	DE	51.44362	7.35258
10363	WULFRATH	NORDRHEIN-WESTFALEN	DE	51.28195	7.03821
11031	WUPPERTAL	NORDRHEIN-WESTFALEN	DE	51.25627	7.14816
10367	WURSELEN	NORDRHEIN-WESTFALEN	DE	50.81809	6.13470
10368	ZULPICH	NORDRHEIN-WESTFALEN	DE	50.69447	6.65414
20026	ADENAU	RHEINLAND-PFALZ	DE	50.38238	6.93291
10888	ALTENKIRCHEN	RHEINLAND-PFALZ	DE	50.68594	7.64176
10889	ALZEY	RHEINLAND-PFALZ	DE	49.74657	8.11513
10891	ANDERNACH	RHEINLAND-PFALZ	DE	50.43109	7.40425
10901	BAD DURKHEIM	RHEINLAND-PFALZ	DE	49.46180	8.17236
11092	BAD EMS	RHEINLAND-PFALZ	DE	50.33544	7.71369
10573	BAD KREUZNACH	RHEINLAND-PFALZ	DE	49.84140	7.86713
17924	BAD NEUENAHR-AHRWEILER	RHEINLAND-PFALZ	DE	50.54322	7.11130
10737	BELLHEIM	RHEINLAND-PFALZ	DE	49.19833	8.27944
10918	BENDORF (RHINELAND)	RHEINLAND-PFALZ	DE	50.42289	7.57924
10925	BETZDORF	RHEINLAND-PFALZ	DE	50.79094	7.87189
10929	BINGEN	RHEINLAND-PFALZ	DE	48.11127	9.27238
10749	BOPPARD	RHEINLAND-PFALZ	DE	50.23085	7.58992
17807	BUDENHEIM	RHEINLAND-PFALZ	DE	50.01667	8.16667
10960	BULLAY	RHEINLAND-PFALZ	DE	50.05448	7.13730
18947	BURGBROHL	RHEINLAND-PFALZ	DE	50.45463	7.27720
10987	EISENBERG	RHEINLAND-PFALZ	DE	50.96860	11.90207
10992	EMMELSHAUSEN	RHEINLAND-PFALZ	DE	50.15484	7.55185
10750	ETTRINGEN	RHEINLAND-PFALZ	DE	48.10000	10.65000
9983	FRANKENTHAL	RHEINLAND-PFALZ	DE	49.53414	8.35357
9991	FURTHEN (SIEG)	RHEINLAND-PFALZ	DE	50.78333	7.66667
10556	GERMERSHEIM	RHEINLAND-PFALZ	DE	49.21440	8.36687
10010	GEROLSTEIN	RHEINLAND-PFALZ	DE	50.22224	6.65984
10023	GRUNSTADT	RHEINLAND-PFALZ	DE	49.56302	8.16279
20025	HACHENBURG	RHEINLAND-PFALZ	DE	50.65998	7.82276
10135	HOHR -GRENZHAUSEN	RHEINLAND-PFALZ	DE	50.43474	7.66903
10152	JUNKERATH	RHEINLAND-PFALZ	DE	50.34412	6.58138
10752	KAISERSESCH	RHEINLAND-PFALZ	DE	50.23148	7.13864
10581	KAISERSLAUTERN	RHEINLAND-PFALZ	DE	49.44300	7.77161
10164	KIRN	RHEINLAND-PFALZ	DE	49.78912	7.45765
11017	KOBLENZ	RHEINLAND-PFALZ	DE	50.35357	7.57883
10166	KONZ	RHEINLAND-PFALZ	DE	49.70045	6.57652
10753	LAHNSTEIN	RHEINLAND-PFALZ	DE	50.30000	7.61667
10175	LANDAU IN DER PFALZ	RHEINLAND-PFALZ	DE	49.19844	8.11692
10176	LANDSTUHL	RHEINLAND-PFALZ	DE	49.41306	7.57021
10187	LINZ AM RHEIN	RHEINLAND-PFALZ	DE	50.56884	7.28445
11094	LUDWIGSHAFEN	RHEINLAND-PFALZ	DE	49.48121	8.44641
10197	LUSTADT	RHEINLAND-PFALZ	DE	49.24476	8.27407
10738	MAIKAMMER	RHEINLAND-PFALZ	DE	49.30528	8.13167
11020	MAINZ	RHEINLAND-PFALZ	DE	49.98185	8.28008
10202	MAXDORF	RHEINLAND-PFALZ	DE	49.48806	8.29167
10754	MAYEN	RHEINLAND-PFALZ	DE	50.32797	7.22277
10213	MONTABAUR	RHEINLAND-PFALZ	DE	50.43588	7.82320
10217	MUTTERSTADT	RHEINLAND-PFALZ	DE	49.44139	8.35611
10219	NASSAU	RHEINLAND-PFALZ	DE	50.31453	7.80025
10229	NEUWIED	RHEINLAND-PFALZ	DE	50.43360	7.47057
10251	PIRMASENS	RHEINLAND-PFALZ	DE	49.20145	7.60529
10254	RANSBACH-BAUMBACH	RHEINLAND-PFALZ	DE	50.46496	7.72830
10258	REMAGEN	RHEINLAND-PFALZ	DE	50.57879	7.22703
20024	RENNEROD	RHEINLAND-PFALZ	DE	50.60820	8.06697
10267	ROCKENHAUSEN	RHEINLAND-PFALZ	DE	49.62974	7.82134
10770	RUDESHEIM	RHEINLAND-PFALZ	DE	49.84546	7.81452
10741	RULZHEIM	RHEINLAND-PFALZ	DE	49.15312	8.29287
10274	SCHIFFERSTADT	RHEINLAND-PFALZ	DE	49.38417	8.37750
10285	SELTERS	RHEINLAND-PFALZ	DE	50.51681	8.28953
10288	SIMMERN	RHEINLAND-PFALZ	DE	49.98198	7.52351
10289	SINZIG	RHEINLAND-PFALZ	DE	50.54384	7.24639
10294	SPEYER	RHEINLAND-PFALZ	DE	49.32083	8.43111
10772	SPRENDLINGEN	RHEINLAND-PFALZ	DE	49.86667	7.98333
11125	TRIER	RHEINLAND-PFALZ	DE	49.75565	6.63935
10317	ULMEN	RHEINLAND-PFALZ	DE	50.20943	6.97941
16756	WEISENTHURM	RHEINLAND-PFALZ	DE	50.41719	7.45072
16764	WIRGES	RHEINLAND-PFALZ	DE	50.47195	7.79844
10361	WITTLICH	RHEINLAND-PFALZ	DE	49.98596	6.89308
11088	WORMS	RHEINLAND-PFALZ	DE	49.63278	8.35916
18948	WORRSTADT	RHEINLAND-PFALZ	DE	49.84861	8.12417
10805	WORTH AM RHEIN	RHEINLAND-PFALZ	DE	49.04888	8.25959
10369	ZWEIBRUCKEN	RHEINLAND-PFALZ	DE	49.24686	7.36977
10926	BEXBACH	SAARLAND	DE	49.34615	7.25527
10775	BLIESKASTEL	SAARLAND	DE	49.23724	7.25617
11112	DILLINGEN(SAAR)	SAARLAND	DE	49.35557	6.72781
10776	LEBACH	SAARLAND	DE	49.41122	6.90988
10206	MERZIG	SAARLAND	DE	49.44331	6.63874
10225	NEUNKIRCHEN	SAARLAND	DE	49.34449	7.18045
10777	PUTTLINGEN	SAARLAND	DE	49.28550	6.88723
11026	SAARBRUCKEN	SAARLAND	DE	49.23262	7.00982
11068	SAARLOUIS	SAARLAND	DE	49.31366	6.75154
10276	SCHMELZ	SAARLAND	DE	49.43333	6.85000
10779	SCHWALBACH (S)	SAARLAND	DE	49.30000	6.81667
10310	SULZBACH	SAARLAND	DE	49.29882	7.05696
10330	VOLKLINGEN	SAARLAND	DE	49.25162	6.85873
11096	BAUTZEN	SACHSEN	DE	51.18035	14.43494
11099	CHEMNITZ	SACHSEN	DE	50.83570	12.92922
10677	DELITZSCH	SACHSEN	DE	51.52546	12.34284
10615	DOBELN	SACHSEN	DE	51.12210	13.11027
11035	DRESDEN	SACHSEN	DE	51.05089	13.73832
10678	EILENBURG (S)	SACHSEN	DE	51.45984	12.63338
10598	FRANKENBERG (S)	SACHSEN	DE	51.05890	8.80077
10095	FREIBERG	SACHSEN	DE	50.91089	13.33881
10107	GLAUCHAU	SACHSEN	DE	50.81987	12.54493
10017	GORLITZ	SACHSEN	DE	51.15518	14.98853
10382	HOYERSWERDA	SACHSEN	DE	51.43787	14.23549
10796	KLINGENTHAL	SACHSEN	DE	50.35963	12.46463
11100	LEIPZIG	SACHSEN	DE	51.33962	12.37129
10463	NEUKIRCHEN	SACHSEN	DE	50.86906	9.34655
10601	OELSNITZ (CHEMNITZ)	SACHSEN	DE	50.41470	12.16950
10616	OLBERNHAU	SACHSEN	DE	50.65870	13.34250
10680	OSCHATZ	SACHSEN	DE	51.30001	13.10984
10681	PEGAU	SACHSEN	DE	51.16715	12.25144
10617	PIRNA	SACHSEN	DE	50.95843	13.93702
10801	PLAUEN	SACHSEN	DE	50.49730	12.13782
10618	RADEBEUL	SACHSEN	DE	51.10654	13.66047
10619	RADEBURG	SACHSEN	DE	51.21516	13.72810
10620	RIESA	SACHSEN	DE	51.30777	13.29168
10603	SCHNEEBERG (S)	SACHSEN	DE	50.59465	12.64139
10604	STOLLBERG (S)	SACHSEN	DE	50.70999	12.78034
10614	WEISSWASSER	SACHSEN	DE	51.50403	14.64017
10544	WURZEN	SACHSEN	DE	51.37070	12.73939
10547	ZWICKAU	SACHSEN	DE	50.72724	12.48839
10688	AKEN	SACHSEN ANHALT	DE	51.85274	12.04461
10689	BARLEBEN	SACHSEN ANHALT	DE	52.20193	11.61770
10691	BURG (S-A)	SACHSEN ANHALT	DE	51.83448	14.14856
10692	CALBE	SACHSEN ANHALT	DE	51.90668	11.77478
10693	DESSAU	SACHSEN ANHALT	DE	51.83864	12.24555
10006	GENTHIN	SACHSEN ANHALT	DE	52.40668	12.15920
10694	GOMMERN	SACHSEN ANHALT	DE	52.07391	11.82297
11089	HALLE(Saxony-Anhalt)	SACHSEN ANHALT	DE	52.06007	8.36083
10875	MAGDEBURG	SACHSEN ANHALT	DE	52.13129	11.63189
10797	MARKNEUKIRCHEN	SACHSEN ANHALT	DE	50.31144	12.32951
10440	MEISSEN	SACHSEN ANHALT	DE	51.16158	13.47370
10600	MITTWEIDA	SACHSEN ANHALT	DE	50.98622	12.97537
10586	OEBISFELDE	SACHSEN ANHALT	DE	52.43421	10.98786
10696	OSCHERSLEBEN	SACHSEN ANHALT	DE	52.03039	11.22898
10697	ROSSLAU	SACHSEN ANHALT	DE	51.88736	12.24192
10698	SCHONEBECK (S-A)	SACHSEN ANHALT	DE	52.01682	11.73070
16733	WERNIGERODE	SACHSEN ANHALT	DE	51.83652	10.78216
10545	ZEITZ	SACHSEN ANHALT	DE	51.04962	12.13690
10700	ZERBST	SACHSEN ANHALT	DE	51.96620	12.08517
20031	AHRENSBURG	SCHLESWIG HOLSTEIN	DE	53.67661	10.23705
10899	BAD BRAMSTEDT	SCHLESWIG HOLSTEIN	DE	53.91827	9.88243
10051	BAD OLDESLOE	SCHLESWIG HOLSTEIN	DE	53.81167	10.37417
10683	BAD SCHWARTAU	SCHLESWIG HOLSTEIN	DE	53.91887	10.69691
10052	BAD SEGEBERG	SCHLESWIG HOLSTEIN	DE	53.93775	10.30745
10631	BREDSTEDT	SCHLESWIG HOLSTEIN	DE	54.61868	8.96441
10668	BRUNSBUTTEL	SCHLESWIG HOLSTEIN	DE	53.89620	9.10459
10985	ECKERNFORDE	SCHLESWIG HOLSTEIN	DE	54.46854	9.83824
10989	ELMSHORN	SCHLESWIG HOLSTEIN	DE	53.74912	9.66176
10090	EUTIN	SCHLESWIG HOLSTEIN	DE	54.13503	10.61148
11118	FLENSBURG	SCHLESWIG HOLSTEIN	DE	54.78805	9.43722
10102	GEESTHACHT	SCHLESWIG HOLSTEIN	DE	53.43660	10.37339
10654	GLINDE (HAMBURG)	SCHLESWIG HOLSTEIN	DE	53.54046	10.21301
10632	GLUCKSBURG	SCHLESWIG HOLSTEIN	DE	54.83503	9.55218
10016	GLUCKSTADT	SCHLESWIG HOLSTEIN	DE	53.78819	9.42408
10110	GROMITZ	SCHLESWIG HOLSTEIN	DE	54.15052	10.96011
10117	HEIDE	SCHLESWIG HOLSTEIN	DE	54.19562	9.09742
10669	HOHENWESTEDT	SCHLESWIG HOLSTEIN	DE	54.08886	9.65359
10145	HUSUM	SCHLESWIG HOLSTEIN	DE	54.48580	9.05239
10150	ITZEHOE	SCHLESWIG HOLSTEIN	DE	53.92099	9.51529
10153	KALTENKIRCHEN	SCHLESWIG HOLSTEIN	DE	53.83244	9.96042
10633	KAPPELN	SCHLESWIG HOLSTEIN	DE	54.66122	9.93130
10670	KELLINGHUSEN	SCHLESWIG HOLSTEIN	DE	53.95202	9.71959
11016	KIEL	SCHLESWIG HOLSTEIN	DE	54.32133	10.13489
10170	KRONSHAGEN	SCHLESWIG HOLSTEIN	DE	54.33734	10.08214
10414	LAUENBURG	SCHLESWIG HOLSTEIN	DE	53.37199	10.55654
10634	LECK	SCHLESWIG HOLSTEIN	DE	54.76667	8.98333
10673	LENSAHN	SCHLESWIG HOLSTEIN	DE	54.21652	10.88326
11117	LUBECK	SCHLESWIG HOLSTEIN	DE	53.86893	10.68729
10674	LUTJENBURG (S-H)	SCHLESWIG HOLSTEIN	DE	54.29188	10.58945
10675	MALENTE	SCHLESWIG HOLSTEIN	DE	54.17226	10.55968
10671	MARNE	SCHLESWIG HOLSTEIN	DE	53.95171	9.01069
10672	MELDORF	SCHLESWIG HOLSTEIN	DE	54.09182	9.06870
10450	MOLLN	SCHLESWIG HOLSTEIN	DE	53.62072	10.68748
10223	NEUMUNSTER	SCHLESWIG HOLSTEIN	DE	54.07399	9.98456
10635	NIEBULL	SCHLESWIG HOLSTEIN	DE	54.78663	8.82854
10466	NORDERSTEDT	SCHLESWIG HOLSTEIN	DE	53.70177	9.99328
10880	OSTSTEINBEK	SCHLESWIG HOLSTEIN	DE	53.54321	10.16939
10250	PINNEBERG	SCHLESWIG HOLSTEIN	DE	53.65887	9.79698
10676	PLON	SCHLESWIG HOLSTEIN	DE	54.16202	10.42765
10479	PREETZ	SCHLESWIG HOLSTEIN	DE	54.23575	10.27934
10253	QUICKBORN	SCHLESWIG HOLSTEIN	DE	53.72821	9.91078
10481	RAISDORF	SCHLESWIG HOLSTEIN	DE	54.28127	10.24915
10656	RATZEBURG	SCHLESWIG HOLSTEIN	DE	53.69965	10.77256
10657	REINBEK	SCHLESWIG HOLSTEIN	DE	53.51773	10.24861
10259	RENDSBURG	SCHLESWIG HOLSTEIN	DE	54.30182	9.67175
10275	SCHLESWIG	SCHLESWIG HOLSTEIN	DE	54.52021	9.56829
10499	SCHWARZENBEK	SCHLESWIG HOLSTEIN	DE	53.50508	10.48225
10685	STOCKELSDORF	SCHLESWIG HOLSTEIN	DE	53.89220	10.64713
10636	TARP	SCHLESWIG HOLSTEIN	DE	54.66667	9.40000
10316	UETERSEN	SCHLESWIG HOLSTEIN	DE	53.68878	9.66197
10686	WAHLSTEDT	SCHLESWIG HOLSTEIN	DE	53.95313	10.21269
10339	WEDEL	SCHLESWIG HOLSTEIN	DE	53.58374	9.69835
10637	WESTERLAND	SCHLESWIG HOLSTEIN	DE	54.90790	8.30326
10621	APOLDA	THURINGEN	DE	51.02624	11.51638
10622	ARNSTADT	THURINGEN	DE	50.84048	10.95198
10623	BLANKENBURG (Thuringen)	THURINGEN	DE	51.79025	10.95509
10624	EISENACH	THURINGEN	DE	50.98070	10.31522
10874	ERFURT	THURINGEN	DE	50.97734	11.03536
10008	GERA	THURINGEN	DE	50.88029	12.08187
10625	GOTHA (T)	THURINGEN	DE	50.94823	10.70193
10647	HEILIGENSTADT	THURINGEN	DE	49.86303	11.17185
10626	ILMENAU	THURINGEN	DE	50.68322	10.91858
10627	JENA	THURINGEN	DE	50.92878	11.58990
10602	RONNEBURG	THURINGEN	DE	50.86340	12.18666
10628	SAALFELD	THURINGEN	DE	50.64826	11.36536
10629	SOMMERDA	THURINGEN	DE	51.15914	11.11524
10630	SUHL	THURINGEN	DE	50.60911	10.69401
11097	WEIMAR	THURINGEN	DE	50.98030	11.32903
11130	ANDORRA LA VELLA	ANDORRA LA VELLA	AD	42.50779	1.52109
11132	BENGUELA	BENGUELA	AO	-12.57674	13.40268
11134	HUAMBO	HUAMBO	AO	-12.77611	15.73917
11131	LUANDA	LUANDA	AO	-8.83682	13.23432
11133	LUBANGO	LUBANGO	AO	-14.91717	13.49250
11136	LUCAPA	LUCAPA	AO	-8.41915	20.74466
11137	LUENA	LUENA	AO	-11.78333	19.91667
11138	MALANJE	MALANJE	AO	-9.54015	16.34096
11139	SAURIMO	SAURIMO	AO	-9.66078	20.39155
11140	SUMBE	SUMBE	AO	-11.20605	13.84371
11141	UIGE	UIGE	AO	-7.60874	15.06131
11142	THE VALLEY	THE VALLEY	AI	18.21704	-63.05783
11143	FALMOUTH	FALMOUTH	US	38.32402	-77.46832
11144	SAINT JOHNS	SAINT JOHNS	US	43.00114	-84.55915
11146	BAHIA BLANCA	BAHIA BLANCA	AR	-38.71760	-62.26545
11148	BERAZATEGUI	BERAZATEGUI	AR	-34.76531	-58.21278
11202	BUENOS AIRES	BUENOS AIRES	AR	-34.61315	-58.37723
11149	CASEROS	CASEROS	AR	-32.46500	-58.47742
11151	CERES	CERES	AR	-29.88113	-61.94521
11152	CHACABUCO	CHACABUCO	AR	-34.64203	-60.47124
11153	CIPOLLETTI	CIPOLLETTI	AR	-38.93392	-67.99032
11154	CONCORDIA	CONCORDIA	AR	-31.39195	-58.01706
11155	CORDOBA	CORDOBA	AR	-31.40648	-64.18853
11156	CORRIENTES	CORRIENTES	AR	-27.46784	-58.83440
11157	CRESPO	CRESPO	AR	-32.03077	-60.30619
11159	GENERAL ROCA	GENERAL ROCA	AR	-39.03333	-67.58333
11187	GENERAL SAN MARTIN	GENERAL SAN MARTIN	AR	-37.97888	-63.60349
11199	GODOY CRUZ	GODOY CRUZ	AR	-32.92533	-68.84428
11160	GUALEGUAYCHU	GUALEGUAYCHU	AR	-33.00777	-58.51836
11163	LA PLATA	LA PLATA	AR	-34.92126	-57.95442
11194	LAS HERAS	LAS HERAS	AR	-46.54131	-68.93227
11164	LOMAS DE ZAMORA	LOMAS DE ZAMORA	AR	-34.75740	-58.40279
11165	LUJAN DE CUYO	LUJAN DE CUYO	AR	-33.03917	-68.87955
11167	MALARGUE	MALARGUE	AR	-35.47791	-69.58521
11145	MAR DEL PLATA	MAR DEL PLATA	AR	-38.00042	-57.55620
11166	MARCOS JUAREZ	MARCOS JUAREZ	AR	-32.69780	-62.10672
11161	MARIANO MORENO	MARIANO MORENO	AR	-38.76272	-70.03731
11168	MENDOZA	MENDOZA	AR	-32.88946	-68.84582
11169	MIRAMAR	MIRAMAR	AR	-38.27161	-57.83890
11150	MORON	MORON	AR	-34.65118	-58.62205
11170	NEUQUEN	NEUQUEN	AR	-38.95078	-68.05920
11171	PARANA	PARANA	AR	-31.73271	-60.52897
11172	PASO DE LOS LIBRES	PASO DE LOS LIBRES	AR	-29.71251	-57.08771
11173	PINAMAR	PINAMAR	AR	-37.11108	-56.86523
11174	PUERTO MADRYN	PUERTO MADRYN	AR	-42.76848	-65.03827
11197	RESISTENCIA	RESISTENCIA	AR	-27.46363	-58.98665
11177	RIO CUARTO	RIO CUARTO	AR	-33.13044	-64.35272
11201	RIO GALLEGOS	RIO GALLEGOS	AR	-51.62530	-69.25229
11178	RIO TERCERO	RIO TERCERO	AR	-32.17675	-64.11295
11179	ROSARIO	ROSARIO	AR	-32.94682	-60.63932
11180	SALTA	SALTA	AR	-24.80645	-65.41999
11181	SALTO	SALTO	AR	-34.29175	-60.25450
11182	SAN CLEMENTE DEL TUYU	SAN CLEMENTE DEL TUYU	AR	-36.35419	-56.72568
11183	SAN ISIDRO	SAN ISIDRO	AR	-34.46971	-58.52111
11184	SAN JUAN	SAN JUAN	AR	-31.53726	-68.52568
11175	SAN JUSTO	SAN JUSTO	AR	-34.68107	-58.56379
11188	SAN MIGUEL DE TUCUMAN	SAN MIGUEL DE TUCUMAN	AR	-26.81601	-65.21051
11185	SAN RAFAEL	SAN RAFAEL	AR	-34.61531	-68.33238
11189	SANTA FE	SANTA FE	AR	-31.64881	-60.70868
11190	SANTA ROSA	SANTA ROSA	AR	-36.61617	-64.28991
11191	SANTIAGO DEL ESTERO	SANTIAGO DEL ESTERO	AR	-27.80047	-64.26285
11192	TRELEW	TRELEW	AR	-43.24895	-65.30505
11193	TRES ARROYOS	TRES ARROYOS	AR	-38.37694	-60.27563
11195	USHUAIA	USHUAIA	AR	-54.81084	-68.31591
11196	VILLA MARIA	VILLA MARIA	AR	-32.40751	-63.24016
11198	VILLA NUEVA	VILLA NUEVA	AR	-32.43289	-63.24811
11207	BAJRAM CURRI	BAJRAM CURRI	AL	42.35734	20.07679
11217	BERAT	BERAT	AL	40.70583	19.95222
11221	BURREL	BURREL	AL	41.61028	20.00889
11206	DURRES	DURRES	AL	41.32355	19.45469
11205	ELBASAN	ELBASAN	AL	41.11138	20.08224
11211	ERSEKE	ERSEKE	AL	40.33778	20.67889
11216	FIER	FIER	AL	40.72510	19.55823
11213	GJIROKASTER	GJIROKASTER	AL	40.07583	20.13889
11219	KORÇE	KORÇE	AL	40.61861	20.78083
11215	KRUJE	KRUJE	AL	41.50917	19.79278
11209	LUSHNJE	LUSHNJE	AL	40.94194	19.70500
11218	PERMET	PERMET	AL	40.23361	20.35167
11214	PESHKOPI	PESHKOPI	AL	41.68500	20.42858
11220	POGRADEC	POGRADEC	AL	40.90250	20.65250
11208	RRESHEN	RRESHEN	AL	41.76750	19.87556
11212	SARANDE	SARANDE	AL	39.87534	20.00477
11210	VLORE	VLORE	AL	40.46960	19.48379
11222	ORANJESTAD	ORANJESTAD	AW	12.52398	-70.02703
11426	ADELAIDE	ADELAIDE	AU	-34.92866	138.59863
11361	ALBANY	ALBANY	AU	-35.02692	117.88369
11362	ALBURY	ALBURY	AU	-36.07482	146.92401
11418	ALICE SPRINGS	ALICE SPRINGS	AU	-23.69748	133.88362
11360	ARMIDALE	ARMIDALE	AU	-30.50123	151.66553
11318	ASHGROVE	ASHGROVE	AU	-27.44552	152.99200
11317	AYR	AYR	AU	-19.57393	147.40666
11367	BALLARAT	BALLARAT	AU	-37.56622	143.84957
11369	BANKSTOWN	BANKSTOWN	AU	-33.91667	151.03333
11340	BASSENDEAN	BASSENDEAN	AU	-31.90906	115.94370
11370	BATHURST	BATHURST	AU	-33.41665	149.58060
11341	BAYSWATER (Perth)	BAYSWATER (Perth)	AU	-31.91686	115.91776
11405	BELCONNEN	BELCONNEN	AU	-35.23798	149.06627
11373	BENDIGO	BENDIGO	AU	-36.75818	144.28024
11323	BERRIMAH	BERRIMAH	AU	-12.43507	130.92606
11374	BERWICK	BERWICK	AU	-38.03333	145.35000
11376	BLACKTOWN	BLACKTOWN	AU	-33.76667	150.91667
11223	BOWEN	BOWEN	AU	-20.01367	148.24754
11383	BOWRAL	BOWRAL	AU	-34.47750	150.42040
11385	BRIGHTON	BRIGHTON	AU	-37.90561	145.00279
11428	BRISBANE	BRISBANE	AU	-27.46794	153.02809
11331	BROADMEADOWS	BROADMEADOWS	AU	-37.68015	144.91877
11386	BROKEN HILL	BROKEN HILL	AU	-31.96520	141.45120
11387	BROOME	BROOME	AU	-17.95538	122.23922
11388	BUNBURY	BUNBURY	AU	-33.32711	115.64137
11425	BUNDABERG	BUNDABERG	AU	-24.86621	152.34790
11389	BURNIE	BURNIE	AU	-41.05584	145.90375
11307	BURNSIDE	BURNSIDE	AU	-37.74937	144.75301
11390	BURPENGARY	BURPENGARY	AU	-27.15746	152.95758
11393	CABOOLTURE	CABOOLTURE	AU	-27.08465	152.95110
11225	CAIRNS	CAIRNS	AU	-16.92366	145.76613
11395	CALOUNDRA	CALOUNDRA	AU	-26.80346	153.12195
11396	CAMDEN	CAMDEN	AU	-34.05405	150.69624
11397	CAMPBELLTOWN	CAMPBELLTOWN	AU	-34.06667	150.81667
11430	CANBERRA	CANBERRA	AU	-35.28346	149.12807
11342	CANNINGTON	CANNINGTON	AU	-32.01625	115.93648
11351	CANTERBURY	CANTERBURY	AU	-37.82470	145.08476
11399	CARNARVON	CARNARVON	AU	-24.88258	113.65713
11400	CASTLEMAINE	CASTLEMAINE	AU	-37.06709	144.21684
11401	CESSNOCK	CESSNOCK	AU	-32.83211	151.35623
11403	CHELSEA	CHELSEA	AU	-38.05000	145.11667
11381	CHERMSIDE	CHERMSIDE	AU	-27.38472	153.03062
11382	CLEVELAND	CLEVELAND	AU	-27.52677	153.26516
11408	COFFS HARBOUR	COFFS HARBOUR	AU	-30.29626	153.11351
11410	COOMA (NSW)	COOMA (NSW)	AU	-36.23517	149.12408
11411	COOTAMUNDRA	COOTAMUNDRA	AU	-34.64095	148.02838
11332	CRAIGIEBURN	CRAIGIEBURN	AU	-37.60000	144.95000
11398	CRANBOURNE	CRANBOURNE	AU	-38.11342	145.28326
11412	CROYDON (Q)	CROYDON (Q)	AU	-37.80000	145.28333
11413	DANDENONG	DANDENONG	AU	-37.98333	145.20000
11429	DARWIN	DARWIN	AU	-12.46113	130.84185
11414	DEER PARK	DEER PARK	AU	-37.76722	144.76657
11415	DEVONPORT	DEVONPORT	AU	-41.17695	146.35152
11333	DONCASTER	DONCASTER	AU	-37.78828	145.12373
11327	DRYSDALE	DRYSDALE	AU	-38.17237	144.56988
11416	DUBBO	DUBBO	AU	-32.24295	148.60484
11353	ECHUCA	ECHUCA	AU	-36.14057	144.75185
11433	ELIZABETH	ELIZABETH	AU	-34.72000	138.67000
11226	EMERALD (Q)	EMERALD (Q)	AU	-23.52296	148.15784
11308	ENFIELD	ENFIELD	AU	-34.85260	138.60255
11334	ESSENDON	ESSENDON	AU	-37.74981	144.91090
11365	FAIRFIELD	FAIRFIELD	AU	-33.86667	150.95000
11227	FRANKSTON	FRANKSTON	AU	-38.14458	145.12291
11228	FREMANTLE	FREMANTLE	AU	-32.05632	115.74557
11419	GEELONG	GEELONG	AU	-38.14711	144.36069
11229	GEORGE TOWN ( T )	GEORGE TOWN ( T )	AU	-41.10559	146.82606
11230	GERALDTON	GERALDTON	AU	-28.77897	114.61459
11231	GLADSTONE	GLADSTONE	AU	-23.84852	151.25775
11375	GLEN WAVERLEY	GLEN WAVERLEY	AU	-37.87811	145.16476
11232	GLENORCHY	GLENORCHY	AU	-42.83343	147.27593
11435	GOLD COAST	GOLD COAST	AU	-28.00029	153.43088
11233	GOSFORD	GOSFORD	AU	-33.42440	151.34399
11343	GOSNELLS	GOSNELLS	AU	-32.08100	116.00540
11234	GOULBURN	GOULBURN	AU	-34.75155	149.72086
11235	GRAFTON	GRAFTON	AU	-29.68104	152.93394
11436	GRIFFITH	GRIFFITH	AU	-34.28853	146.05093
11236	GYMPIE	GYMPIE	AU	-26.18979	152.66499
11391	HAMILTON ( V )	HAMILTON ( V )	AU	-37.74425	142.02202
11237	HAMILTON (Tasmania)	HAMILTON (Tasmania)	AU	-37.74425	142.02202
11420	HOBART	HOBART	AU	-42.87936	147.32941
11368	HORNSBY	HORNSBY	AU	-33.70244	151.09931
11238	HORSHAM	HORSHAM	AU	-36.71131	142.19981
11239	HURSTVILLE	HURSTVILLE	AU	-33.96770	151.10149
11319	INDOOROOPILLY	INDOOROOPILLY	AU	-27.50302	152.97518
11240	INGHAM	INGHAM	AU	-18.64552	146.16248
11241	INVERELL	INVERELL	AU	-29.77403	151.11166
11242	IPSWICH	IPSWICH	AU	-27.62343	152.76067
11437	KALGOORLIE	KALGOORLIE	AU	-30.74614	121.47420
11243	KATOOMBA	KATOOMBA	AU	-33.71977	150.30739
11335	KEILOR	KEILOR	AU	-37.71667	144.83333
11244	KEMPSEY	KEMPSEY	AU	-31.07898	152.83093
11245	KINGAROY	KINGAROY	AU	-26.53994	151.83730
11328	KINGSTON (Hobart)	KINGSTON (Hobart)	AU	-27.66667	153.11667
11337	KURRI KURRI	KURRI KURRI	AU	-32.81933	151.47908
11354	KYABRAM	KYABRAM	AU	-36.31335	145.05035
11246	LAUNCESTON	LAUNCESTON	AU	-41.43876	147.13467
11326	LEETON	LEETON	AU	-34.55105	146.40483
11247	LIDCOMBE	LIDCOMBE	AU	-33.86436	151.03970
11249	LISMORE	LISMORE	AU	-28.81354	153.27730
11248	LITHGOW	LITHGOW	AU	-33.48450	150.14903
11250	LIVERPOOL	LIVERPOOL	AU	-33.91938	150.92588
11251	MACKAY	MACKAY	AU	-21.15345	149.16554
11252	MAITLAND	MAITLAND	AU	-32.73308	151.55740
11255	MANLY	MANLY	AU	-33.79798	151.28826
11377	MARION	MARION	AU	-35.00423	138.55313
11256	MARYBOROUGH (Q)	MARYBOROUGH (Q)	AU	-25.54073	152.70493
11254	MARYBOROUGH (V)	MARYBOROUGH (V)	AU	-25.54073	152.70493
11421	MELBOURNE	MELBOURNE	AU	-37.81400	144.96332
11363	MELTON	MELTON	AU	-37.68339	144.58543
11344	MELVILLE	MELVILLE	AU	-32.04039	115.80116
11431	MILDURA	MILDURA	AU	-34.18551	142.16251
11356	MITTAGONG	MITTAGONG	AU	-34.45002	150.44572
11258	MOE	MOE	AU	-38.17828	146.26099
11259	MONA VALE	MONA VALE	AU	-33.67757	151.30307
11371	MOORABBIN	MOORABBIN	AU	-37.94146	145.05779
11260	MOOROOLBARK	MOOROOLBARK	AU	-37.78247	145.31682
11355	MOOROOPNA	MOOROOPNA	AU	-36.40000	145.35000
11261	MORNINGTON (Q)	MORNINGTON (Q)	AU	-38.21792	145.03876
11262	MORWELL	MORWELL	AU	-38.23476	146.39499
11253	MOSMAN	MOSMAN	AU	-33.83902	151.23956
11357	MOSS VALE	MOSS VALE	AU	-34.55374	150.37115
11263	MOUNT GAMBIER	MOUNT GAMBIER	AU	-37.83180	140.77919
11320	MOUNT GRAVATT	MOUNT GRAVATT	AU	-27.53333	153.08333
11264	MOUNT ISA	MOUNT ISA	AU	-20.72523	139.49727
11266	MURRAY BRIDGE	MURRAY BRIDGE	AU	-35.11986	139.27345
11267	MURWILLUMBAH	MURWILLUMBAH	AU	-28.32732	153.39339
11268	NAMBOUR	NAMBOUR	AU	-26.62613	152.95941
11269	NARRABRI	NARRABRI	AU	-30.32488	149.78266
11345	NEDLANDS	NEDLANDS	AU	-31.98184	115.80730
11270	NELSON BAY	NELSON BAY	AU	-32.72043	152.14398
11329	NEW NORFOLK	NEW NORFOLK	AU	-42.78261	147.05870
11434	NEWCASTLE	NEWCASTLE	AU	-32.92953	151.78010
11271	NOWRA	NOWRA	AU	-34.88422	150.60036
11272	NUNAWADING	NUNAWADING	AU	-37.82043	145.17308
11274	ORANGE	ORANGE	AU	-33.28397	149.10018
11275	PARRAMATTA	PARRAMATTA	AU	-33.81780	151.00348
11310	PAYNEHAM	PAYNEHAM	AU	-34.89724	138.64064
11276	PENRITH	PENRITH	AU	-33.75000	150.70000
11427	PERTH	PERTH	AU	-31.95224	115.86140
11311	PORT ADELAIDE	PORT ADELAIDE	AU	-34.84620	138.50302
11277	PORT HEDLAND	PORT HEDLAND	AU	-20.31215	118.61059
11279	PORT MACQUARIE	PORT MACQUARIE	AU	-31.43084	152.90894
11278	PORTLAND	PORTLAND	AU	-38.34620	141.60257
11280	PRAHRAN	PRAHRAN	AU	-37.85114	144.99318
11281	PRESTON	PRESTON	AU	-37.75000	145.01667
11282	QUEANBEYAN	QUEANBEYAN	AU	-35.35493	149.23200
11352	RANDWICK	RANDWICK	AU	-33.91439	151.24895
11338	RAYMOND TERRACE	RAYMOND TERRACE	AU	-32.75952	151.75050
11283	REDCLIFFE	REDCLIFFE	AU	-31.93845	115.94645
11424	RENMARK	RENMARK	AU	-34.17702	140.74697
11284	RICHMOND (Q)	RICHMOND (Q)	AU	-37.81819	145.00176
11364	ROCKDALE	ROCKDALE	AU	-33.95000	151.13333
11285	ROCKHAMPTON	ROCKHAMPTON	AU	-23.38032	150.50595
11286	ROCKINGHAM	ROCKINGHAM	AU	-32.27682	115.72978
11321	ROCKLEA	ROCKLEA	AU	-27.53917	153.00402
11287	ROMA	ROMA	AU	-26.56741	148.78751
11366	RYDE	RYDE	AU	-33.81880	151.10620
11288	SALE	SALE	AU	-38.11095	147.06802
11378	SALISBURY	SALISBURY	AU	-34.76667	138.63333
11380	SANDGATE	SANDGATE	AU	-27.32198	153.06951
11316	SANTA TERESA	SANTA TERESA	AU	-24.13070	134.37330
11359	SHELLHARBOUR	SHELLHARBOUR	AU	-34.58333	150.86667
11423	SHEPPARTON	SHEPPARTON	AU	-36.38047	145.39867
11339	SINGLETON	SINGLETON	AU	-32.56742	151.16603
11347	SOUTH PERTH	SOUTH PERTH	AU	-31.98333	115.86667
11289	SOUTHPORT	SOUTHPORT	AU	-27.96724	153.39796
11372	SPRINGVALE	SPRINGVALE	AU	-37.94853	145.15274
11290	SPRINGWOOD (Q)	SPRINGWOOD (Q)	AU	-27.61183	153.12899
11348	STIRLING (Perth)	STIRLING (Perth)	AU	-31.88343	115.80990
11291	SUNBURY	SUNBURY	AU	-37.57742	144.72607
11292	SUNSHINE	SUNSHINE	AU	-37.78333	144.83333
11293	SUTHERLAND	SUTHERLAND	AU	-34.03100	151.05532
11322	SUTTON	SUTTON	AU	-35.16667	149.25000
11294	SWAN HILL	SWAN HILL	AU	-35.33781	143.55440
11432	SYDNEY	SYDNEY	AU	-33.86785	151.20732
11295	TAMWORTH	TAMWORTH	AU	-31.09048	150.92905
11296	TOOWOOMBA	TOOWOOMBA	AU	-27.56056	151.95386
11297	TORQUAY (Q)	TORQUAY (Q)	AU	-38.33085	144.32638
11224	TOWNSVILLE	TOWNSVILLE	AU	-19.26639	146.80569
11392	TRARALGON	TRARALGON	AU	-38.19528	146.54150
11409	TUGGERANONG	TUGGERANONG	AU	-35.41647	149.06954
11298	ULLADULLA	ULLADULLA	AU	-35.35906	150.47247
11299	WAGGA WAGGA	WAGGA WAGGA	AU	-35.12577	147.35375
11300	WANGARATTA	WANGARATTA	AU	-36.35846	146.32056
11349	WANNEROO	WANNEROO	AU	-31.75000	115.80000
11394	WARRAGUL	WARRAGUL	AU	-38.15912	145.93118
11301	WARRNAMBOOL	WARRNAMBOOL	AU	-38.38176	142.48799
11302	WHYALLA	WHYALLA	AU	-33.03268	137.56483
11304	WINDSOR	WINDSOR	AU	-37.85344	144.99241
11305	WODONGA	WODONGA	AU	-36.12179	146.88809
11422	WOLLONGONG	WOLLONGONG	AU	-34.42400	150.89345
11312	WOODVILLE	WOODVILLE	AU	-34.87700	138.54291
11306	YOUNG	YOUNG	AU	-34.31350	148.30107
11469	ABSAM	ABSAM	AT	47.29572	11.50593
11513	ALTMUNSTER	ALTMUNSTER	AT	47.90219	13.76415
11438	AMSTETTEN	AMSTETTEN	AT	48.12290	14.87206
11489	ANDORF	ANDORF	AT	48.37130	13.57412
11578	ANSFELDEN	ANSFELDEN	AT	48.20969	14.29004
11514	BAD GOISERN	BAD GOISERN	AT	47.64252	13.61609
11548	BAD HALL	BAD HALL	AT	48.03832	14.20773
11515	BAD ISCHL	BAD ISCHL	AT	47.71109	13.61893
11557	BAD VOSLAU	BAD VOSLAU	AT	47.96533	16.21359
11558	BADEN	BADEN	AT	48.00543	16.23264
11505	BERG (Reutte)	BERG (Reutte)	AT	48.29278	14.24778
11490	BERG BEI ROHRBACH	BERG BEI ROHRBACH	AT	48.57814	13.99135
11610	BERNDORF	BERNDORF	AT	47.94567	16.10973
11506	BIBERWIER	BIBERWIER	AT	47.38333	10.90000
11517	BISCHOFSHOFEN	BISCHOFSHOFEN	AT	47.41667	13.21667
11612	BLUDENZ	BLUDENZ	AT	47.15476	9.82255
11549	BRAUNAU AM INN	BRAUNAU AM INN	AT	48.25628	13.04343
11619	BREGENZ	BREGENZ	AT	47.50311	9.74710
11581	BRUCK AN DER LEITHA	BRUCK AN DER LEITHA	AT	48.02420	16.77570
11456	DEUTSCHLANDSBERG	DEUTSCHLANDSBERG	AT	46.81528	15.22222
11576	DORNBIRN	DORNBIRN	AT	47.41427	9.74195
11518	EBENSEE	EBENSEE	AT	47.80716	13.77900
11491	EFERDING	EFERDING	AT	48.30866	14.02233
11599	EISENSTADT	EISENSTADT	AT	47.84565	16.52327
11499	ELLMAU (S)	ELLMAU (S)	AT	47.51378	12.29937
11508	ELMEN	ELMEN	AT	47.34039	10.54318
11492	ENNS	ENNS	AT	48.21346	14.47612
11478	ERPFENDORF	ERPFENDORF	AT	47.58333	12.46667
11613	FELDKIRCH	FELDKIRCH	AT	47.23645	9.59734
11582	FELIXDORF	FELIXDORF	AT	47.88159	16.24208
11479	FIEBERBRUNN	FIEBERBRUNN	AT	47.47626	12.54347
11457	FOHNSDORF	FOHNSDORF	AT	47.20798	14.67586
11560	FREISTADT	FREISTADT	AT	48.51103	14.50453
11470	FULPMES	FULPMES	AT	47.15202	11.34922
11458	FURSTENFELD	FURSTENFELD	AT	47.05000	16.08333
11591	GAISBERG (K)	GAISBERG (K)	AT	47.85136	13.33706
11597	GANSERNDORF	GANSERNDORF	AT	48.33925	16.72016
11451	GASCHURN	GASCHURN	AT	46.98584	10.02702
11459	GLEISDORF	GLEISDORF	AT	47.10559	15.71011
11614	GMUND	GMUND	AT	48.76830	14.98080
11562	GMUNDEN	GMUNDEN	AT	47.91839	13.79933
11563	GOTZIS	GOTZIS	AT	47.33306	9.63306
11600	GRAZ	GRAZ	AT	47.06733	15.44197
11550	GRIESKIRCHEN	GRIESKIRCHEN	AT	48.23333	13.83333
11592	GRIFFEN (K)	GRIFFEN (K)	AT	46.70444	14.73278
11460	GRUNBURG	GRUNBURG	AT	47.97234	14.26472
11439	HAAG (AMSTETTEN)	HAAG (AMSTETTEN)	AT	48.27063	14.26875
11471	HALL IN TIROL	HALL IN TIROL	AT	47.28333	11.51667
11519	HALLEIN	HALLEIN	AT	47.68333	13.10000
11445	HARD	HARD	AT	47.48306	9.68306
11453	HEIDENREICHSTEIN	HEIDENREICHSTEIN	AT	48.86667	15.11667
11501	HEILIGENBLUT	HEILIGENBLUT	AT	47.03979	12.84345
11454	HIRSCHBACH	HIRSCHBACH	AT	48.74329	15.12521
11446	HOCHST	HOCHST	AT	47.45934	9.64050
11564	HOHENEMS	HOHENEMS	AT	47.36121	9.68694
11584	HOLLABRUNN	HOLLABRUNN	AT	48.55000	16.08333
11447	HORBRANZ	HORBRANZ	AT	47.55000	9.75000
11559	HORN	HORN	AT	48.66274	15.65663
11482	IMST	IMST	AT	47.24504	10.73974
11484	IMSTERBERG	IMSTERBERG	AT	47.20517	10.69605
11596	INNSBRUCK	INNSBRUCK	AT	47.26266	11.39454
11472	JENBACH	JENBACH	AT	47.39173	11.77245
11461	JUDENBURG	JUDENBURG	AT	47.16667	14.66667
11555	KAPFENBERG	KAPFENBERG	AT	47.44458	15.29331
11502	KAPRUN	KAPRUN	AT	47.27239	12.75985
11565	KINDBERG	KINDBERG	AT	47.50000	15.45000
11601	KITZBUHEL	KITZBUHEL	AT	47.44637	12.39215
11566	KLOSTERNEUBURG	KLOSTERNEUBURG	AT	48.30521	16.32522
11463	KNITTELFELD	KNITTELFELD	AT	47.21667	14.81667
11462	KOFLACH	KOFLACH	AT	47.06667	15.08333
11585	KORNEUBURG	KORNEUBURG	AT	48.35000	16.33333
11556	KREMS AN DER DONAU	KREMS AN DER DONAU	AT	48.40921	15.61415
11551	KREMSMUNSTER	KREMSMUNSTER	AT	48.05290	14.12919
11609	KUFSTEIN	KUFSTEIN	AT	47.58333	12.16667
11552	LAMBACH (O)	LAMBACH (O)	AT	48.09276	13.87453
11598	LANDECK	LANDECK	AT	47.13988	10.56593
11448	LAUTERACH	LAUTERACH	AT	47.47572	9.72941
11464	LEIBNITZ	LEIBNITZ	AT	46.78161	15.53836
11539	LEND	LEND	AT	47.08256	15.41589
11567	LEOBEN	LEOBEN	AT	47.37650	15.09144
11494	LEONDING	LEONDING	AT	48.27965	14.25330
11577	LIEZEN	LIEZEN	AT	47.56667	14.23333
11568	LILIENFELD	LILIENFELD	AT	48.01312	15.59664
11615	LINZ	LINZ	AT	48.30639	14.28611
11540	LOBENAU	LOBENAU	AT	47.38333	13.48333
11611	LUSTENAU	LUSTENAU	AT	47.42642	9.65851
11553	MARCHTRENK	MARCHTRENK	AT	48.19022	14.10908
11521	MATTIGHOFEN	MATTIGHOFEN	AT	48.10732	13.15081
17927	MAUERKIRCHEN	MAUERKIRCHEN	AT	48.19173	13.13338
11495	MAUTHAUSEN	MAUTHAUSEN	AT	48.24114	14.51963
11542	MELK	MELK	AT	48.22737	15.33186
11603	MITTERSILL	MITTERSILL	AT	47.28333	12.48333
11569	MODLING	MODLING	AT	48.08605	16.28921
11593	MODRIACH	MODRIACH	AT	46.95000	15.05000
11522	MONDSEE	MONDSEE	AT	47.85648	13.34908
11570	MURZZUSCHLAG	MURZZUSCHLAG	AT	47.60660	15.67226
11443	NENZING	NENZING	AT	47.18436	9.70539
11523	NEUHOFEN (Salzburg)	NEUHOFEN (Salzburg)	AT	47.55000	13.93333
11486	PRUTZ	PRUTZ	AT	47.08333	10.66667
11533	PUSARNITZ	PUSARNITZ	AT	46.83333	13.40000
11449	RANKWEIL	RANKWEIL	AT	47.27108	9.64308
11480	RATTENBERG (T)	RATTENBERG (T)	AT	47.43941	11.89407
11571	REUTTE	REUTTE	AT	47.48333	10.71667
11579	RIED IM INNKREIS	RIED IM INNKREIS	AT	48.21123	13.48855
11473	RUM	RUM	AT	47.28333	11.45000
11503	SAALBACH	SAALBACH	AT	47.39138	12.63642
11617	SALZBURG	SALZBURG	AT	47.79941	13.04399
11496	SANKT MARTIN (O)	SANKT MARTIN (O)	AT	46.61667	14.28333
11547	SANKT MARTIN (Villach)	SANKT MARTIN (Villach)	AT	46.61667	14.28333
11572	SANKT POLTEN	SANKT POLTEN	AT	48.20762	15.63725
11444	SCHRUNS	SCHRUNS	AT	47.08028	9.91917
11474	SCHWAZ	SCHWAZ	AT	47.35169	11.71014
11534	SEEBODEN	SEEBODEN	AT	46.81909	13.51430
11528	SPITTAL AN DER DRAU (Spittal)	SPITTAL AN DER DRAU (Spittal)	AT	46.80000	13.50000
11543	SPRATZERN	SPRATZERN	AT	48.17044	15.61844
11608	STEYR	STEYR	AT	48.04274	14.42127
11526	STRASSWALCHEN	STRASSWALCHEN	AT	47.97947	13.25535
11541	SULZAU (Wimm)	SULZAU (Wimm)	AT	47.50000	13.16667
11475	TELFS	TELFS	AT	47.30707	11.06817
11587	TERNITZ (FLATZ)	TERNITZ (FLATZ)	AT	47.71565	16.03575
11561	TRAUN	TRAUN	AT	48.22086	14.23833
11588	TULLN	TULLN	AT	48.32829	16.05858
11604	VILLACH	VILLACH	AT	46.61028	13.85583
11618	VIYANA	VIYANA	AT	48.20849	16.37208
11580	VOCKLABRUCK	VOCKLABRUCK	AT	48.00279	13.65652
11465	VOITSBERG	VOITSBERG	AT	47.04445	15.15313
11595	VOLKERMARKT	VOLKERMARKT	AT	46.66222	14.63444
11476	VOLS	VOLS	AT	47.25000	11.33333
11477	WATTENS	WATTENS	AT	47.29419	11.59070
11455	WEITRA	WEITRA	AT	48.70000	14.88333
11467	WEIZ	WEIZ	AT	47.21667	15.61667
11605	WELS	WELS	AT	48.16667	14.03333
11607	WIENER NEUSTADT	WIENER NEUSTADT	AT	47.80485	16.23196
11466	WOLFSBERG (K)	WOLFSBERG (K)	AT	46.84056	14.84417
11450	WOLFURT	WOLFURT	AT	47.46667	9.75000
11606	WORGL	WORGL	AT	47.48906	12.06174
11573	ZELL AM SEE	ZELL AM SEE	AT	47.32306	12.79839
11468	ZELTWEG	ZELTWEG	AT	47.18333	14.75000
11574	ZIRL	ZIRL	AT	47.27410	11.23961
11639	AGDAM	AGDAM	AZ	39.99096	46.92736
11642	ASTARA	ASTARA	AZ	38.45598	48.87498
11631	BAKU	BAKU	AZ	40.37767	49.89201
11627	GOYCAY	GOYCAY	AZ	40.65055	47.74219
11628	MASTAGA	MASTAGA	AZ	40.52983	50.00616
11644	ORDUBAD	ORDUBAD	AZ	38.90961	46.02274
11647	SABIRABAD	SABIRABAD	AZ	40.00869	48.47701
11624	SALYAN	SALYAN	AZ	39.59621	48.98479
11643	SAMAXI	SAMAXI	AZ	40.63141	48.64137
11621	SIYAZAN	SIYAZAN	AZ	41.07811	49.11564
11641	SUMQAYIT	SUMQAYIT	AZ	40.58972	49.66861
11626	TOVUZ	TOVUZ	AZ	40.99249	45.62838
11630	XUDAT	XUDAT	AZ	41.63052	48.68161
11638	YEVLAX	YEVLAX	AZ	40.62528	46.97556
11651	COCKBURN TOWN	COCKBURN TOWN	BS	24.05179	-74.53138
11652	COLONEL HILL	COLONEL HILL	BS	22.75450	-74.20415
11653	COOPER'S TOWN	COOPER'S TOWN	BS	26.87137	-77.51131
11654	FREEPORT	FREEPORT	BS	26.53333	-78.70000
11655	FREETOWN	FREETOWN	BS	24.77894	-76.27705
11658	MARSH HARBOUR	MARSH HARBOUR	BS	26.54124	-77.06360
11659	MATTHEW TOWN	MATTHEW TOWN	BS	20.94982	-73.67346
11665	NASSAU	NASSAU	BS	25.05823	-77.34306
11662	SAN ANDROS	SAN ANDROS	BS	25.06667	-78.05000
11667	MANAMA	MANAMA	BH	26.22787	50.58565
11669	COMILLA	COMILLA	BD	23.46186	91.18503
11672	DHAKA	DHAKA	BD	23.71040	90.40744
11670	KHULNA	KHULNA	BD	22.80979	89.56439
11671	RAJSHAHI	RAJSHAHI	BD	24.37400	88.60114
11673	BRIDGETOWN	BRIDGETOWN	BB	13.10732	-59.62021
11675	SPEIGHTSTOWN	SPEIGHTSTOWN	BB	13.25072	-59.64396
11692	BARYSAW	BARYSAW	BY	54.22790	28.50500
11687	BREST	BREST	BY	52.10894	23.71749
11694	DZYARZHYNSK	DZYARZHYNSK	BY	53.68477	27.13171
11690	KRYCHAW	KRYCHAW	BY	53.71924	31.71356
11680	LIDA	LIDA	BY	53.88333	25.29972
11695	LOGOYSK	LOGOYSK	BY	54.20640	27.85120
11689	MAHILYOW	MAHILYOW	BY	53.90876	30.34044
11688	MAZYR	MAZYR	BY	52.04162	29.21631
11700	MINSK	MINSK	BY	53.90019	27.56653
11686	PINSK	PINSK	BY	52.12153	26.06726
11699	SLONIM	SLONIM	BY	53.08751	25.31707
11691	VITEBSK	VITEBSK	BY	55.19040	30.20490
11704	AALST	AALST	BE	50.93604	4.03550
11707	AARSCHOT	AARSCHOT	BE	50.98715	4.83695
11796	ACHEL	ACHEL	BE	51.25300	5.47977
11853	ADEGEM	ADEGEM	BE	51.20509	3.49540
11877	ALKEN	ALKEN	BE	50.87553	5.30558
11790	AMAY	AMAY	BE	50.54829	5.30974
11716	ANDENNE	ANDENNE	BE	50.48941	5.09513
11862	ANDERLUES	ANDERLUES	BE	50.40704	4.27136
11791	ANS	ANS	BE	50.66230	5.52029
11708	ARENDONK	ARENDONK	BE	51.32267	5.08289
11709	ARLON	ARLON	BE	49.68333	5.81667
11847	ASSE (Bruksel)	ASSE (Bruksel)	BE	50.91011	4.19836
11710	ATH	ATH	BE	50.62937	3.77801
11835	ATHUS	ATHUS	BE	49.56475	5.83736
11797	BALEN	BALEN	BE	51.16837	5.17027
11808	BASTOGNE	BASTOGNE	BE	50.00347	5.71844
11816	BAUDOUR	BAUDOUR	BE	50.48296	3.83320
11807	BEAURAING	BEAURAING	BE	50.11042	4.95554
11854	BEERNEM	BEERNEM	BE	51.13981	3.33896
11703	BERINGEN	BERINGEN	BE	51.04954	5.22606
11711	BERLAAR	BERLAAR	BE	51.11760	4.65835
11836	BERTRIX	BERTRIX	BE	49.85596	5.25539
11764	BEVEREN	BEVEREN	BE	51.21187	4.25633
11882	BEVERLO	BEVERLO	BE	51.08646	5.21855
11724	BILZEN	BILZEN	BE	50.87325	5.51840
11712	BINCHE	BINCHE	BE	50.41155	4.16469
11855	BLANKENBERGE	BLANKENBERGE	BE	51.31306	3.13227
11798	BOCHOLT	BOCHOLT	BE	51.17337	5.57994
11841	BOECHOUT	BOECHOUT	BE	51.15959	4.49195
11842	BOOM	BOOM	BE	51.09242	4.37170
11713	BOORTMEERBEEK	BOORTMEERBEEK	BE	50.97929	4.57443
11805	BORGLOON	BORGLOON	BE	50.80505	5.34366
11825	BORNEM	BORNEM	BE	51.09716	4.24364
11837	BOUILLON	BOUILLON	BE	49.79324	5.06703
11737	BOUSSU	BOUSSU	BE	50.43417	3.79440
11775	BRASSCHAAT	BRASSCHAAT	BE	51.29120	4.49182
11777	BRECHT	BRECHT	BE	51.35024	4.63829
11856	BREDENE	BREDENE	BE	51.23489	2.97559
11715	BREE	BREE	BE	51.14152	5.59690
11891	BRUGGE	BRUGGE	BE	51.20892	3.22424
11848	BUGGENHOUT	BUGGENHOUT	BE	51.01590	4.20173
11895	CHARLEROI	CHARLEROI	BE	50.41136	4.44448
11906	CHATELET	CHATELET	BE	50.40338	4.52826
11863	CHATELINEAU	CHATELINEAU	BE	50.41499	4.52016
11812	CINEY	CINEY	BE	50.29449	5.10015
11729	COLFONTAINE	COLFONTAINE	BE	50.41410	3.85569
11864	CUESMES	CUESMES	BE	50.43624	3.92323
11857	DE HAAN	DE HAAN	BE	51.27261	3.03446
11782	DEERLIJK	DEERLIJK	BE	50.85337	3.35416
11759	DEINZE	DEINZE	BE	50.98175	3.53096
11896	DENDERMONDE	DENDERMONDE	BE	51.02869	4.10106
11799	DESSEL	DESSEL	BE	51.23855	5.11448
11878	DIEPENBEEK	DIEPENBEEK	BE	50.90769	5.41875
11897	DIEST	DIEST	BE	50.98923	5.05062
11717	DIKSMUIDE	DIKSMUIDE	BE	51.03248	2.86384
11718	DILBEEK	DILBEEK	BE	50.84799	4.25972
11870	DILSEN	DILSEN	BE	51.03718	5.72096
11813	DINANT	DINANT	BE	50.25807	4.91166
11829	DISON	DISON	BE	50.61004	5.85340
11818	DOUR	DOUR	BE	50.39583	3.77792
11778	EDEGEM	EDEGEM	BE	51.15662	4.44504
11887	EISDEN	EISDEN	BE	50.98463	5.71433
11830	ENSIVAL	ENSIVAL	BE	50.58053	5.84927
11871	ERTVELDE	ERTVELDE	BE	51.17921	3.74722
11792	ESNEUX	ESNEUX	BE	50.53596	5.56775
11831	EUPEN	EUPEN	BE	50.62790	6.03647
11744	EVERGEM	EVERGEM	BE	51.11306	3.70976
11865	FLEURUS	FLEURUS	BE	50.48351	4.55006
11814	FLOREFFE	FLOREFFE	BE	50.43452	4.75960
11866	FLORENNES	FLORENNES	BE	50.25127	4.60636
11838	FLORENVILLE	FLORENVILLE	BE	49.69983	5.30740
11719	FRAMERIES	FRAMERIES	BE	50.40578	3.89603
11720	GAVERE	GAVERE	BE	50.92917	3.66184
11721	GEEL	GEEL	BE	51.16557	4.98917
11850	GEMBLOUX	GEMBLOUX	BE	50.56149	4.69889
11898	GENK	GENK	BE	50.96500	5.50082
11916	GENT	GENT	BE	51.05000	3.71667
11774	GERAARDSBERGEN	GERAARDSBERGEN	BE	50.77343	3.88223
11858	GISTEL	GISTEL	BE	51.15612	2.96387
11725	GRIMBERGEN	GRIMBERGEN	BE	50.93409	4.37213
11714	HAMME	HAMME	BE	51.09822	4.13705
11800	HAMONT	HAMONT	BE	51.25332	5.54732
11727	HARELBEKE	HARELBEKE	BE	50.85343	3.30935
11899	HASSELT	HASSELT	BE	50.93106	5.33781
11821	HAVRE	HAVRE	BE	50.46401	4.04675
11801	HECHTEL	HECHTEL	BE	51.12518	5.36768
11728	HEIST-OP-DEN-BERG	HEIST-OP-DEN-BERG	BE	51.07537	4.72827
11843	HEMIKSEM	HEMIKSEM	BE	51.14484	4.33874
11730	HERENTALS	HERENTALS	BE	51.17655	4.83248
11879	HERK-DE-STAD	HERK-DE-STAD	BE	50.94013	5.16636
11793	HERSTAL	HERSTAL	BE	50.66415	5.62346
11783	HEULE	HEULE	BE	50.83752	3.23818
11910	HEUSDEN	HEUSDEN	BE	51.03664	5.28013
11905	HOBOKEN	HOBOKEN	BE	51.17611	4.34844
11806	HOESELT	HOESELT	BE	50.84714	5.48767
11784	HOOGLEDE	HOOGLEDE	BE	50.98333	3.08333
11822	HORNU	HORNU	BE	50.43280	3.82736
11781	HOUTHALEN	HOUTHALEN	BE	51.03427	5.37429
11732	HUY	HUY	BE	50.51894	5.23284
11748	IEPER	IEPER	BE	50.85114	2.88569
11733	IZEGEM	IZEGEM	BE	50.91396	3.21378
11820	JEMAPPES	JEMAPPES	BE	50.44914	3.89096
11734	JODOIGNE	JODOIGNE	BE	50.72357	4.86914
11769	KAPELLEN	KAPELLEN	BE	51.31377	4.43539
11735	KEERBERGEN	KEERBERGEN	BE	51.00295	4.63434
11802	KINROOI	KINROOI	BE	51.14543	5.74207
11738	KNOKKE-HEIST	KNOKKE-HEIST	BE	51.35000	3.26667
11883	KOERSEL	KOERSEL	BE	51.05909	5.27121
11844	KONTICH	KONTICH	BE	51.13213	4.44706
11888	KORTRIJK	KORTRIJK	BE	50.82803	3.26487
11826	KRUIBEKE	KRUIBEKE	BE	51.17048	4.31444
11832	LA CALAMINE	LA CALAMINE	BE	50.71809	6.01107
11907	LA LOUVIERE	LA LOUVIERE	BE	50.48657	4.18785
11872	LAARNE	LAARNE	BE	51.03078	3.85077
11739	LANAKEN	LANAKEN	BE	50.89318	5.64680
11785	LAUWE	LAUWE	BE	50.79479	3.18690
11884	LEOPOLDSBURG	LEOPOLDSBURG	BE	51.11667	5.25000
11706	LEUVEN (LOUVAIN)	LEUVEN (LOUVAIN)	BE	50.87959	4.70093
11917	LIEGE	LIEGE	BE	50.63373	5.56749
11701	LIER	LIER	BE	51.13128	4.57041
11873	LOCHRISTI	LOCHRISTI	BE	51.09644	3.83194
11741	LOKEREN	LOKEREN	BE	51.10364	3.99339
11736	LOMMEL	LOMMEL	BE	51.23074	5.31349
11742	MAASEIK	MAASEIK	BE	51.09802	5.78379
11909	MAASMECHELEN	MAASMECHELEN	BE	50.96545	5.69452
11743	MALDEGEM	MALDEGEM	BE	51.20737	3.44511
11900	MALMEDY	MALMEDY	BE	50.42686	6.02794
11867	MANAGE	MANAGE	BE	50.50312	4.23589
11745	MECHELEN (MalInes)	MECHELEN (MalInes)	BE	51.02574	4.47762
11757	MENEN	MENEN	BE	50.79722	3.12245
11746	MERELBEKE	MERELBEKE	BE	50.99447	3.74621
11786	MEULEBEKE	MEULEBEKE	BE	50.95136	3.28804
11773	MOL	MOL	BE	51.19188	5.11662
11901	MONS	MONS	BE	50.45413	3.95229
11787	MOORSLEDE	MOORSLEDE	BE	50.89190	3.06117
11749	MORTSEL	MORTSEL	BE	51.16697	4.45127
11726	MOUSCRON	MOUSCRON	BE	50.74497	3.20639
11889	NAMUR	NAMUR	BE	50.46690	4.86746
11840	NEUFCHATEAU	NEUFCHATEAU	BE	49.84074	5.43535
11845	NIJLEN	NIJLEN	BE	51.16096	4.67008
11750	NINOVE	NINOVE	BE	50.82776	4.02657
11751	NIVELLES	NIVELLES	BE	50.59833	4.32848
11755	OOSTKAMP	OOSTKAMP	BE	51.15432	3.23128
11753	OUDENAARDE	OUDENAARDE	BE	50.85168	3.60891
11754	OVERIJSE	OVERIJSE	BE	50.77436	4.53461
11803	OVERPELT	OVERPELT	BE	51.21038	5.41557
11885	PAAL	PAAL	BE	51.03988	5.17233
11823	PATURAGES	PATURAGES	BE	50.40720	3.85500
11804	PEER	PEER	BE	51.13030	5.45952
11824	PERUWELZ	PERUWELZ	BE	50.50819	3.59373
11868	PHILIPPEVILLE	PHILIPPEVILLE	BE	50.19612	4.54374
11815	PROFONDEVILLE	PROFONDEVILLE	BE	50.37581	4.86506
17842	QUAREGNON	QUAREGNON	BE	50.44067	3.86530
11747	ROESELARE	ROESELARE	BE	50.94653	3.12269
11760	RONSE	RONSE	BE	50.74574	3.60050
11860	RUDDERVOORDE	RUDDERVOORDE	BE	51.09589	3.20743
11874	RUISELEDE	RUISELEDE	BE	51.04039	3.39416
11788	RUMBEKE	RUMBEKE	BE	50.93248	3.16716
11846	RUMST	RUMST	BE	51.08153	4.42217
11731	SAINT-GHISLAIN	SAINT-GHISLAIN	BE	50.44816	3.81886
11779	SCHERPENHEUVEL	SCHERPENHEUVEL	BE	50.98075	4.97552
11776	SCHOTEN	SCHOTEN	BE	51.25251	4.50268
11852	SINT-TRUIDEN	SINT-TRUIDEN	BE	50.81679	5.18647
11913	SOIGNIES	SOIGNIES	BE	50.57904	4.07129
11794	SPA	SPA	BE	50.48375	5.86674
11795	STAVELOT	STAVELOT	BE	50.39500	5.93124
11827	STEKENE	STEKENE	BE	51.20990	4.03651
11902	TEMSE	TEMSE	BE	51.12794	4.21372
11886	TESSENDERLO	TESSENDERLO	BE	51.06513	5.08856
11833	THEUX	THEUX	BE	50.53323	5.81245
11869	THUIN	THUIN	BE	50.33933	4.28604
11851	TIELT(FB)	TIELT(FB)	BE	50.99931	3.32707
11761	TIENEN	TIENEN	BE	50.80745	4.93780
11762	TONGEREN	TONGEREN	BE	50.78054	5.46484
11763	TOURNAI	TOURNAI	BE	50.60715	3.38932
11893	TURNHOUT	TURNHOUT	BE	51.32254	4.94471
11903	VERVIERS	VERVIERS	BE	50.58907	5.86241
11765	VILVOORDE	VILVOORDE	BE	50.92814	4.42938
11892	VIRTON	VIRTON	BE	49.56824	5.53259
11875	WAARSCHOOT	WAARSCHOOT	BE	51.15250	3.60500
11828	WACHTEBEKE	WACHTEBEKE	BE	51.16852	3.87183
11766	WAREGEM	WAREGEM	BE	50.88898	3.42756
11767	WATERLOO	WATERLOO	BE	50.71469	4.39910
11768	WAVRE	WAVRE	BE	50.71717	4.60138
11834	WELKENRAEDT	WELKENRAEDT	BE	50.66050	5.97034
11861	WENDUINE	WENDUINE	BE	51.29830	3.08213
11876	WETTEREN	WETTEREN	BE	51.00526	3.88341
11756	WEVELGEM	WEVELGEM	BE	50.80000	3.16667
11770	WOLUWE-SAINT-LAMBERT	WOLUWE-SAINT-LAMBERT	BE	50.84389	4.42912
11894	ZEEBRUGGE	ZEEBRUGGE	BE	51.32901	3.18188
11904	ZELE	ZELE	BE	51.06566	4.04030
11911	ZOLDER	ZOLDER	BE	51.02455	5.30983
11880	ZONHOVEN	ZONHOVEN	BE	50.99064	5.36819
11772	ZOTTEGEM	ZOTTEGEM	BE	50.86955	3.81052
11881	ZOUTLEEUW	ZOUTLEEUW	BE	50.83316	5.10376
11789	ZULTE	ZULTE	BE	50.91954	3.44859
11758	ZWEVEGEM	ZWEVEGEM	BE	50.81268	3.33848
11924	BELIZE CITY	BELIZE CITY	BZ	17.49952	-88.19756
11918	BELMOPAN	BELMOPAN	BZ	17.25376	-88.76401
11921	COROZAL	COROZAL	BZ	18.39375	-88.38849
11923	DANGRIGA	DANGRIGA	BZ	16.96970	-88.23313
11919	ORANGE WALK	ORANGE WALK	BZ	18.08124	-88.56328
11920	SAN IGNACIO	SAN IGNACIO	BZ	17.15880	-89.06960
11936	ABOMEY	ABOMEY	BJ	7.18286	1.99119
11938	COTONOU	COTONOU	BJ	6.36536	2.41833
11927	DJOUGOU	DJOUGOU	BJ	9.70853	1.66598
11929	KANDI	KANDI	BJ	11.13417	2.93861
11933	KETOU	KETOU	BJ	7.36332	2.59978
11935	LOKOSSA	LOKOSSA	BJ	6.63869	1.71674
11925	NATITINGOU	NATITINGOU	BJ	10.30416	1.37962
11928	PARAKOU	PARAKOU	BJ	9.33716	2.63031
11926	PORTO-NOVO	PORTO-NOVO	BJ	6.49646	2.60359
11932	SAVE	SAVE	BJ	8.03424	2.48660
11939	HAMILTON	HAMILTON	US	39.39950	-84.56134
11940	SAINT GEORGE	SAINT GEORGE	US	37.10415	-113.58412
11942	ABU DHABI	ABU DHABI	AE	24.45118	54.39696
11945	AJMAN	AJMAN	AE	25.40177	55.47878
11943	SHARJAH	SHARJAH	AE	25.33420	55.41221
11948	AIQUILE	AIQUILE	BO	-18.20408	-65.18068
11950	ATOCHA	ATOCHA	BO	-20.93515	-66.22139
11951	BERMEJO	BERMEJO	BO	-22.73206	-64.33724
11953	CHIMORE	CHIMORE	BO	-16.99417	-65.15330
11954	CHULUMANI	CHULUMANI	BO	-16.40855	-67.52940
11984	COCHABAMBA	COCHABAMBA	BO	-17.38195	-66.15995
11978	CORIPATA	CORIPATA	BO	-16.30000	-67.60000
11956	COTOCA (Santa Cruz)	COTOCA (Santa Cruz)	BO	-17.81667	-63.05000
11957	GUAYARAMERIN	GUAYARAMERIN	BO	-10.82580	-65.35810
11958	LA PAZ	LA PAZ	BO	-16.50000	-68.15000
11959	MACHACAMARCA	MACHACAMARCA	BO	-18.17251	-67.02099
11960	MIZQUE	MIZQUE	BO	-17.94101	-65.34016
11979	MONTERO	MONTERO	BO	-17.33874	-63.25093
11983	MOROCHATA	MOROCHATA	BO	-17.23490	-66.53185
11961	ORURO	ORURO	BO	-17.97153	-67.09320
11963	POTOSI	POTOSI	BO	-19.58361	-65.75306
11964	PUERTO VILLARROEL	PUERTO VILLARROEL	BO	-16.84286	-64.79996
11965	PUNATA	PUNATA	BO	-17.54234	-65.83472
11980	QUILLACOLLO	QUILLACOLLO	BO	-17.39228	-66.27838
11966	RIBERALTA	RIBERALTA	BO	-11.01026	-66.05257
11982	SACABA	SACABA	BO	-17.39799	-66.03825
11968	SAN BORJA	SAN BORJA	BO	-14.85195	-66.74954
11981	SIPE SIPE	SIPE SIPE	BO	-17.45419	-66.35737
11970	SUCRE	SUCRE	BO	-19.03332	-65.26274
11971	TARIJA	TARIJA	BO	-21.53549	-64.72956
11972	TRINIDAD	TRINIDAD	BO	-14.83223	-64.90335
11973	TUPIZA	TUPIZA	BO	-21.44345	-65.71875
11974	VILLAZON	VILLAZON	BO	-22.08659	-65.59422
11975	VINTO	VINTO	BO	-17.39141	-66.31681
11976	YACUIBA	YACUIBA	BO	-22.01643	-63.67753
12027	BANJA LUKA	BANJA LUKA	BA	44.77879	17.20629
11993	BIHAC	BIHAC	BA	44.81694	15.87083
11985	BIJELJINA	BIJELJINA	BA	44.75874	19.21437
12006	BOSANSKA KRUPA	BOSANSKA KRUPA	BA	44.88250	16.15139
11995	BRCKO	BRCKO	BA	44.87162	18.81630
11986	BUGOJNO	BUGOJNO	BA	44.05722	17.45083
12008	CAPLJINA	CAPLJINA	BA	43.12139	17.68444
11996	DERVENTA	DERVENTA	BA	44.97839	17.90779
11997	DOBOJ	DOBOJ	BA	44.73179	18.08698
11990	DONJI VAKUF	DONJI VAKUF	BA	44.14361	17.40000
11998	FOCA	FOCA	BA	43.50646	18.77854
12016	GLAMOC	GLAMOC	BA	44.04583	16.84861
12024	GORAZDE	GORAZDE	BA	43.66795	18.97564
11987	GORNJI VAKUF	GORNJI VAKUF	BA	43.93806	17.58833
11999	GRACANICA	GRACANICA	BA	44.70307	18.31010
12000	GRADACAC	GRADACAC	BA	44.87851	18.42764
12009	JABLANICA	JABLANICA	BA	43.66028	17.76167
11991	JAJCE	JAJCE	BA	44.34203	17.27059
12001	KONJIC	KONJIC	BA	43.65126	17.96082
12019	LIPNICA	LIPNICA	BA	44.56625	18.60878
11989	LIVNO	LIVNO	BA	43.82695	17.00746
12010	LJUBUSKI	LJUBUSKI	BA	43.19694	17.54500
12020	LOPARE	LOPARE	BA	44.63498	18.84340
11992	MAGLAJ	MAGLAJ	BA	44.54771	18.10003
12022	MODRICA	MODRICA	BA	44.95781	18.30202
12030	MOSTAR	MOSTAR	BA	43.34333	17.80806
12011	NEVESINJE	NEVESINJE	BA	43.25861	18.11333
12012	POTOCI	POTOCI	BA	43.40953	17.87855
12002	PRIJEDOR	PRIJEDOR	BA	44.97991	16.71401
12003	SREBRENICA	SREBRENICA	BA	44.10748	19.29669
12013	STOLAC	STOLAC	BA	43.08400	17.95995
12025	TRAVNIK	TRAVNIK	BA	44.22637	17.66583
12004	TREBINJE	TREBINJE	BA	42.71197	18.34362
12018	TURBE	TURBE	BA	44.24352	17.57499
12028	TUZLA	TUZLA	BA	44.53842	18.66709
12015	VISEGRAD	VISEGRAD	BA	43.78260	19.29256
12026	VISOKO	VISOKO	BA	43.98889	18.17806
12014	VITINA	VITINA	BA	43.23750	17.48389
12031	ZENICA	ZENICA	BA	44.20169	17.90397
12005	ZVORNIK	ZVORNIK	BA	44.38605	19.10247
12032	GABORONE	GABORONE	BW	-24.65451	25.90859
12035	GHANZI	GHANZI	BW	-21.69785	21.64581
12037	LOBATSE	LOBATSE	BW	-25.22435	25.67728
12033	MAUN	MAUN	BW	-19.98333	23.41667
12034	SHAKAWE	SHAKAWE	BW	-18.36536	21.84219
12036	TSHANE	TSHANE	BW	-24.03333	21.90000
12176	ABA ETETUBA	ABA ETETUBA	BR	-1.71806	-48.88250
12144	AMERICANA	AMERICANA	BR	-22.73917	-47.33139
12140	APARECIDA DE GOIANIA	APARECIDA DE GOIANIA	BR	-16.82333	-49.24389
12040	ARACATUBA	ARACATUBA	BR	-21.20889	-50.43278
12191	ARARANGUA	ARARANGUA	BR	-28.93575	-49.49538
12041	ARARAQUARA	ARARAQUARA	BR	-21.79444	-48.17556
12133	ATALAIA	ATALAIA	BR	-9.50194	-36.02278
12184	ATIBAIA	ATIBAIA	BR	-23.11694	-46.55028
12042	BAGE	BAGE	BR	-31.33139	-54.10694
12043	BARBACENA	BARBACENA	BR	-21.22583	-43.77361
12177	BARCARENA	BARCARENA	BR	-1.50583	-48.62583
12044	BARRA DO CORDA	BARRA DO CORDA	BR	-5.50556	-45.24333
12160	BARRA MANSA	BARRA MANSA	BR	-22.54417	-44.17139
12045	BARREIRAS (Bahia)	BARREIRAS (Bahia)	BR	-12.15278	-44.99000
12046	BAURU	BAURU	BR	-22.31472	-49.06056
12047	BELEM	BELEM	BR	-1.45583	-48.50444
12048	BELO HORIZONTE	BELO HORIZONTE	BR	-19.92083	-43.93778
12190	BENTO GONCALVES	BENTO GONCALVES	BR	-29.17139	-51.51917
12180	BETIM	BETIM	BR	-19.96778	-44.19833
12049	BOA VISTA	BOA VISTA	BR	2.81972	-60.67333
12050	BRAGANCA PAULISTA	BRAGANCA PAULISTA	BR	-22.95270	-46.54418
12051	CAMPINA GRANDE	CAMPINA GRANDE	BR	-7.23056	-35.88111
12052	CAMPINAS	CAMPINAS	BR	-22.90556	-47.06083
12053	CAMPO GRANDE	CAMPO GRANDE	BR	-20.44278	-54.64639
12054	CAMPOS DO JORDAO	CAMPOS DO JORDAO	BR	-22.73944	-45.59139
12187	CANELA (R.G.S.)	CANELA (R.G.S.)	BR	-29.35622	-50.81357
12157	CANOAS (R.G.S.)	CANOAS (R.G.S.)	BR	-29.91778	-51.18361
12159	CARIACICA	CARIACICA	BR	-20.26389	-40.42000
12055	CASCAVEL (Parana)	CASCAVEL (Parana)	BR	-24.95583	-53.45528
12056	CATALAO (Goias)	CATALAO (Goias)	BR	-18.16583	-47.94639
12057	CAXIAS DO SUL	CAXIAS DO SUL	BR	-29.16806	-51.17944
12173	COARI (A)	COARI (A)	BR	-4.08500	-63.14139
12193	COLOMBO (P)	COLOMBO (P)	BR	-25.29167	-49.22417
12179	CONTAGEM	CONTAGEM	BR	-19.93167	-44.05361
12168	CORURIPE	CORURIPE	BR	-10.12556	-36.17556
12058	CRICIUMA	CRICIUMA	BR	-28.67750	-49.36972
12128	CRUZEIRO DO SUL (ACRE)	CRUZEIRO DO SUL (ACRE)	BR	-7.62759	-72.67756
12059	CUIABA	CUIABA	BR	-15.59611	-56.09667
12060	CURITIBA	CURITIBA	BR	-25.42778	-49.27306
12164	DELMIRO GOUVEIA	DELMIRO GOUVEIA	BR	-9.38861	-37.99917
12061	DIVINOPOLIS	DIVINOPOLIS	BR	-20.14355	-44.89065
12062	FLORIANOPOLIS	FLORIANOPOLIS	BR	-27.59667	-48.54917
12200	FORTALEZA	FORTALEZA	BR	-3.71722	-38.54306
12063	GARANHUNS	GARANHUNS	BR	-8.88202	-36.50216
12189	GARIBALDI (R.G.S.)	GARIBALDI (R.G.S.)	BR	-29.25611	-51.53361
12064	GOIANIA	GOIANIA	BR	-16.67861	-49.25389
12188	GRAMADO (R.G.S.)	GRAMADO (R.G.S.)	BR	-29.37861	-50.87389
12148	GRAVATAI	GRAVATAI	BR	-29.94218	-50.99278
12065	GUARATINGUETA	GUARATINGUETA	BR	-22.81639	-45.19250
12154	GUARUJA (S.P.)	GUARUJA (S.P.)	BR	-23.99306	-46.25639
12066	IBIRITE (Minas..)	IBIRITE (Minas..)	BR	-20.02194	-44.05889
12139	IGACI	IGACI	BR	-9.53694	-36.63361
12067	ILHEUS	ILHEUS	BR	-14.79909	-39.03228
12163	INAJA	INAJA	BR	-8.90167	-37.82389
12183	INDAIATUBA	INDAIATUBA	BR	-23.08842	-47.21190
12141	ITABUNA	ITABUNA	BR	-14.78556	-39.28028
12152	ITAGUAI	ITAGUAI	BR	-22.85222	-43.77528
12069	ITAPETININGA	ITAPETININGA	BR	-23.59167	-48.05306
12070	ITATIBA	ITATIBA	BR	-23.00583	-46.83889
12142	JEQUIE (B)	JEQUIE (B)	BR	-13.85875	-40.08512
12071	JOAO PESSOA	JOAO PESSOA	BR	-7.11500	-34.86306
12072	JOINVILLE	JOINVILLE	BR	-26.30444	-48.84556
12073	JUIZ DE FORA	JUIZ DE FORA	BR	-21.76417	-43.35028
12074	JUNDIAI	JUNDIAI	BR	-23.18639	-46.88417
12170	LARANJAL DO JARI	LARANJAL DO JARI	BR	-0.82600	-52.50600
12075	LIMEIRA	LIMEIRA	BR	-22.56472	-47.40167
12076	LONDRINA	LONDRINA	BR	-23.31028	-51.16278
12077	MACAPA	MACAPA	BR	0.03889	-51.06639
12078	MACEIO	MACEIO	BR	-9.66583	-35.73528
12171	MANACAPURU	MANACAPURU	BR	-3.29972	-60.62056
12079	MANAUS	MANAUS	BR	-3.10194	-60.02500
12175	MANICORE	MANICORE	BR	-5.80917	-61.30028
12080	MARINGA	MARINGA	BR	-23.42528	-51.93861
12162	MATA GRANDE	MATA GRANDE	BR	-9.11750	-37.73222
12172	MAUES	MAUES	BR	-3.38361	-57.71861
12082	MONTENEGRO (R.G.S.)	MONTENEGRO (R.G.S.)	BR	-29.68861	-51.46111
12134	MURICI (A)	MURICI (A)	BR	-9.30667	-35.94333
12083	NATAL	NATAL	BR	-5.79500	-35.20944
12084	NEPOMUCENO (M.G)	NEPOMUCENO (M.G)	BR	-21.23342	-45.23488
12153	NILOPOLIS	NILOPOLIS	BR	-22.80750	-43.41389
12086	NOVA IGUACU	NOVA IGUACU	BR	-22.75917	-43.45111
12085	NOVA LIMA (M.G)	NOVA LIMA (M.G)	BR	-19.98556	-43.84667
12087	PALMAS	PALMAS	BR	-10.16745	-48.32766
12165	PAO DE ACUCAR (A)	PAO DE ACUCAR (A)	BR	-9.74833	-37.43667
12088	PARNAIBA	PARNAIBA	BR	-2.90472	-41.77667
12150	PARNAMIRIM	PARNAMIRIM	BR	-5.91556	-35.26278
12089	PASSO FUNDO	PASSO FUNDO	BR	-28.26278	-52.40667
12090	PELOTAS	PELOTAS	BR	-31.76997	-52.34101
12167	PENEDO	PENEDO	BR	-10.29028	-36.58639
12091	PETROPOLIS	PETROPOLIS	BR	-22.50500	-43.17861
12132	PILAR (A)	PILAR (A)	BR	-9.59722	-35.95667
12185	PINDAMONHANGABA	PINDAMONHANGABA	BR	-22.92389	-45.46167
12092	PIRACICABA	PIRACICABA	BR	-22.72528	-47.64917
12093	PIRAPORA	PIRAPORA	BR	-17.34500	-44.94194
12094	PIRASSUNUNGA	PIRASSUNUNGA	BR	-21.99611	-47.42583
12095	PLANALTINA	PLANALTINA	BR	-15.61791	-47.64874
12195	PORTO ALEGRE (R.G.S.)	PORTO ALEGRE (R.G.S.)	BR	-30.03283	-51.23019
12096	PORTO NACIONAL	PORTO NACIONAL	BR	-10.70806	-48.41722
12097	PORTO VELHO	PORTO VELHO	BR	-8.76194	-63.90389
12156	PRAIA GRANDE (S.P.)	PRAIA GRANDE (S.P.)	BR	-24.00583	-46.40278
12151	QUEIMADOS (R.J.)	QUEIMADOS (R.J.)	BR	-22.71611	-43.55528
12198	RECIFE (P)	RECIFE (P)	BR	-8.05389	-34.88111
12181	RIBEIRAO DAS NEVES	RIBEIRAO DAS NEVES	BR	-19.76694	-44.08667
12098	RIBEIRAO PIRES	RIBEIRAO PIRES	BR	-23.71056	-46.41333
12099	RIBEIRAO PRETO	RIBEIRAO PRETO	BR	-21.17750	-47.81028
12100	RIO BRANCO	RIO BRANCO	BR	-9.97472	-67.81000
12146	RIO CLARO (S.P.)	RIO CLARO (S.P.)	BR	-22.41139	-47.56139
12196	RIO DE JANEIRO	RIO DE JANEIRO	BR	-22.90642	-43.18223
12131	RIO LARGO	RIO LARGO	BR	-9.47833	-35.85333
12101	SALVADOR	SALVADOR	BR	-12.97563	-38.49096
12102	SANTA CRUZ DO SUL	SANTA CRUZ DO SUL	BR	-29.71750	-52.42583
12182	SANTA LUZIA (M.G.)	SANTA LUZIA (M.G.)	BR	-19.76972	-43.85139
12169	SANTANA (A)	SANTANA (A)	BR	-0.03816	-51.17476
12161	SANTANA DO IPANEMA	SANTANA DO IPANEMA	BR	-9.37833	-37.24528
12103	SANTAREM	SANTAREM	BR	-2.44306	-54.70833
12104	SANTO ANGELO	SANTO ANGELO	BR	-28.29917	-54.26306
12105	SANTOS	SANTOS	BR	-23.96083	-46.33361
12106	SAO CARLOS (Sao Poulo)	SAO CARLOS (Sao Poulo)	BR	-22.01750	-47.89083
12108	SAO JOSE	SAO JOSE	BR	-27.61528	-48.62750
12107	SAO JOSE DA LAJE	SAO JOSE DA LAJE	BR	-9.00972	-36.05833
12119	SAO JOSE DO RIO PRETO	SAO JOSE DO RIO PRETO	BR	-20.81972	-49.37944
12109	SAO JOSE DOS PINHAIS	SAO JOSE DOS PINHAIS	BR	-25.53020	-49.20836
12110	SAO LEOPOLDO	SAO LEOPOLDO	BR	-29.76028	-51.14722
12111	SAO LUIS (Maranhao)	SAO LUIS (Maranhao)	BR	-2.52972	-44.30278
12135	SAO LUIS DO QUITUNDE	SAO LUIS DO QUITUNDE	BR	-9.31833	-35.56111
12112	SAO MIGUEL DOS CAMPOS	SAO MIGUEL DOS CAMPOS	BR	-9.78111	-36.09361
12197	SAO PAULO (S.P.)	SAO PAULO (S.P.)	BR	-23.54750	-46.63611
12113	SAO SEBASTIAO (Alogora)	SAO SEBASTIAO (Alogora)	BR	-15.90287	-47.77613
12155	SAO VICENTE (S.P.)	SAO VICENTE (S.P.)	BR	-23.96306	-46.39194
12147	SAPUCAIA DO SUL	SAPUCAIA DO SUL	BR	-29.81782	-51.14551
12130	SENA MADUREIRA	SENA MADUREIRA	BR	-9.06341	-68.67245
12114	SETE LAGOAS (M.GoroIs)	SETE LAGOAS (M.GoroIs)	BR	-19.46583	-44.24667
12115	SOBRAL (Cearal)	SOBRAL (Cearal)	BR	-3.68611	-40.34972
12145	SUMARE	SUMARE	BR	-22.82194	-47.26694
12116	TANGARA DA SERRA (M.G.)	TANGARA DA SERRA (M.G.)	BR	-14.61944	-57.48583
12174	TAPAUA	TAPAUA	BR	-5.62833	-63.18333
12129	TARAUACA	TARAUACA	BR	-8.16139	-70.76556
12117	TAUBATE	TAUBATE	BR	-23.02639	-45.55528
12199	TERESINA	TERESINA	BR	-5.08917	-42.80194
12118	TERESOPOLIS (R.D.J.)	TERESOPOLIS (R.D.J.)	BR	-22.41670	-42.97822
12186	TOLEDO	TOLEDO	BR	-24.71361	-53.74306
12166	TRAIPU	TRAIPU	BR	-9.97056	-37.00333
12120	TRES LAGOAS (M.G.D.S.)	TRES LAGOAS (M.G.D.S.)	BR	-20.78765	-51.70338
12121	UBERABA	UBERABA	BR	-19.74833	-47.93194
12122	UBERLANDIA	UBERLANDIA	BR	-18.91861	-48.27722
12123	UNIAO DA VITORIA	UNIAO DA VITORIA	BR	-26.23000	-51.08639
12137	UNIAO DOS PALMARES	UNIAO DOS PALMARES	BR	-9.16278	-36.03194
12124	VALINHOS	VALINHOS	BR	-22.97056	-46.99583
12192	VARZEA GRANDE (M.G)	VARZEA GRANDE (M.G)	BR	-15.64667	-56.13250
12149	VIAMAO	VIAMAO	BR	-30.08111	-51.02333
12125	VICOSA	VICOSA	BR	-20.75389	-42.88194
12158	VILA VELHA (E.S.)	VILA VELHA (E.S.)	BR	-20.32972	-40.29250
12126	VITORIA	VITORIA	BR	-20.31944	-40.33778
12127	VOLTA REDONDA (R.J.)	VOLTA REDONDA (R.J.)	BR	-22.52306	-44.10417
12203	BANDAR SERI BEGAWAN	BANDAR SERI BEGAWAN	BN	4.89035	114.94006
12204	KUALA BELAIT	KUALA BELAIT	BN	4.58361	114.23120
12224	ARDINO	ARDINO	BG	41.58322	25.13371
12221	ASENOVGRAD	ASENOVGRAD	BG	42.01667	24.86667
12218	AYTOS	AYTOS	BG	42.70322	27.25464
12223	BANSKO	BANSKO	BG	41.83610	23.48745
12205	BLAGOEVGRAD	BLAGOEVGRAD	BG	42.01457	23.09804
12233	BREZNIK	BREZNIK	BG	42.74085	22.90723
12238	BURGAS	BURGAS	BG	42.50651	27.46886
12230	CHEPELARE	CHEPELARE	BG	41.73333	24.68333
12231	DEVIN	DEVIN	BG	41.74327	24.40003
12225	IVAYLOVGRAD	IVAYLOVGRAD	BG	41.52672	26.12490
12227	KRUMOVGRAD	KRUMOVGRAD	BG	41.47127	25.65485
12212	LOVECH	LOVECH	BG	43.13227	24.71763
12206	LUKOVIT	LUKOVIT	BG	43.20000	24.16667
12232	MADAN	MADAN	BG	41.49869	24.93973
12208	MONTANA	MONTANA	BG	43.41285	23.22174
12228	NEDELINO	NEDELINO	BG	41.45602	25.08008
12216	PERNIK	PERNIK	BG	42.59671	23.03318
12209	PETRICH	PETRICH	BG	41.39846	23.20702
12213	PLOVDIV	PLOVDIV	BG	42.15387	24.75001
12217	RADOMIR	RADOMIR	BG	42.54565	22.96553
12249	RAZGRAD	RAZGRAD	BG	43.53331	26.51849
12210	SAMOKOV	SAMOKOV	BG	42.33855	23.55805
12240	SILISTRA	SILISTRA	BG	44.11710	27.26056
12252	SMOLYAN	SMOLYAN	BG	41.57439	24.71204
12220	TUTRAKAN	TUTRAKAN	BG	44.04906	26.61206
12215	VARNA	VARNA	BG	43.21912	27.91024
12236	VELIKO TURNOVO	VELIKO TURNOVO	BG	43.08124	25.62904
12207	VRATSA	VRATSA	BG	43.21052	23.56312
12229	ZLATOGRAD	ZLATOGRAD	BG	41.37950	25.09605
12260	BANFORA	BANFORA	BF	10.64064	-4.75285
12255	BOBO-DIOULASSO	BOBO-DIOULASSO	BF	11.18064	-4.29489
12259	BOROMO	BOROMO	BF	11.74542	-2.93006
12257	DIAPAGA	DIAPAGA	BF	12.07290	1.78835
12258	KOUDOUGOU	KOUDOUGOU	BF	12.25188	-2.36694
12256	OUAGADOUGOU	OUAGADOUGOU	BF	12.36566	-1.53388
12254	OUAHIGOUYA	OUAHIGOUYA	BF	13.57690	-2.41786
12261	TENKODOGO	TENKODOGO	BF	11.78442	-0.37184
12266	MANDALAY	MANDALAY	MM	21.97473	96.08359
12265	MONYWA	MONYWA	MM	22.10856	95.13583
12263	PYINMANA (Naypyidaw)	PYINMANA (Naypyidaw)	MM	19.73810	96.20742
12276	TAUNGGYI	TAUNGGYI	MM	20.78919	97.03776
12274	THATON	THATON	MM	16.91867	97.37001
12264	YANGON	YANGON	MM	16.80528	96.15611
12273	YE	YE	MM	15.24645	97.85506
12277	BUJUMBURA	BUJUMBURA	BI	-3.38193	29.36142
12281	BURURI	BURURI	BI	-3.94877	29.62438
12280	GITEGA	GITEGA	BI	-3.42708	29.92463
12278	NGOZI	NGOZI	BI	-2.90750	29.83060
12282	RUTANA	RUTANA	BI	-3.92790	29.99200
12279	RUYIGI	RUYIGI	BI	-3.47639	30.24861
12283	THIMPHU	THIMPHU	BT	27.46609	89.64191
12292	ABECHE	ABECHE	TD	13.82916	20.83240
12297	AM TIMAN	AM TIMAN	TD	11.04330	20.28342
12291	ATI	ATI	TD	13.21380	18.33930
12290	BILTINE	BILTINE	TD	14.52727	20.92603
12299	BOL	BOL	TD	13.46729	14.71352
12285	BONGOR	BONGOR	TD	10.28088	15.37425
12295	DOBA	DOBA	TD	8.66389	16.85324
12287	KELO	KELO	TD	9.30859	15.80658
12294	KOUMRA	KOUMRA	TD	8.91587	17.55046
12286	LAI	LAI	TD	9.39720	16.30066
12289	MAO	MAO	TD	14.12286	15.31189
12288	MOUNDOU	MOUNDOU	TD	8.57437	16.07722
12293	SARH	SARH	TD	9.14555	18.38331
12303	GROZNY	GROZNY	RU	43.31195	45.68895
12302	SHALI	SHALI	RU	43.14806	45.90194
12301	URUS-MARTAN	URUS-MARTAN	RU	43.13053	45.53791
17837	BENESOV	BENESOV	CZ	49.78162	14.68697
12316	BLANSKO	BLANSKO	CZ	49.36304	16.64446
12304	BRNO	BRNO	CZ	49.19522	16.60796
12317	CESKE BUDEJOVICE	CESKE BUDEJOVICE	CZ	48.97447	14.47434
12318	CHEB	CHEB	CZ	50.07963	12.37392
12319	DECIN	DECIN	CZ	50.78215	14.21478
12320	FRYDEK-MISTEK	FRYDEK-MISTEK	CZ	49.68333	18.35000
12342	HAVIROV	HAVIROV	CZ	49.77984	18.43688
12321	HRADEC KRALOVE	HRADEC KRALOVE	CZ	50.20923	15.83277
12323	JIHLAVA	JIHLAVA	CZ	49.39610	15.59124
12305	KARLOVY VARY	KARLOVY VARY	CZ	50.23271	12.87117
12324	KLADNO	KLADNO	CZ	50.14734	14.10285
12325	KLATOVY	KLATOVY	CZ	49.39552	13.29505
12340	KOPRIVNICE	KOPRIVNICE	CZ	49.59947	18.14480
12326	KRNOV	KRNOV	CZ	50.08967	17.70385
12344	LIBEREC	LIBEREC	CZ	50.76711	15.05619
12307	LOUNY	LOUNY	CZ	50.35699	13.79667
12327	MLADA BOLESLAV	MLADA BOLESLAV	CZ	50.41135	14.90318
12328	MOST	MOST	CZ	50.50301	13.63617
12329	NACHOD	NACHOD	CZ	50.41670	16.16289
12308	NERATOVICE	NERATOVICE	CZ	50.25926	14.51759
12322	NOVY JICIN	NOVY JICIN	CZ	49.59438	18.01028
12309	NYMBURK	NYMBURK	CZ	50.18605	15.04167
12330	OLOMOUC	OLOMOUC	CZ	49.59552	17.25175
12331	OPAVA	OPAVA	CZ	49.93866	17.90257
12332	OSTRAVA	OSTRAVA	CZ	49.83465	18.28204
12333	PARDUBICE	PARDUBICE	CZ	50.04075	15.77659
12312	PODEBRADY	PODEBRADY	CZ	50.14242	15.11881
12315	PRAG	PRAG	CZ	50.08804	14.42076
12334	PRIBRAM	PRIBRAM	CZ	49.68988	14.01043
12310	RICANY (SK)	RICANY (SK)	CZ	49.99168	14.65427
12311	ROZTOKY (P)	ROZTOKY (P)	CZ	50.15841	14.39760
12313	SLANY	SLANY	CZ	50.23046	14.08693
12336	TABOR	TABOR	CZ	49.41441	14.65780
12337	TEPLICE	TEPLICE	CZ	50.64040	13.82451
12341	TRINEC	TRINEC	CZ	49.67763	18.67078
12338	USTI NAD LABEM	USTI NAD LABEM	CZ	50.66070	14.03227
12314	ZAPY	ZAPY	CZ	50.16500	14.68005
12343	ZLIN	ZLIN	CZ	49.22645	17.67065
12339	ZNOJMO	ZNOJMO	CZ	48.85550	16.04880
12346	ANNABA	ANNABA	DZ	36.90000	7.76667
12359	BATNA	BATNA	DZ	35.55597	6.17414
12357	BECHAR	BECHAR	DZ	31.61667	-2.21667
12351	BEJAIA	BEJAIA	DZ	36.75587	5.08433
12358	BISKRA	BISKRA	DZ	34.85038	5.72805
12352	BLIDA	BLIDA	DZ	36.47004	2.82770
12349	CONSTANTINE	CONSTANTINE	DZ	36.36500	6.61472
12347	MASCARA	MASCARA	DZ	35.39664	0.14027
12354	MOSTAGANEM	MOSTAGANEM	DZ	35.93115	0.08918
12362	ORAN	ORAN	DZ	35.69906	-0.63588
12350	SETIF	SETIF	DZ	36.19112	5.41373
12355	SIDI BEL ABBES	SIDI BEL ABBES	DZ	35.18994	-0.63085
12348	SKIKDA	SKIKDA	DZ	36.87617	6.90921
12360	TEBESSA	TEBESSA	DZ	35.40417	8.12417
12356	TLEMCEN	TLEMCEN	DZ	34.87833	-1.31500
12363	ALI SABIH	ALI SABIH	DJ	11.15583	42.71250
12364	DIKHIL	DIKHIL	DJ	11.10454	42.36971
12365	OBOCK	OBOCK	DJ	11.96693	43.28835
12422	AIHUI ( HeIhe )	AIHUI ( HeIhe )	CN	49.97946	127.48119
12424	ANDA	ANDA	CN	46.44867	125.30161
12425	ANKANG	ANKANG	CN	32.68000	109.01722
12426	ANQING	ANQING	CN	30.51365	117.04723
12371	ANSHAN	ANSHAN	CN	41.12361	122.99000
12427	ANYANG	ANYANG	CN	36.09600	114.38278
12428	BAODING	BAODING	CN	38.87288	115.46246
12429	BAOJI	BAOJI	CN	34.36775	107.23705
12430	BAOSHAN	BAOSHAN	CN	31.40845	121.48956
12431	BEIHAI	BEIHAI	CN	21.48349	109.11549
12432	BIJIE	BIJIE	CN	27.30193	105.28627
12370	CHANGCHUN (JILIN)	CHANGCHUN (JILIN)	CN	43.88000	125.32278
12435	CHANGDE ( HUNAN )	CHANGDE ( HUNAN )	CN	29.03205	111.69844
12580	CHANGSHA	CHANGSHA	CN	28.19874	112.97087
12437	CHANGSHU	CHANGSHU	CN	31.64615	120.74221
12438	CHANGTING ( FUJON)	CHANGTING ( FUJON)	CN	44.46911	128.91847
12439	CHANGZHI	CHANGZHI	CN	36.18389	113.10528
12373	CHANGZHOU (JIANGSU PRO.)	CHANGZHOU (JIANGSU PRO.)	CN	31.77359	119.95401
12440	CHAOYANG	CHAOYANG	CN	41.57028	120.45861
12441	CHENGDE	CHENGDE	CN	40.95190	117.95883
12442	CHENGDU	CHENGDU	CN	30.66667	104.06667
12443	CHENZHOU ( HUNAN )	CHENZHOU ( HUNAN )	CN	25.80000	113.03333
12444	CHIFENG	CHIFENG	CN	42.26833	118.96361
12445	CHONGQING	CHONGQING	CN	29.56026	106.55771
12446	CHUXIONG	CHUXIONG	CN	25.03639	101.54556
12448	DALI ( SHANXI )	DALI ( SHANXI )	CN	25.58474	100.21229
12447	DALI ( YUNNAN )	DALI ( YUNNAN )	CN	25.58474	100.21229
12578	DALIAN	DALIAN	CN	38.91222	121.60222
12383	DANDONG	DANDONG	CN	40.12917	124.39472
12452	DANYANG	DANYANG	CN	26.35102	119.48030
12450	DAQING	DAQING	CN	46.58333	125.00000
12454	DONGFANG	DONGFANG	CN	28.75448	120.16532
12455	DONGSHENG ( IMAR )	DONGSHENG ( IMAR )	CN	39.81609	109.97763
12456	DONGYING	DONGYING	CN	37.46271	118.49165
12458	DUNHUA	DUNHUA	CN	43.36954	128.22861
12459	DUNHUANG	DUNHUANG	CN	40.16667	94.68333
12460	DUOLUN	DUOLUN	CN	42.18712	116.48909
12461	DUSHAN	DUSHAN	CN	25.83333	107.53333
12462	ENSHI	ENSHI	CN	30.30000	109.48333
12463	ERENHOT	ERENHOT	CN	43.64750	111.97667
12464	FANGXIAN ( HUBE )	FANGXIAN ( HUBE )	CN	32.00104	119.73409
12387	FOSHAN	FOSHAN	CN	23.02677	113.13148
12465	FUJIN	FUJIN	CN	47.24723	132.02957
12384	FUSHUN	FUSHUN	CN	41.88669	123.94363
12382	FUXIN	FUXIN	CN	42.01556	121.65889
12466	FUYANG	FUYANG	CN	32.90000	115.81667
12535	FUYU	FUYU	CN	45.18333	124.81667
12467	FUYUAN ( HeIlangjong )	FUYUAN ( HeIlangjong )	CN	48.36346	134.29843
12380	FUZHOU (FUJIAN PRO.)	FUZHOU (FUJIAN PRO.)	CN	26.06139	119.30611
12468	GANZHOU	GANZHOU	CN	25.84664	114.93260
12469	GOLMUD	GOLMUD	CN	36.40672	94.90061
12577	GUANGZHOU	GUANGZHOU	CN	23.11667	113.25000
12388	GUANZHU	GUANZHU	CN	21.69052	111.17330
12470	GUILIN	GUILIN	CN	25.28022	110.29639
12369	GUIYANG (GUIZHOU)	GUIYANG (GUIZHOU)	CN	26.58333	106.71667
12471	GUSHI	GUSHI	CN	34.64250	109.58426
12472	HAILAR	HAILAR	CN	49.20000	119.70000
12473	HAIYANG	HAIYANG	CN	29.78612	118.17698
12474	HAMI	HAMI	CN	42.83393	93.50601
12582	HANGZHOU	HANGZHOU	CN	30.29365	120.16142
12367	HARBIN	HARBIN	CN	45.75000	126.65000
12475	HECHI	HECHI	CN	24.69285	108.08376
12375	HEFEI	HEFEI	CN	31.86389	117.28083
12476	HEYUAN	HEYUAN	CN	23.73333	114.68333
12478	HUADIAN	HUADIAN	CN	42.97213	126.74107
12479	HUAILAI	HUAILAI	CN	40.40435	115.51950
12481	HUIMIN	HUIMIN	CN	29.46194	106.70472
12482	HUIZE	HUIZE	CN	26.41571	103.29310
12389	HUIZHOU	HUIZHOU	CN	23.11147	114.41523
12484	JIAN'OU	JIAN'OU	CN	27.04146	118.31897
12487	JIANGYIN	JIANGYIN	CN	31.91102	120.26302
12488	JIEXIU	JIEXIU	CN	37.02444	111.91250
12489	JILIN	JILIN	CN	43.84652	126.56080
12559	JINAN	JINAN	CN	36.66833	116.99722
12393	JINCHENG	JINCHENG	CN	35.50222	112.83278
12490	JINGDEZHEN	JINGDEZHEN	CN	29.29470	117.20789
12491	JINING ( IMAR )	JINING ( IMAR )	CN	35.40500	116.58139
12398	JINING ( Shondog )	JINING ( Shondog )	CN	35.40500	116.58139
12492	JINZHOU	JINZHOU	CN	41.10778	121.14167
12493	JIXI	JIXI	CN	45.29322	130.96217
12494	KAIFENG ( HENAN )	KAIFENG ( HENAN )	CN	34.79860	114.30742
12495	KANGDING	KANGDING	CN	30.00222	101.95690
12496	KARAMAY	KARAMAY	CN	45.58473	84.88724
12498	KESHAN	KESHAN	CN	48.03153	125.86726
12499	KORLA	KORLA	CN	41.76055	86.15231
12500	KUANDIAN	KUANDIAN	CN	40.72861	124.78472
12374	KUNMING	KUNMING	CN	25.03889	102.71833
12502	LAIWU	LAIWU	CN	36.19278	117.65694
12503	LANGZHONG	LANGZHONG	CN	31.55037	105.99381
12504	LANZHOU	LANZHOU	CN	36.05701	103.83987
12506	LHASA	LHASA	CN	29.65000	91.10000
12508	LIANYUNGANG	LIANYUNGANG	CN	34.59845	119.21556
12509	LIAOYANG	LIAOYANG	CN	41.27194	123.17306
12511	LINJIANG	LINJIANG	CN	31.09956	108.21964
12512	LINXI	LINXI	CN	39.71183	118.44954
12513	LINYI	LINYI	CN	35.06306	118.34278
12514	LISHI ( SHANXI )	LISHI ( SHANXI )	CN	29.07888	106.26200
12515	LIUZHOU	LIUZHOU	CN	24.32405	109.40698
12516	LIYANG	LIYANG	CN	29.70570	118.28624
12517	LONGKOU	LONGKOU	CN	29.94122	113.75867
12518	LUOYANG	LUOYANG	CN	34.67345	112.43684
12519	LUZHOU	LUZHOU	CN	28.89030	105.42575
12579	MENGZHAI	MENGZHAI	CN	33.54252	113.60889
12520	MIANYANG	MIANYANG	CN	31.46784	104.68168
12521	MUDANJIANG	MUDANJIANG	CN	44.54804	129.62594
12522	NAGQU	NAGQU	CN	31.47678	92.05729
12527	NAN TONG	NAN TONG	CN	32.03028	120.87472
12584	NANCHANG	NANCHANG	CN	28.68396	115.85306
12523	NANCHONG	NANCHONG	CN	30.79508	106.08473
12524	NANJING ( JIANGSU )	NANJING ( JIANGSU )	CN	32.06167	118.77778
12525	NANNING	NANNING	CN	22.81667	108.31667
12526	NANPING	NANPING	CN	26.64500	118.17361
12528	NANYANG	NANYANG	CN	33.00524	112.54659
12379	NINGBO	NINGBO	CN	29.87819	121.54945
12531	PINGLIANG	PINGLIANG	CN	35.53917	106.68611
12532	PINGXIANG ( GZAR )	PINGXIANG ( GZAR )	CN	27.61672	113.85353
12533	PINGXIANG ( JIANGXI )	PINGXIANG ( JIANGXI )	CN	27.61672	113.85353
12534	QAMDO	QAMDO	CN	31.13040	97.17982
12378	QINGDAO	QINGDAO	CN	36.06488	120.38042
12536	QINGJIANG	QINGJIANG	CN	29.28343	105.47343
12537	QINGLONG	QINGLONG	CN	30.77977	109.25641
12538	QINGYUAN	QINGYUAN	CN	23.70000	113.03333
12539	QINHUANGDAO	QINHUANGDAO	CN	39.94104	119.58936
12540	QINZHOU	QINZHOU	CN	21.98247	108.65061
12541	QIQIHAR	QIQIHAR	CN	47.33922	123.96154
12542	QUANZHOU	QUANZHOU	CN	24.91389	118.58583
12543	QUFU	QUFU	CN	35.59667	116.99111
12545	QUZHOU ( HEBEI )	QUZHOU ( HEBEI )	CN	28.95944	118.86861
12544	QUZHOU ( ZHEJIANG )	QUZHOU ( ZHEJIANG )	CN	28.95944	118.86861
12547	RIZHAO	RIZHAO	CN	35.41414	119.52908
12548	RONGJIANG	RONGJIANG	CN	26.55000	101.25000
12549	SHACHE	SHACHE	CN	38.41667	77.24056
12585	SHANGHAI	SHANGHAI	CN	31.22222	121.45806
12372	SHANTOU	SHANTOU	CN	23.35489	116.67876
12550	SHANWEI	SHANWEI	CN	22.78199	115.34750
12551	SHAOGUAN	SHAOGUAN	CN	24.80000	113.58333
12552	SHAOWU	SHAOWU	CN	27.34089	117.48310
12553	SHAOYANG	SHAOYANG	CN	27.23818	111.46214
12554	SHENYANG	SHENYANG	CN	41.79222	123.43278
12381	SHENZHEN	SHENZHEN	CN	22.54554	114.06830
12555	SHIJIAZHUANG ( HEBEI )	SHIJIAZHUANG ( HEBEI )	CN	38.04139	114.47861
12556	SHIYAN ( HUBEI )	SHIYAN ( HUBEI )	CN	32.64750	110.77806
12557	SIPING ( JILIN )	SIPING ( JILIN )	CN	43.16143	124.37785
12558	SUZHOU	SUZHOU	CN	31.30408	120.59538
12560	TAIYUAN	TAIYUAN	CN	37.86944	112.56028
12561	TANGSHAN	TANGSHAN	CN	39.64381	118.18319
12377	TIANJIN	TIANJIN	CN	39.14222	117.17667
12564	TONGLIAO	TONGLIAO	CN	43.61250	122.26528
12385	URUMQI	URUMQI	CN	43.80096	87.60046
12576	WEIFANG	WEIFANG	CN	36.71000	119.10194
12581	WENZHOU	WENZHOU	CN	27.99942	120.66682
12565	WUGANG	WUGANG	CN	26.72790	110.63198
12566	WUHAN	WUHAN	CN	30.58333	114.26667
12567	WUXI	WUXI	CN	31.56887	120.28857
12568	WUZHOU	WUZHOU	CN	23.48054	111.28848
12368	XI'AN (SHAANXI)	XI'AN (SHAANXI)	CN	34.25833	108.92861
12569	XIAMEN	XIAMEN	CN	24.47979	118.08187
12570	XICHANG	XICHANG	CN	27.89642	102.26341
12572	XILIN HOT	XILIN HOT	CN	43.96667	116.03333
12573	XINGTAI	XINGTAI	CN	37.06217	114.49272
12574	XINING	XINING	CN	36.62554	101.75739
12575	XINXIAN	XINXIAN	CN	25.65645	119.05318
12376	XINXIANG	XINXIANG	CN	35.19033	113.80151
12390	XINYANG	XINYANG	CN	32.12278	114.06556
12386	XUZHOU	XUZHOU	CN	34.20442	117.28386
12391	YA'AN	YA'AN	CN	29.98521	102.99900
12392	YAN'AN	YAN'AN	CN	36.59889	109.49167
12394	YANGJIANG	YANGJIANG	CN	21.85563	111.96272
12395	YANGZHOU	YANGZHOU	CN	32.39722	119.43583
12396	YANJI	YANJI	CN	42.88825	129.50241
12397	YANTAI	YANTAI	CN	37.47649	121.44081
12400	YIBIN	YIBIN	CN	28.75930	104.63994
12401	YICHUN	YICHUN	CN	27.83333	114.40000
12402	YINCHUAN	YINCHUAN	CN	38.46806	106.27306
12403	YINGKOU	YINGKOU	CN	40.66472	122.23176
12404	YINING	YINING	CN	43.97799	81.51804
12406	YUEYANG	YUEYANG	CN	29.37455	113.09481
12407	YULIN ( GZAR )	YULIN ( GZAR )	CN	22.63050	110.14686
12408	YUSHU ( QINGHAI )	YUSHU ( QINGHAI )	CN	33.00118	97.00893
12409	ZAOYANG	ZAOYANG	CN	32.12722	112.75417
12410	ZHANGJIAKOU	ZHANGJIAKOU	CN	40.78341	114.87139
12583	ZHANGZHOU	ZHANGZHOU	CN	24.51333	117.65556
12411	ZHANJIANG ( GUANGDONG )	ZHANJIANG ( GUANGDONG )	CN	21.23391	110.38749
12413	ZHENGZHOU	ZHENGZHOU	CN	34.75778	113.64861
12414	ZHENJIANG	ZHENJIANG	CN	32.21086	119.45508
12412	ZHENZHOU	ZHENZHOU	CN	32.28034	119.16999
12415	ZHUHAI	ZHUHAI	CN	22.27694	113.56778
12416	ZHUMADIAN	ZHUMADIAN	CN	32.98385	114.02586
12419	ZHUZHOU	ZHUZHOU	CN	27.83333	113.15000
12417	ZIBO	ZIBO	CN	36.79056	118.06333
12418	ZIGONG	ZIGONG	CN	29.34162	104.77689
12420	ZUNYI	ZUNYI	CN	27.68667	106.90722
12646	AABENRAA	AABENRAA	DK	55.04434	9.41741
12647	AALBORG	AALBORG	DK	57.04800	9.91870
17795	ALBERTSLUND	ALBERTSLUND	DK	55.65691	12.36381
12611	ASSENS (F)	ASSENS (F)	DK	55.27023	9.90081
17801	BALLERUP	BALLERUP	DK	55.73165	12.36328
12636	BILLUND	BILLUND	DK	55.73349	9.10785
12649	BIRKEROD	BIRKEROD	DK	55.84759	12.42791
12612	BOGENSE	BOGENSE	DK	55.56691	10.08863
12638	ESBJERG	ESBJERG	DK	55.47028	8.45187
17799	FARUM	FARUM	DK	55.80858	12.36066
12623	FREDERICIA	FREDERICIA	DK	55.56568	9.75257
12650	FREDERIKSHAVN	FREDERIKSHAVN	DK	57.44073	10.53661
12627	FREDERIKSSUND	FREDERIKSSUND	DK	55.83956	12.06896
12639	HADERSLEV	HADERSLEV	DK	55.24943	9.48771
12590	HADSUND	HADSUND	DK	56.71482	10.11682
12608	HASLEV	HASLEV	DK	55.32346	11.96389
17796	HEDEHUSENE	HEDEHUSENE	DK	55.64951	12.19827
12626	HELSINGOR	HELSINGOR	DK	56.03606	12.61360
12631	HERNING	HERNING	DK	56.13615	8.97662
12640	HILLEROD	HILLEROD	DK	55.92791	12.30081
12651	HJORRING	HJORRING	DK	57.46417	9.98229
12591	HOBRO	HOBRO	DK	56.64306	9.79029
12622	HOLBAEK	HOLBAEK	DK	55.71750	11.71279
12648	HOLSTEBRO	HOLSTEBRO	DK	56.36009	8.61607
12610	HOLTE (K)	HOLTE (K)	DK	55.81667	12.46667
12632	HORSENS (Aalborg)	HORSENS (Aalborg)	DK	55.86066	9.85034
12633	HORSENS (Vejle)	HORSENS (Vejle)	DK	55.86066	9.85034
12609	HUNDESTED	HUNDESTED	DK	55.96397	11.85044
17798	HVIDOVRE	HVIDOVRE	DK	55.64297	12.47708
12625	IKAST	IKAST	DK	56.13883	9.15768
17797	ISHOJ	ISHOJ	DK	55.61543	12.35182
12606	KARUP (V)	KARUP (V)	DK	56.30673	9.16835
12629	KOGE	KOGE	DK	55.45802	12.18214
12630	KOLDING	KOLDING	DK	55.49040	9.47216
12613	KORSOR	KORSOR	DK	55.32993	11.13857
12592	LOJT KIRKEBY	LOJT KIRKEBY	DK	55.08959	9.46084
12641	NAESTVED	NAESTVED	DK	55.22992	11.76092
12599	NORDBY ( R )	NORDBY ( R )	DK	55.44603	8.39786
12652	NORRESUNDBY	NORRESUNDBY	DK	57.05877	9.92284
12614	NYBORG (F)	NYBORG (F)	DK	55.31274	10.78964
12619	ODENSE	ODENSE	DK	55.39594	10.38831
12593	PADBORG	PADBORG	DK	54.82657	9.36247
12643	RANDERS	RANDERS	DK	56.46070	10.03639
12653	RIBE	RIBE	DK	55.33051	8.76966
12654	RINGKOBING	RINGKOBING	DK	56.09006	8.24402
12628	RINGSTED	RINGSTED	DK	55.44260	11.79011
12624	ROSKILDE	ROSKILDE	DK	55.64152	12.08035
12634	SILKEBORG	SILKEBORG	DK	56.16970	9.54508
12655	SKIVE	SKIVE	DK	56.56699	9.02707
12621	SLAGELSE	SLAGELSE	DK	55.40276	11.35459
12644	SONDERBORG	SONDERBORG	DK	54.90896	9.78917
12615	SORO	SORO	DK	55.43184	11.55547
12635	SVENDBORG	SVENDBORG	DK	55.05982	10.60677
17800	TAASTRUP	TAASTRUP	DK	55.65006	12.30160
12602	TJAEREBORG	TJAEREBORG	DK	55.46457	8.57968
12604	VARDE	VARDE	DK	55.62112	8.48069
12645	VEJLE	VEJLE	DK	55.70927	9.53570
12656	VIBORG	VIBORG	DK	56.45319	9.40201
12671	BOMA	BOMA	CD	-5.85098	13.05364
12667	BUKAVU	BUKAVU	CD	-2.49077	28.84281
12658	GOMA	GOMA	CD	-1.67409	29.22845
12663	KANANGA	KANANGA	CD	-5.89624	22.41659
12662	KIKWIT	KIKWIT	CD	-5.04098	18.81619
12672	KINSHASA	KINSHASA	CD	-4.32758	15.31357
12666	KISANGANI	KISANGANI	CD	0.51528	25.19099
12659	LIKASI	LIKASI	CD	-10.98303	26.73840
12660	LUBUMBASHI	LUBUMBASHI	CD	-11.66089	27.47938
12670	MATADI	MATADI	CD	-5.83861	13.46306
12665	MBANDAKA	MBANDAKA	CD	0.04865	18.26034
12664	MBUJI-MAYI	MBUJI-MAYI	CD	-6.13603	23.58979
12669	TSHIKAPA	TSHIKAPA	CD	-6.41621	20.79995
12673	DILI	DILI	TL	-8.55861	125.57361
12674	ROSEAU	ROSEAU	DM	15.30174	-61.38808
12676	BAJOS DE HAINA	BAJOS DE HAINA	DO	18.41538	-70.03317
12677	BANI	BANI	DO	18.27971	-70.33181
12679	BONAO	BONAO	DO	18.94154	-70.41111
12680	LA ROMANA	LA ROMANA	DO	18.42332	-68.96635
12688	LA VEGA	LA VEGA	DO	19.22031	-70.53101
12681	MOCA	MOCA	DO	19.39289	-70.52347
12682	PUERTO PLATA	PUERTO PLATA	DO	19.79344	-70.68840
12683	SAN CRISTOBAL	SAN CRISTOBAL	DO	18.41713	-70.10682
12684	SAN FRANCISCO DE MACORIS	SAN FRANCISCO DE MACORIS	DO	19.29377	-70.25285
12687	SANTO DOMINGO	SANTO DOMINGO	DO	18.47186	-69.89232
12690	AMBATO	AMBATO	EC	-1.24908	-78.61675
12710	AZOGUES	AZOGUES	EC	-2.73982	-78.84561
12712	BABAHOYO	BABAHOYO	EC	-1.80493	-79.52492
12691	BAHIA DE CARAQUEZ	BAHIA DE CARAQUEZ	EC	-0.60033	-80.42444
12692	CUENCA	CUENCA	EC	-2.89530	-78.99630
12706	ESMERALDAS	ESMERALDAS	EC	0.95920	-79.65397
12693	GUARANDA	GUARANDA	EC	-1.59106	-78.99903
12694	GUAYAQUIL	GUAYAQUIL	EC	-2.19616	-79.88621
12695	IBARRA	IBARRA	EC	0.34881	-78.12462
12696	LATACUNGA	LATACUNGA	EC	-0.93424	-78.61520
12697	LOJA	LOJA	EC	-3.99313	-79.20422
12708	MACAS	MACAS	EC	-2.30741	-78.12026
12698	MACHALA	MACHALA	EC	-3.25886	-79.95876
12699	MANTA	MANTA	EC	-0.94937	-80.73137
12711	NUEVA LOJA	NUEVA LOJA	EC	0.08600	-76.89528
12700	PORTOVIEJO	PORTOVIEJO	EC	-1.05764	-80.45145
12701	PUERTO BAQUERIZO MORENO	PUERTO BAQUERIZO MORENO	EC	-0.90172	-89.61021
12707	PUYO	PUYO	EC	-1.49156	-78.00337
12702	QUITO	QUITO	EC	-0.22985	-78.52495
12703	RIOBAMBA	RIOBAMBA	EC	-1.66506	-78.65887
12704	SANTO DOMINGO DE LOS COLORADOS	SANTO DOMINGO DE LOS COLORADOS	EC	-0.25368	-79.17628
12709	TENA	TENA	EC	-0.99610	-77.81315
12705	TULCAN	TULCAN	EC	0.81240	-77.71709
12713	MALABO	MALABO	GQ	3.75578	8.78166
12716	APOPA	APOPA	SV	13.80722	-89.17917
12722	MEJICANOS	MEJICANOS	SV	13.72397	-89.18800
12717	SAN MIGUEL	SAN MIGUEL	SV	13.48261	-88.18211
12723	SAN SALVADOR	SAN SALVADOR	SV	13.68935	-89.18718
12718	SANTA ANA	SANTA ANA	SV	13.98827	-89.55685
12715	SOYAPANGO	SOYAPANGO	SV	13.71024	-89.13989
12720	ZACATECOLUCA	ZACATECOLUCA	SV	13.50872	-88.87017
12727	AMBON	AMBON	ID	-3.69583	128.18333
12729	BALIKPAPAN	BALIKPAPAN	ID	-1.26753	116.82887
12773	BANDA ACEH	BANDA ACEH	ID	5.54167	95.33333
12730	BANDAR LAMPUNG	BANDAR LAMPUNG	ID	-5.42917	105.26111
12731	BANDUNG (JAWA BARAT)	BANDUNG (JAWA BARAT)	ID	-6.92222	107.60694
12738	BANJARMASIN	BANJARMASIN	ID	-3.31987	114.59075
12733	BEKASI	BEKASI	ID	-6.23490	106.98960
12767	BENGKULU	BENGKULU	ID	-3.80044	102.26554
12732	BINJAI	BINJAI	ID	3.60010	98.48540
12734	BLITAR	BLITAR	ID	-8.09830	112.16810
12735	BOGOR	BOGOR	ID	-6.59444	106.78917
12761	CIANJUR	CIANJUR	ID	-6.82222	107.13944
12757	CILACAP	CILACAP	ID	-7.72639	109.00944
12728	CIMAHI	CIMAHI	ID	-6.87222	107.54250
12754	CIREBON	CIREBON	ID	-6.70630	108.55700
12725	DENPASAR (BALI)	DENPASAR (BALI)	ID	-8.65000	115.21667
12736	DEPOK	DEPOK	ID	-6.40000	106.81861
12775	ENDE	ENDE	ID	-8.84320	121.66230
12737	FAKFAK	FAKFAK	ID	-2.92481	132.29813
12726	JAKARTA	JAKARTA	ID	-6.21462	106.84513
12768	JAMBI	JAMBI	ID	-1.60000	103.61667
12739	JAYAPURA	JAYAPURA	ID	-2.53371	140.71813
12741	KLATEN	KLATEN	ID	-7.70583	110.60639
12724	KUPANG (TIMOR ADASI)	KUPANG (TIMOR ADASI)	ID	-10.17083	123.60694
12746	MAKASSAR	MAKASSAR	ID	-5.14861	119.43194
12742	MALANG	MALANG	ID	-7.97970	112.63040
12743	MANADO	MANADO	ID	1.48218	124.84892
12744	MATARAM	MATARAM	ID	-8.58333	116.11667
12745	MEDAN	MEDAN	ID	3.58333	98.66667
12748	PADANG	PADANG	ID	-0.94924	100.35427
12740	PALANGKARAYA	PALANGKARAYA	ID	-2.20833	113.91667
12750	PALEMBANG	PALEMBANG	ID	-2.91673	104.74580
12747	PALU	PALU	ID	-0.90833	119.87083
12769	PANGKALPINANG	PANGKALPINANG	ID	-2.12914	106.11377
12751	PASURUAN	PASURUAN	ID	-7.64530	112.90750
12749	PEKANBARU	PEKANBARU	ID	0.51667	101.44167
12771	PEMATANGSIANTAR	PEMATANGSIANTAR	ID	2.95950	99.06870
12752	PONTIANAK	PONTIANAK	ID	-0.03194	109.32500
12753	PURWOKERTO	PURWOKERTO	ID	-7.42139	109.23444
12774	RABA	RABA	ID	-8.46130	118.74700
12755	SAMARINDA	SAMARINDA	ID	-0.49167	117.14583
12756	SEMARANG	SEMARANG	ID	-6.99306	110.42083
12759	SIDOARJO	SIDOARJO	ID	-7.44780	112.71830
12760	SORONG	SORONG	ID	-0.87956	131.26104
12765	SUKABUMI	SUKABUMI	ID	-6.91806	106.92667
12758	SURABAYA	SURABAYA	ID	-7.24917	112.75083
12770	TANJUNGBALAI	TANJUNGBALAI	ID	2.96667	99.80000
12763	TASIKMALAYA	TASIKMALAYA	ID	-7.32740	108.22070
12772	TEBING TINGGI	TEBING TINGGI	ID	-3.58420	103.07720
12762	YOGYAKARTA	YOGYAKARTA	ID	-7.80139	110.36472
12776	ASMARA	ASMARA	ER	15.33805	38.93184
12779	BARENTU	BARENTU	ER	15.10582	37.59067
12782	GYUMRI	GYUMRI	AM	40.79305	43.84635
12783	VANADZOR	VANADZOR	AM	40.80740	44.49704
12786	JOGEVA	JOGEVA	EE	58.74667	26.39389
12787	KURESSAARE	KURESSAARE	EE	58.25382	22.49217
12788	PARNU	PARNU	EE	58.38588	24.49711
12794	POLVA	POLVA	EE	58.06028	27.06944
12789	RAKVERE	RAKVERE	EE	59.34808	26.35784
12785	TALLINN	TALLINN	EE	59.43696	24.75353
12791	TAPA	TAPA	EE	59.26056	25.95861
12792	TARTU	TARTU	EE	58.38062	26.72509
12793	VILJANDI	VILJANDI	EE	58.36319	25.59159
12790	VORU	VORU	EE	57.83389	27.01944
19017	AWASH	AWASH	ET	8.99364	40.16637
12798	BAHIR DAR	BAHIR DAR	ET	11.59364	37.39077
12800	DIRE DAWA	DIRE DAWA	ET	9.59306	41.86611
12797	GONDER	GONDER	ET	12.60000	37.46667
19019	KOMBOLCHA	KOMBOLCHA	ET	11.08155	39.74339
12795	ROBIT(SHEWA)	ROBIT(SHEWA)	ET	9.99461	39.89693
12807	AGADIR	AGADIR	MA	30.42018	-9.59815
12816	BENI MELLAL	BENI MELLAL	MA	32.33725	-6.34983
12812	KENITRA	KENITRA	MA	34.26101	-6.58020
12815	KHOURIBGA	KHOURIBGA	MA	32.88108	-6.90630
12809	MEKNES	MEKNES	MA	33.89352	-5.54727
12814	MOHAMMEDIA	MOHAMMEDIA	MA	33.68607	-7.38298
12810	OUJDA	OUJDA	MA	34.68139	-1.90858
12818	RABAT	RABAT	MA	34.01325	-6.83255
12817	SAFI	SAFI	MA	32.29939	-9.23718
12813	SALE	SALE	MA	34.05310	-6.79846
12804	SETTAT	SETTAT	MA	33.00103	-7.61662
12803	TANGIER	TANGIER	MA	35.76727	-5.79975
12811	TETOUAN	TETOUAN	MA	35.57845	-5.36837
12819	LAUTOKA	LAUTOKA	FJ	-17.61686	177.45049
12820	LEVUKA	LEVUKA	FJ	-18.06667	179.31667
12821	SUVA	SUVA	FJ	-18.13683	178.42531
12822	ABIDJAN	ABIDJAN	CI	5.35444	-4.00167
12825	BOUAKE	BOUAKE	CI	7.69385	-5.03031
12824	DALOA	DALOA	CI	6.87735	-6.45022
12826	KORHOGO	KORHOGO	CI	9.45803	-5.62961
12823	YAMOUSSOUKRO	YAMOUSSOUKRO	CI	6.82055	-5.27674
12832	BAGUIO	BAGUIO	PH	16.41639	120.59306
12833	BATANGAS	BATANGAS	PH	13.75670	121.05840
12835	BINAN	BINAN	PH	14.34267	121.08071
12834	BUTUAN	BUTUAN	PH	8.94917	125.54361
12836	CAGAYAN DE ORO	CAGAYAN DE ORO	PH	8.48222	124.64722
12849	COTABATO	COTABATO	PH	7.22361	124.24639
12837	DAGUPAN	DAGUPAN	PH	16.04313	120.33325
12838	DAVAO	DAVAO	PH	7.07306	125.61278
12857	GENERAL SANTOS	GENERAL SANTOS	PH	6.11278	125.17167
12839	ILOILO	ILOILO	PH	10.69694	122.56444
12840	LAOAG	LAOAG	PH	18.19780	120.59570
12842	LEGASPI	LEGASPI	PH	13.14125	123.74073
12859	LUCENA	LUCENA	PH	13.93139	121.61722
12831	MALOLOS	MALOLOS	PH	14.84430	120.81039
12827	MANILA	MANILA	PH	14.60420	120.98220
12846	OLONGAPO	OLONGAPO	PH	14.82917	120.28278
12855	ORMOC	ORMOC	PH	11.00639	124.60750
12848	PAGADIAN	PAGADIAN	PH	7.82570	123.43700
12850	ROXAS	ROXAS	PH	17.11894	121.62014
12862	SAN CARLOS	SAN CARLOS	PH	13.84220	121.24160
12851	SAN FERNANDO	SAN FERNANDO	PH	15.03425	120.68445
12847	SAN JOSE DEL MONTE	SAN JOSE DEL MONTE	PH	14.81389	121.04528
12852	SAN PABLO	SAN PABLO	PH	14.06830	121.32560
12853	SAN PEDRO	SAN PEDRO	PH	14.35950	121.04730
12854	TACLOBAN	TACLOBAN	PH	11.24333	125.00472
17923	KUDUS	KUDUS	ID	-6.80480	110.84050
12941	ESPOO	ESPOO	FI	60.20520	24.65220
12873	HAMEENKYLA (Helsinki)	HAMEENKYLA (Helsinki)	FI	60.27124	24.80009
12885	HAMEENKYRO	HAMEENKYRO	FI	61.63913	23.19531
12905	HAMEENLINNA	HAMEENLINNA	FI	60.99596	24.46434
12886	HAUHO	HAUHO	FI	61.17255	24.56303
12879	HEINOLA	HEINOLA	FI	61.20564	26.03811
12929	HELSINKI	HELSINKI	FI	60.16952	24.93545
12880	HOLLOLA	HOLLOLA	FI	61.00000	25.50000
12892	HOUTSKAR	HOUTSKAR	FI	60.22284	21.37218
12907	IISALMI	IISALMI	FI	63.55915	27.19067
12881	IMATRA	IMATRA	FI	61.17185	28.75242
12909	JARVENPAA	JARVENPAA	FI	60.47369	25.08992
12910	JOENSUU	JOENSUU	FI	62.60118	29.76316
12933	JYVASKYLA(YVSK)	JYVASKYLA(YVSK)	FI	62.24147	25.72088
12893	KAARINA	KAARINA	FI	60.40724	22.36904
12888	KANGASALA	KANGASALA	FI	61.46383	24.07602
12935	KANGASNIEMI	KANGASNIEMI	FI	61.99357	26.64785
12903	KARKKILA	KARKKILA	FI	60.53418	24.20977
12942	KARTTULA	KARTTULA	FI	62.89630	26.97045
12911	KEMI	KEMI	FI	65.73641	24.56371
12904	KERAVA	KERAVA	FI	60.40338	25.10500
12874	KIRKKONUMMI	KIRKKONUMMI	FI	60.12381	24.43853
12912	KOKKOLA	KOKKOLA	FI	63.83847	23.13066
12913	KOTKA	KOTKA	FI	60.46640	26.94582
12914	KOUVOLA	KOUVOLA	FI	60.86667	26.70000
12931	KUOPIO	KUOPIO	FI	62.89238	27.67703
12895	KUSTAVI	KUSTAVI	FI	60.54529	21.35880
12936	LAHTI	LAHTI	FI	60.98267	25.66151
12896	LAITILA	LAITILA	FI	60.87575	21.69765
12915	LAPPEENRANTA	LAPPEENRANTA	FI	61.05871	28.18871
12887	LEMPAALA	LEMPAALA	FI	61.31667	23.75000
12940	LOHJA	LOHJA	FI	60.24859	24.06534
12882	LUUMAKI	LUUMAKI	FI	60.92618	27.58135
12917	MIKKELI	MIKKELI	FI	61.68857	27.27227
12897	NAANTALI	NAANTALI	FI	60.46744	22.02428
12883	NASTOLA	NASTOLA	FI	60.94797	25.92882
12918	NOKIA	NOKIA	FI	61.46667	23.50000
12889	ORIVESI	ORIVESI	FI	61.67766	24.35720
12919	OULU	OULU	FI	65.01236	25.46816
12899	PARGAS	PARGAS	FI	60.30672	22.30097
12932	PARIKKALA	PARIKKALA	FI	61.55000	29.50000
12938	PORI	PORI	FI	61.48072	21.78518
12939	PORVOO	PORVOO	FI	60.39233	25.66507
12920	RAAHE	RAAHE	FI	64.68333	24.48333
12900	RAISIO	RAISIO	FI	60.48592	22.16895
12921	RAUMA	RAUMA	FI	61.12724	21.51127
12922	RIIHIMAKI	RIIHIMAKI	FI	60.73769	24.77726
12923	ROVANIEMI	ROVANIEMI	FI	66.49897	25.68867
12924	SALO	SALO	FI	60.38333	23.13333
12901	SAUVO	SAUVO	FI	60.34306	22.69642
12930	SEINAJOKI	SEINAJOKI	FI	62.79446	22.82822
12928	TAMPERE	TAMPERE	FI	61.49911	23.78712
12925	TORNIO	TORNIO	FI	65.84811	24.14662
12943	TURKU	TURKU	FI	60.45148	22.26869
12878	TUUSULA	TUUSULA	FI	60.40368	25.02638
12937	VAASA	VAASA	FI	63.09600	21.61577
12926	VALKEAKOSKI	VALKEAKOSKI	FI	61.26421	24.03122
12890	VAMMALA	VAMMALA	FI	61.33333	22.90000
12902	VANTAA	VANTAA	FI	60.29414	25.04099
12927	VARKAUS	VARKAUS	FI	62.31533	27.87300
12891	YLOJARVI	YLOJARVI	FI	61.55632	23.59606
20034	ABBEVILLE	ABBEVILLE	FR	50.10521	1.83547
12983	AGNEAUX	AGNEAUX	FR	49.11905	-1.10610
13393	AIX-EN-PROVENCE	AIX-EN-PROVENCE	FR	43.52830	5.44973
13203	AIX-LES-BAINS	AIX-LES-BAINS	FR	45.69173	5.90863
13234	AIXE-SUR-VIENNE	AIXE-SUR-VIENNE	FR	45.79663	1.13581
13204	ALBERTVILLE	ALBERTVILLE	FR	45.67452	6.39061
13394	ALBI	ALBI	FR	43.92980	2.14800
12955	ALENCON	ALENCON	FR	48.43476	0.09311
13187	ALES	ALES	FR	44.12489	4.08082
13205	ALLEVARD	ALLEVARD	FR	45.39449	6.07519
13046	ALTKIRCH	ALTKIRCH	FR	47.62417	7.23954
13275	AMBERT	AMBERT	FR	45.54944	3.74164
12968	AMBOISE	AMBOISE	FR	47.41249	0.98266
12945	AMIENS	AMIENS	FR	49.90000	2.30000
13314	ANGERS	ANGERS	FR	47.47156	-0.55202
13395	ANGLET	ANGLET	FR	43.48921	-1.51921
13396	ANGOULEME	ANGOULEME	FR	45.64997	0.15345
13309	ANNECY	ANNECY	FR	45.90878	6.12565
13310	ANNEMASSE	ANNEMASSE	FR	46.19439	6.23775
13285	ANNONAY	ANNONAY	FR	45.23992	4.67070
13397	ANTIBES	ANTIBES	FR	43.58127	7.12487
13118	ANTRAIN	ANTRAIN	FR	48.46037	-1.48463
13268	ARBENT	ARBENT	FR	46.29221	5.67890
12960	ARBOIS	ARBOIS	FR	46.90311	5.77454
17850	ARGENTAN	ARGENTAN	FR	48.74441	-0.02023
17845	ARGENTEUIL	ARGENTEUIL	FR	48.94788	2.24744
18970	ARINTHOD	ARINTHOD	FR	46.39339	5.56616
13398	ARLES	ARLES	FR	43.67681	4.63031
13068	ARRAS	ARRAS	FR	50.29301	2.78186
13019	ARS-SUR-MOSELLE	ARS-SUR-MOSELLE	FR	49.07791	6.07420
13286	AUBENAS	AUBENAS	FR	44.61975	4.39033
13020	AUBOUE	AUBOUE	FR	49.21198	5.97663
13083	AUDIERNE	AUDIERNE	FR	48.01640	-4.53838
13167	AURAY	AURAY	FR	47.66692	-2.98421
18960	AUSSILLON	AUSSILLON	FR	43.49897	2.36313
13257	AUTUN	AUTUN	FR	46.95104	4.29869
13399	AUXERRE	AUXERRE	FR	47.79960	3.57033
13428	AVIGNON	AVIGNON	FR	43.94834	4.80892
18968	BALBIGNY	BALBIGNY	FR	45.81913	4.19030
13084	BANNALEC	BANNALEC	FR	47.93236	-3.69835
13315	BAR-LE-DUC	BAR-LE-DUC	FR	48.77275	5.16108
13134	BARENTIN	BARENTIN	FR	49.54533	0.95515
13160	BARR	BARR	FR	48.40755	7.44873
12984	BAYEUX	BAYEUX	FR	49.27732	-0.70390
13400	BAYONNE	BAYONNE	FR	43.49316	-1.47300
13401	BEAUNE	BEAUNE	FR	47.02413	4.83887
18984	BEAUREPAIRE(ISERE)	BEAUREPAIRE(ISERE)	FR	45.33658	5.04878
13347	BEAUVAIS	BEAUVAIS	FR	49.43333	2.08333
13300	BELFORT	BELFORT	FR	47.64218	6.85385
13235	BELLAC	BELLAC	FR	46.12210	1.04927
13041	BELLEGARDE (L)	BELLEGARDE (L)	FR	43.75401	4.51372
13249	BELLEVILLE ( R)	BELLEVILLE ( R)	FR	46.10867	4.74920
13206	BELLEY (AIN)	BELLEY (AIN)	FR	45.75917	5.68813
13085	BENODET	BENODET	FR	47.87531	-4.10580
13135	BERNAY (E )	BERNAY (E )	FR	49.08888	0.59858
13297	BESANCON	BESANCON	FR	47.24878	6.01815
12985	BEUZEVILLE ( E)	BEUZEVILLE ( E)	FR	49.34483	0.34254
13316	BEZIERS	BEZIERS	FR	43.34122	3.21402
13069	BEZONS	BEZONS	FR	48.92426	2.21280
13402	BIARRITZ	BIARRITZ	FR	43.48055	-1.55684
13365	BISCHWILLER	BISCHWILLER	FR	48.76826	7.85406
13357	BITCHE	BITCHE	FR	49.05232	7.42992
13056	BLAIN	BLAIN	FR	47.47563	-1.76449
12969	BLERE	BLERE	FR	47.32738	0.99186
13330	BLOIS	BLOIS	FR	47.59432	1.32912
13137	BOLBEC	BOLBEC	FR	49.57321	0.47339
13188	BOLLENE	BOLLENE	FR	44.28124	4.74891
13006	BONNETABLE	BONNETABLE	FR	48.17902	0.42580
12962	BONNETAGE	BONNETAGE	FR	47.20000	6.70000
13182	BONNEVILLE (H)	BONNEVILLE (H)	FR	46.08020	6.40726
13387	BORDEAUX	BORDEAUX	FR	44.84124	-0.58046
13236	BOURGANEUF	BOURGANEUF	FR	45.95369	1.75574
13403	BOURGES	BOURGES	FR	47.08333	2.40000
13105	BOURGOGNE (M)	BOURGOGNE (M)	FR	49.34962	4.07111
13292	BOUZONVILLE	BOUZONVILLE	FR	49.29188	6.53386
13106	BRAINE	BRAINE	FR	49.34261	3.53262
13352	BREST	BREST	FR	48.39029	-4.48628
13042	BRIARE (L)	BRIARE (L)	FR	47.63343	2.74380
13021	BRIEY	BRIEY	FR	49.24920	5.93975
13349	BRIGNOLES	BRIGNOLES	FR	43.40580	6.06172
13138	BRIONNE	BRIONNE	FR	49.19553	0.71510
13119	BROONS (C )	BROONS (C )	FR	48.31721	-2.26054
13120	BRUZ	BRUZ	FR	48.02459	-1.74709
13308	CAEN	CAEN	FR	49.18585	-0.35912
13389	CALAIS	CALAIS	FR	50.95194	1.85635
13404	CAMBRAI	CAMBRAI	FR	50.17596	3.23472
13388	CANNES	CANNES	FR	43.55135	7.01275
13405	CARCASSONNE	CARCASSONNE	FR	43.21649	2.34863
12986	CARENTAN	CARENTAN	FR	49.30312	-1.24806
13022	CARLING	CARLING	FR	49.16635	6.71563
13168	CARNAC (M)	CARNAC (M)	FR	47.58433	-3.07872
12953	CASTRES (TARN)	CASTRES (TARN)	FR	43.60527	2.24088
13406	CERGY	CERGY	FR	49.03645	2.07613
13047	CERNAY	CERNAY	FR	47.80970	7.17699
13407	CHALONS-EN-CHAMPAGNE	CHALONS-EN-CHAMPAGNE	FR	48.95393	4.36724
13341	CHAMBERY	CHAMBERY	FR	45.56628	5.92079
13247	CHAMPAGNOLE	CHAMPAGNOLE	FR	46.74452	5.91354
18969	CHAMPFORGEUIL	CHAMPFORGEUIL	FR	46.81857	4.83357
13305	CHARLEVILLE-MEZIERES	CHARLEVILLE-MEZIERES	FR	49.76850	4.72487
12978	CHAROST	CHAROST	FR	46.99390	2.11639
17852	CHARTRES	CHARTRES	FR	48.44685	1.48925
13317	CHATEAUBRIANT	CHATEAUBRIANT	FR	47.71675	-1.37643
13062	CHATEAUDUN	CHATEAUDUN	FR	48.07086	1.33783
13086	CHATEAULIN	CHATEAULIN	FR	48.19522	-4.09365
13063	CHATEAUNEUF-SUR-LOIRE	CHATEAUNEUF-SUR-LOIRE	FR	47.86575	2.21903
13331	CHATEAUROUX	CHATEAUROUX	FR	46.81248	1.69362
13219	CHENOVE	CHENOVE	FR	47.29323	5.00457
13058	CHOLET	CHOLET	FR	47.05893	-0.87974
13070	CLERMONT	CLERMONT	FR	49.37897	2.41258
13366	CLERMONT-FERRAND	CLERMONT-FERRAND	FR	45.77969	3.08682
12954	CLUSES	CLUSES	FR	46.06251	6.57497
13302	COLMAR	COLMAR	FR	48.08078	7.35584
13157	COMMERCY	COMMERCY	FR	48.76128	5.59067
13345	COMPIEGNE	COMPIEGNE	FR	49.41794	2.82606
13087	CONCARNEAU	CONCARNEAU	FR	47.87536	-3.91896
12970	CONTRES ( C)	CONTRES ( C)	FR	47.41754	1.42849
13263	COURSAN	COURSAN	FR	43.23370	3.05712
13043	COURTENAY	COURTENAY	FR	48.03901	3.05851
12987	COUTANCES	COUTANCES	FR	49.04541	-1.44518
20068	COUTRAS	COUTRAS	FR	45.04067	-0.12886
18971	CRAN-GEVRIER	CRAN-GEVRIER	FR	45.90000	6.10000
13344	CREIL	CREIL	FR	49.25672	2.48477
13287	CREST	CREST	FR	44.72639	5.01517
13001	CREUTZWALD	CREUTZWALD	FR	49.20531	6.69668
13139	DARNETAL	DARNETAL	FR	49.44533	1.15144
12988	DEAUVILLE	DEAUVILLE	FR	49.35700	0.06995
13048	DELLE	DELLE	FR	47.50797	6.99975
13140	DIEPPE	DIEPPE	FR	49.92160	1.07772
13023	DIEUZE	DIEUZE	FR	48.81263	6.71780
13260	DIGOIN	DIGOIN	FR	46.48124	3.97946
13429	DIJON	DIJON	FR	47.31344	5.01391
13121	DINARD	DINARD	FR	48.63293	-2.06274
13220	DOLE	DOLE	FR	47.09225	5.48966
13044	DORDIVES	DORDIVES	FR	48.14253	2.76775
13408	DOUAI	DOUAI	FR	50.37069	3.07922
13088	DOUARNENEZ	DOUARNENEZ	FR	48.09542	-4.32904
16729	DREUX	DREUX	FR	48.73649	1.36566
13224	ECHIROLLES	ECHIROLLES	FR	45.14603	5.71441
13008	ECOMMOY	ECOMMOY	FR	47.82774	0.27332
13192	EGLETONS	EGLETONS	FR	45.40637	2.04518
13409	ELANCOURT	ELANCOURT	FR	48.78421	1.95520
13169	ELVEN (M)	ELVEN (M)	FR	47.73155	-2.59055
13217	EMBRUN	EMBRUN	FR	44.56387	6.49526
13049	ENSISHEIM	ENSISHEIM	FR	47.86584	7.35052
13306	EPERNAY	EPERNAY	FR	49.04000	3.95922
12946	EPINAL	EPINAL	FR	48.18324	6.45304
13122	ERNEE	ERNEE	FR	48.29722	-0.93263
12951	ESPALION	ESPALION	FR	44.52237	2.76265
13024	ETAIN	ETAIN	FR	49.21259	5.64022
13170	ETEL	ETEL	FR	47.65773	-3.20098
13141	ETREPAGNY	ETREPAGNY	FR	49.30623	1.61139
13142	EVREUX	EVREUX	FR	49.02414	1.15082
13237	EYMOUTIERS	EYMOUTIERS	FR	45.73884	1.74215
12989	FALAISE ( C)	FALAISE ( C)	FR	48.89217	-0.19527
13378	FAMECK	FAMECK	FR	49.29895	6.10915
13027	FAULQUEMONT	FAULQUEMONT	FR	49.04910	6.59732
13277	FEURS	FEURS	FR	45.73337	4.22755
13250	FEYZIN	FEYZIN	FR	45.67287	4.85894
13281	FIRMINY	FIRMINY	FR	45.38956	4.28860
13107	FISMES (M)	FISMES (M)	FR	49.30773	3.68607
18973	FITILIEU	FITILIEU	FR	45.54744	5.56194
12990	FLERS (O)	FLERS (O)	FR	48.73722	-0.57466
13025	FLORANGE	FLORANGE	FR	49.32373	6.12120
13392	FOLSCHVILLER	FOLSCHVILLER	FR	49.07732	6.68358
13225	FONTAINE (RA)	FONTAINE (RA)	FR	45.19275	5.68821
12947	FONTAINEBLEAU	FONTAINEBLEAU	FR	48.40908	2.70177
13304	FORBACH	FORBACH	FR	49.18848	6.89255
13143	FORMERIE	FORMERIE	FR	49.64928	1.73106
13089	FOUESNANT	FOUESNANT	FR	47.89342	-4.01240
13123	FOUGERES	FOUGERES	FR	48.35157	-1.19961
13342	FREJUS	FREJUS	FR	43.43325	6.73555
13026	FREYMING-MERLEBACH	FREYMING-MERLEBACH	FR	49.15000	6.78333
13144	GAILLON	GAILLON	FR	49.16104	1.34016
13410	GAP	GAP	FR	44.55858	6.07868
16734	GERARDMER	GERARDMER	FR	48.07346	6.87787
13320	GIEN	GIEN	FR	47.69332	2.63094
13050	GIROMAGNY	GIROMAGNY	FR	47.74272	6.82733
13251	GIVORS	GIVORS	FR	45.59063	4.76878
13090	GOURIN	GOURIN	FR	48.13950	-3.60770
13145	GOURNAY-EN-BRAY	GOURNAY-EN-BRAY	FR	49.48285	1.72471
13346	GOUSSAINVILLE	GOUSSAINVILLE	FR	49.01367	2.46595
17858	GRAY	GRAY	FR	47.44575	5.59215
13313	GRENOBLE	GRENOBLE	FR	45.17869	5.71479
13161	GUEBWILLER	GUEBWILLER	FR	47.91667	7.20000
13124	GUER	GUER	FR	47.90404	-2.12031
13171	GUERANDE	GUERANDE	FR	47.32829	-2.42934
13238	GUERET	GUERET	FR	46.17185	1.87166
13092	GUILVINEC	GUILVINEC	FR	47.79731	-4.28462
13162	HAGUENAU	HAGUENAU	FR	48.81557	7.79051
13030	HAYANGE	HAYANGE	FR	49.32881	6.06278
13411	HENIN-BEAUMONT	HENIN-BEAUMONT	FR	50.41359	2.96485
13172	HERBIGNAC	HERBIGNAC	FR	47.44909	-2.31722
13163	HERRLISHEIM	HERRLISHEIM	FR	48.73049	7.90535
13032	HOMECOURT	HOMECOURT	FR	49.22071	5.99242
13412	HYERES	HYERES	FR	43.12038	6.12857
13164	INGWILLER	INGWILLER	FR	48.87284	7.47980
13209	ISSOIRE	ISSOIRE	FR	45.54422	3.24901
12979	ISSOUDUN	ISSOUDUN	FR	46.94848	1.99362
13269	IZERNORE	IZERNORE	FR	46.21352	5.55200
13028	JARNY	JARNY	FR	49.15873	5.87640
13029	JOEUF	JOEUF	FR	49.23333	6.01667
13009	LA FLECHE (S)	LA FLECHE (S)	FR	47.69815	-0.07553
13226	LA MURE (RA)	LA MURE (RA)	FR	44.90145	5.78874
13173	LA ROCHE-BERNARD	LA ROCHE-BERNARD	FR	47.51885	-2.30154
13413	LA ROCHELLE	LA ROCHELLE	FR	46.16308	-1.15222
12956	LA VERPILLIERE	LA VERPILLIERE	FR	45.63417	5.14560
13125	LAMBALLE	LAMBALLE	FR	48.46808	-2.51781
13093	LANESTER	LANESTER	FR	47.76316	-3.33930
12972	LANGEAIS	LANGEAIS	FR	47.32587	0.40136
13380	LANGRES	LANGRES	FR	47.86263	5.33308
13108	LAON	LAON	FR	49.56310	3.62714
13059	LAVAL (P)	LAVAL (P)	FR	48.07247	-0.77019
13335	LE CREUSOT	LE CREUSOT	FR	46.80714	4.41632
12949	LE HAVRE	LE HAVRE	FR	49.49346	0.10785
13012	LE LUDE	LE LUDE	FR	47.64648	0.15664
13425	LE MANS	LE MANS	FR	48.00210	0.20251
17856	LE MUY	LE MUY	FR	43.47280	6.56637
13146	LE NEUBOURG	LE NEUBOURG	FR	49.15048	0.91020
13207	LE PONT-DE-BEAUVOISIN	LE PONT-DE-BEAUVOISIN	FR	45.53694	5.67333
13227	LE PONT-DE-CLAIX	LE PONT-DE-CLAIX	FR	45.12321	5.69782
13189	LE PONTET	LE PONTET	FR	43.96119	4.86008
13362	LENS	LENS	FR	50.43302	2.82791
13147	LES ANDELYS	LES ANDELYS	FR	49.24557	1.41168
13270	LES NEYROLLES	LES NEYROLLES	FR	46.14165	5.63349
13264	LEZIGNAN-CORBIERES	LEZIGNAN-CORBIERES	FR	43.20085	2.75745
13197	LIBOURNE	LIBOURNE	FR	44.91449	-0.24186
13158	LIGNY-EN-BARROIS	LIGNY-EN-BARROIS	FR	48.68861	5.32543
13369	LILLE	LILLE	FR	50.63391	3.05512
13148	LILLEBONNE	LILLEBONNE	FR	49.52030	0.53617
13426	LIMOGES	LIMOGES	FR	45.83362	1.24759
12991	LISIEUX	LISIEUX	FR	49.14660	0.22925
13174	LOCMARIAQUER	LOCMARIAQUER	FR	47.56926	-2.94515
16735	LONGWY	LONGWY	FR	49.52170	5.76192
13299	LORIENT	LORIENT	FR	47.74817	-3.37177
18975	LORMONT	LORMONT	FR	44.87650	-0.51919
13149	LOUVIERS	LOUVIERS	FR	49.21667	1.16667
13265	LUNEL	LUNEL	FR	43.67778	4.13611
12948	LUNEVILLE	LUNEVILLE	FR	48.59273	6.49383
13381	LYON	LYON	FR	45.74906	4.84789
13427	MACON	MACON	FR	46.31407	4.82823
13239	MAGNAC-BOURG	MAGNAC-BOURG	FR	45.61789	1.43100
12963	MAICHE	MAICHE	FR	47.25160	6.80309
13033	MAIZIERES-LES-METZ	MAIZIERES-LES-METZ	FR	49.21335	6.15956
13175	MALANSAC	MALANSAC	FR	47.67739	-2.29674
13074	MALESHERBES	MALESHERBES	FR	48.29566	2.40935
13176	MALESTROIT	MALESTROIT	FR	47.80967	-2.38422
13370	MARIGNANE	MARIGNANE	FR	43.41727	5.21462
13150	MAROMME	MAROMME	FR	49.47925	1.02375
13221	MARSANNAY-LA-COTE	MARSANNAY-LA-COTE	FR	47.27095	4.98895
13383	MARSEILLE	MARSEILLE	FR	43.29695	5.38107
13415	MARTIGUES	MARTIGUES	FR	43.40735	5.05526
13126	MAURON	MAURON	FR	48.08181	-2.28606
13266	MAZAMET	MAZAMET	FR	43.49275	2.37360
13359	MEAUX	MEAUX	FR	48.96014	2.87885
12981	MEHUN-SUR-YEVRE	MEHUN-SUR-YEVRE	FR	47.13782	2.21105
13075	MELUN	MELUN	FR	48.54570	2.65356
17857	MENDE	MENDE	FR	44.52161	3.49978
13379	MENTON	MENTON	FR	43.77649	7.50435
12973	MER	MER	FR	47.70555	1.50621
13301	METZ	METZ	FR	49.11911	6.17269
13034	METZERVISSE	METZERVISSE	FR	49.31476	6.28277
13253	MEYZIEU	MEYZIEU	FR	45.76637	5.00277
17847	MIGENNES	MIGENNES	FR	47.96548	3.51787
13228	MODANE	MODANE	FR	45.20032	6.66871
13248	MOIRANS-EN-MONTAGNE	MOIRANS-EN-MONTAGNE	FR	46.43381	5.72643
13355	MOLSHEIM	MOLSHEIM	FR	48.54042	7.49199
19005	MONDELANGE	MONDELANGE	FR	49.26145	6.16503
12992	MONDEVILLE ( C)	MONDEVILLE ( C)	FR	49.17497	-0.32238
13081	MONETEAU	MONETEAU	FR	47.84923	3.58178
13368	MONSOLS	MONSOLS	FR	46.21948	4.52010
13328	MONTARGIS	MONTARGIS	FR	47.99696	2.73261
13193	MONTAUBAN (MP)	MONTAUBAN (MP)	FR	44.01759	1.35420
13416	MONTBELIARD	MONTBELIARD	FR	47.50957	6.79823
13282	MONTBRISON (L)	MONTBRISON (L)	FR	45.60752	4.06525
13417	MONTELIMAR	MONTELIMAR	FR	44.55468	4.75469
13323	MONTEREAU	MONTEREAU	FR	47.85626	2.57339
17848	MONTFERMEIL	MONTFERMEIL	FR	48.89820	2.57913
13210	MONTLUCON	MONTLUCON	FR	46.34015	2.60254
13295	MONTPELLIER	MONTPELLIER	FR	43.61093	3.87635
12975	MONTRICHARD	MONTRICHARD	FR	47.34310	1.18653
13338	MOREZ	MOREZ	FR	46.52540	6.02589
13003	MORHANGE	MORHANGE	FR	48.92359	6.64163
17859	MORTEAU	MORTEAU	FR	47.05784	6.60716
12959	MORZINE	MORZINE	FR	46.18149	6.70664
13211	MOULINS	MOULINS	FR	46.56459	3.33243
12997	MOUZON (A)	MOUZON (A)	FR	49.60706	5.07569
13303	MULHOUSE	MULHOUSE	FR	47.75205	7.32866
13177	MUZILLAC	MUZILLAC	FR	47.55317	-2.48209
13361	NANCY	NANCY	FR	48.68439	6.18496
13386	NANTES	NANTES	FR	47.21725	-1.55336
13336	NANTUA	NANTUA	FR	46.15343	5.60601
13418	NARBONNE	NARBONNE	FR	43.18396	3.00141
13045	NEMOURS	NEMOURS	FR	48.27511	2.69078
13333	NEVERS	NEVERS	FR	46.98956	3.15900
13240	NEXON	NEXON	FR	45.67988	1.18491
13390	NICE	NICE	FR	43.70313	7.26608
12950	NIMES	NIMES	FR	43.83665	4.35788
13109	NOUZONVILLE	NOUZONVILLE	FR	49.81369	4.74736
13060	NOZAY (L-A)	NOZAY (L-A)	FR	48.65921	2.24151
13371	OBERNAI	OBERNAI	FR	48.46313	7.48100
13419	ORANGE	ORANGE	FR	44.13806	4.81025
13307	ORLEANS	ORLEANS	FR	47.90248	1.90407
12965	ORNANS	ORNANS	FR	47.10749	6.14306
12993	OUISTREHAM	OUISTREHAM	FR	49.27566	-0.25910
13339	OYONNAX	OYONNAX	FR	46.25917	5.65727
13382	PARIS	PARIS	FR	48.85341	2.34880
13420	PAU	PAU	FR	43.31117	-0.35583
13199	PERIGUEUX	PERIGUEUX	FR	45.18691	0.71439
13201	PERONNAS	PERONNAS	FR	46.18338	5.21052
13296	PERPIGNAN	PERPIGNAN	FR	42.69764	2.89541
13051	PFASTATT	PFASTATT	FR	47.76915	7.30295
13190	PIERRELATTE	PIERRELATTE	FR	44.37549	4.70314
13128	PLOERMEL	PLOERMEL	FR	47.93167	-2.39746
13097	PLOUAY	PLOUAY	FR	47.91466	-3.33482
13178	PLUVIGNER	PLUVIGNER	FR	47.77524	-3.01049
13318	POITIERS	POITIERS	FR	46.58261	0.34348
12966	POLIGNY (J)	POLIGNY (J)	FR	46.83712	5.70505
13334	PONTARLIER	PONTARLIER	FR	46.90347	6.35542
13208	PONTCHARRA (I)	PONTCHARRA (I)	FR	45.43588	6.01782
12976	PONTLEVOY	PONTLEVOY	FR	47.39002	1.25465
13360	PONTOISE	PONTOISE	FR	49.05000	2.10000
13099	POULDREUZIC	POULDREUZIC	FR	47.95490	-4.36049
13289	PRIVAS	PRIVAS	FR	44.73500	4.59918
13324	PROVINS	PROVINS	FR	48.55897	3.29939
13100	QUEVEN	QUEVEN	FR	47.78887	-3.41616
13180	QUIBERON	QUIBERON	FR	47.48368	-3.11986
13372	QUIMPER	QUIMPER	FR	47.99597	-4.09795
13101	QUIMPERLE	QUIMPERLE	FR	47.87215	-3.54994
13129	QUINTIN	QUINTIN	FR	48.40330	-2.91019
13130	REDON	REDON	FR	47.65165	-2.08421
13293	REIMS	REIMS	FR	49.26526	4.02853
13312	RENNES	RENNES	FR	48.11109	-1.67431
13110	RETHEL	RETHEL	FR	49.50979	4.36740
12999	REVIN	REVIN	FR	49.94039	4.63503
13035	RICHEMONT (M)	RICHEMONT (M)	FR	49.27723	6.16372
13213	RIOM	RIOM	FR	45.89362	3.11264
13274	RIVESALTES	RIVESALTES	FR	42.76929	2.87378
13278	ROANNE	ROANNE	FR	46.03624	4.06802
13241	ROCHECHOUART	ROCHECHOUART	FR	45.82338	0.82058
13200	ROCHEFORT (P)	ROCHEFORT (P)	FR	45.94304	-0.96774
13343	RODEZ	RODEZ	FR	44.35258	2.57338
13290	ROMANS-SUR-ISERE	ROMANS-SUR-ISERE	FR	45.04960	5.06602
13036	ROMBAS	ROMBAS	FR	49.24946	6.09398
13102	ROSPORDEN	ROSPORDEN	FR	47.96062	-3.83493
13018	ROUBAIX	ROUBAIX	FR	50.69421	3.17456
13326	ROUEN	ROUEN	FR	49.44313	1.09932
13052	ROUFFACH	ROUFFACH	FR	47.95786	7.30016
13184	RUMILLY (H)	RUMILLY (H)	FR	45.86116	5.94513
13013	SABLE-SUR-SARTHE	SABLE-SUR-SARTHE	FR	47.83765	-0.33294
12994	SAINT-AUBIN-SUR-MER ( C)	SAINT-AUBIN-SUR-MER ( C)	FR	49.32787	-0.38696
13004	SAINT-AVOLD	SAINT-AVOLD	FR	49.10465	6.70402
12952	SAINT-DIZIER	SAINT-DIZIER	FR	48.63773	4.94892
12982	SAINT-FLORENT-SUR-CHER	SAINT-FLORENT-SUR-CHER	FR	46.99552	2.25076
13350	SAINT-NAZAIRE	SAINT-NAZAIRE	FR	47.27506	-2.21790
13066	SALBRIS	SALBRIS	FR	47.42420	2.05124
13082	SALINS-LES-BAINS	SALINS-LES-BAINS	FR	46.94663	5.87763
13337	SALLANCHES	SALLANCHES	FR	45.94423	6.63162
13165	SARREBOURG	SARREBOURG	FR	48.73558	7.05720
13166	SARREGUEMINES	SARREGUEMINES	FR	49.10995	7.06747
13181	SARZEAU	SARZEAU	FR	47.52746	-2.76996
13374	SAVERNE	SAVERNE	FR	48.74164	7.36221
13103	SCAER	SCAER	FR	48.02728	-3.70267
13000	SEDAN	SEDAN	FR	49.70187	4.94028
13356	SELESTAT	SELESTAT	FR	48.26195	7.44890
13358	SENS	SENS	FR	48.19738	3.28328
13111	SOISSONS	SOISSONS	FR	49.38167	3.32361
13384	STRASBOURG	STRASBOURG	FR	48.58392	7.74553
13112	SUIPPES	SUIPPES	FR	49.12886	4.53446
13067	SULLY-SUR-LOIRE	SULLY-SUR-LOIRE	FR	47.76372	2.37238
12944	TANINGES	TANINGES	FR	46.10883	6.59231
13254	TARARE	TARARE	FR	45.89614	4.43300
13194	TERRASSON-LAVILLEDIEU	TERRASSON-LAVILLEDIEU	FR	45.13011	1.30136
13053	THANN	THANN	FR	47.80789	7.10301
13375	THIERS	THIERS	FR	45.85654	3.54758
13038	THIONVILLE (L)	THIONVILLE (L)	FR	49.35994	6.16044
17855	THYEZ	THYEZ	FR	46.08249	6.53777
13113	TINQUEUX	TINQUEUX	FR	49.25000	3.98333
13132	TINTENIAC	TINTENIAC	FR	48.32908	-1.83545
13154	TOTES (S-M)	TOTES (S-M)	FR	49.68091	1.04649
17861	TOUL	TOUL	FR	48.68075	5.89115
13422	TOULON	TOULON	FR	43.12442	5.92836
13385	TOULOUSE	TOULOUSE	FR	43.60426	1.44367
13079	TOURCOING	TOURCOING	FR	50.72391	3.16117
13291	TOURNON-SUR-RHONE	TOURNON-SUR-RHONE	FR	45.06667	4.83333
13332	TOURS	TOURS	FR	47.39484	0.70398
13078	TRAPPES	TRAPPES	FR	48.77413	2.01781
18980	TREBES	TREBES	FR	43.21028	2.44175
13104	TREGUNC	TREGUNC	FR	47.85557	-3.85271
13242	TREIGNAC	TREIGNAC	FR	45.53696	1.79520
13376	TREVOUX	TREVOUX	FR	45.94281	4.77143
12995	TROUVILLE (H-N)	TROUVILLE (H-N)	FR	49.57265	0.60050
13423	TROYES	TROYES	FR	48.30073	4.08524
13243	TULLE	TULLE	FR	45.26582	1.77233
13231	TULLINS	TULLINS	FR	45.30239	5.49077
13039	UCKANGE	UCKANGE	FR	49.30304	6.14920
13214	USSEL (CORREZE)	USSEL (CORREZE)	FR	45.54804	2.30917
13244	UZERCHE	UZERCHE	FR	45.42462	1.56341
13327	VALENCE(DROME)	VALENCE(DROME)	FR	44.92560	4.90956
17862	VALENTIGNEY	VALENTIGNEY	FR	47.46388	6.83168
13298	VANNES	VANNES	FR	47.65688	-2.76205
19023	VAULX-EN-VELIN	VAULX-EN-VELIN	FR	45.78693	4.92510
12977	VENDOME	VENDOME	FR	47.79292	1.06556
13114	VERTUS	VERTUS	FR	48.90609	4.00216
13115	VERZENAY	VERZENAY	FR	49.15918	4.14543
12967	VESOUL	VESOUL	FR	47.62604	6.14251
13015	VIBRAYE	VIBRAYE	FR	48.05963	0.73530
13424	VICHY	VICHY	FR	46.12709	3.42577
13255	VIENNE	VIENNE	FR	45.52569	4.87484
13351	VIERZON	VIERZON	FR	47.22186	2.06840
16745	VILLEFRANCHE	VILLEFRANCHE	FR	47.93333	3.13333
13232	VINAY (RA)	VINAY (RA)	FR	45.20832	5.40646
12996	VIRE	VIRE	FR	48.83849	-0.88929
13202	VIRIAT	VIRIAT	FR	46.25484	5.21567
13133	VITRE	VITRE	FR	48.12279	-1.20983
13159	VITRY-LE-FRANCOIS	VITRY-LE-FRANCOIS	FR	48.72472	4.58439
13233	VOIRON	VOIRON	FR	45.36471	5.58560
13215	VOLVIC	VOLVIC	FR	45.87196	3.03832
13116	VOUZIERS	VOUZIERS	FR	49.39791	4.70120
13117	WARCQ (A)	WARCQ (A)	FR	49.77517	4.68175
13377	WISSEMBOURG	WISSEMBOURG	FR	49.03708	7.94548
13055	WITTELSHEIM	WITTELSHEIM	FR	47.80947	7.24154
13054	WITTENHEIM	WITTENHEIM	FR	47.81090	7.32756
13040	WOIPPY	WOIPPY	FR	49.15111	6.15132
13155	YERVILLE (S-M)	YERVILLE (S-M)	FR	49.66720	0.89594
13156	YVETOT	YVETOT	FR	49.61744	0.75814
18983	YZEURE	YZEURE	FR	46.56596	3.35446
13430	LIBREVILLE	LIBREVILLE	GA	0.39241	9.45356
13433	MAKOKOU	MAKOKOU	GA	0.57381	12.86419
13432	OYEM	OYEM	GA	1.59950	11.57933
13434	TCHIBANGA	TCHIBANGA	GA	-2.93323	10.98178
13435	BANJUL	BANJUL	GM	13.45274	-16.57803
13445	ACCRA	ACCRA	GH	5.55602	-0.19690
13437	BOLGATANGA	BOLGATANGA	GH	10.78556	-0.85139
13438	CAPE COAST	CAPE COAST	GH	5.10535	-1.24660
13440	KOFORIDUA	KOFORIDUA	GH	6.09408	-0.25913
13439	KUMASI	KUMASI	GH	6.68848	-1.62443
13444	SEKONDI	SEKONDI	GH	4.93422	-1.71454
13443	TAKORADI	TAKORADI	GH	4.89816	-1.76029
13441	TAMALE	TAMALE	GH	9.40079	-0.83930
13442	TEMA	TEMA	GH	5.66980	-0.01657
13446	CONAKRY	CONAKRY	GN	9.53795	-13.67729
13449	KANKAN	KANKAN	GN	10.38542	-9.30568
13447	KINDIA	KINDIA	GN	10.05692	-12.86576
13448	LABE	LABE	GN	11.31823	-12.28332
13450	NZEREKORE	NZEREKORE	GN	7.75624	-8.81790
13452	NUUK	NUUK	GL	64.18347	-51.72157
13453	BASSE-TERRE	BASSE-TERRE	GP	15.99714	-61.73214
13467	CHIQUIMULA	CHIQUIMULA	GT	14.80090	-89.54641
13456	COBAN	COBAN	GT	15.47025	-90.37455
13457	ESCUINTLA	ESCUINTLA	GT	14.30097	-90.78816
13458	GUATEMALA CITY	GUATEMALA CITY	GT	14.64072	-90.51327
13459	HUEHUETENANGO	HUEHUETENANGO	GT	15.32097	-91.47001
13460	JALAPA	JALAPA	GT	14.63542	-89.99112
13461	MIXCO	MIXCO	GT	14.63077	-90.60711
13462	PUERTO BARRIOS	PUERTO BARRIOS	GT	15.72724	-88.59787
13466	SAN PEDRO CARCHA	SAN PEDRO CARCHA	GT	15.47745	-90.31105
13464	VILLA NUEVA	VILLA NUEVA	GT	14.52512	-90.58544
13465	ZACAPA	ZACAPA	GT	14.96867	-89.52732
13491	ALEXANDRA	ALEXANDRA	ZA	-26.10528	28.09884
13494	BOKSBURG	BOKSBURG	ZA	-26.21197	28.25958
13496	CAPE TOWN	CAPE TOWN	ZA	-33.92584	18.42322
13471	DURBAN	DURBAN	ZA	-29.85790	31.02920
13472	EAST LONDON	EAST LONDON	ZA	-33.01529	27.91162
13473	GEORGE	GEORGE	ZA	-33.96300	22.46173
13493	GERMISTON	GERMISTON	ZA	-26.23481	28.17665
13495	JOHANNESBURG	JOHANNESBURG	ZA	-26.20227	28.04363
13476	KIMBERLEY	KIMBERLEY	ZA	-28.73226	24.76232
13477	KLERKSDORP	KLERKSDORP	ZA	-26.85213	26.66672
13474	KURUMAN	KURUMAN	ZA	-27.46353	23.43552
13470	MDANTSANE	MDANTSANE	ZA	-32.93324	27.77656
13479	NEWCASTLE	NEWCASTLE	ZA	-27.75796	29.93180
13480	PIETERMARITZBURG	PIETERMARITZBURG	ZA	-29.61679	30.39278
13497	PRETORIA	PRETORIA	ZA	-25.74486	28.18783
13492	ROODE POORT	ROODE POORT	ZA	-26.16250	27.87250
13483	SOWETO	SOWETO	ZA	-26.26781	27.85849
13482	SPRINGS	SPRINGS	ZA	-26.25000	28.40000
13484	STELLENBOSCH	STELLENBOSCH	ZA	-33.93462	18.86676
13488	ULUNDI	ULUNDI	ZA	-28.33523	31.41617
13485	UPINGTON	UPINGTON	ZA	-28.44776	21.25612
13486	VEREENIGING	VEREENIGING	ZA	-26.67313	27.92615
13487	WELKOM	WELKOM	ZA	-27.97742	26.73506
13490	WORCESTER	WORCESTER	ZA	-33.64651	19.44852
13535	CHANGWON	CHANGWON	KR	35.22806	128.68111
13507	CHUNGJU	CHUNGJU	KR	36.97666	127.92870
13526	DAEGU	DAEGU	KR	35.87028	128.59111
13527	DAEJEON	DAEJEON	KR	36.34913	127.38493
13512	GANGNEUNG	GANGNEUNG	KR	37.75266	128.87239
13514	GUNSAN	GUNSAN	KR	35.97861	126.71139
13516	GWANGJU	GWANGJU	KR	35.15472	126.91556
13517	GYEONGJU	GYEONGJU	KR	35.84278	129.21167
13534	IKSAN	IKSAN	KR	35.94389	126.95444
13510	INCHEON	INCHEON	KR	37.45646	126.70515
13506	JEON JU	JEON JU	KR	35.82194	127.14889
13518	MASAN	MASAN	KR	35.12725	126.83149
13521	MIRYANG	MIRYANG	KR	35.49333	128.74889
13529	MOKPO	MOKPO	KR	34.81282	126.39181
13537	NAJU	NAJU	KR	35.02920	126.71750
13519	PAJU	PAJU	KR	37.83278	126.81694
13520	POHANG	POHANG	KR	36.02917	129.36481
13536	SUNCHEON	SUNCHEON	KR	34.95050	127.48784
13525	SUWON	SUWON	KR	37.29111	127.00889
13538	ULSAN	ULSAN	KR	35.53722	129.31667
13531	WONJU	WONJU	KR	37.35139	127.94528
13528	YEOSU	YEOSU	KR	34.76062	127.66215
13546	GAGRA	GAGRA	GE	43.27858	40.27124
13553	GALI	GALI	GE	42.62705	41.73645
13541	GORI	GORI	GE	41.98532	44.11290
13557	KEDA	KEDA	GE	41.59948	41.93946
13542	KHASHURI	KHASHURI	GE	41.99733	43.59905
13558	KOBULETI	KOBULETI	GE	41.83283	41.77823
17820	KUTAISI	KUTAISI	GE	42.26791	42.69459
13543	MARNEULI	MARNEULI	GE	41.48758	44.79845
13539	OZURGETI	OZURGETI	GE	41.92336	42.00525
13552	POTI	POTI	GE	42.14272	41.67384
13549	RUSTAVI	RUSTAVI	GE	41.56271	44.97870
13545	SAMTREDIA	SAMTREDIA	GE	42.15370	42.33517
13544	SENAKI	SENAKI	GE	42.27077	42.06334
13556	SOKHUMI	SOKHUMI	GE	43.00697	40.98930
13554	TIFLIS	TIFLIS	GE	41.69143	44.83412
16747	TSALKA	TSALKA	GE	41.59822	44.09112
13540	ZUGDIDI	ZUGDIDI	GE	42.50840	41.86796
13559	GEORGETOWN	GEORGETOWN	GY	6.80448	-58.15527
13560	LINDEN	LINDEN	GY	6.00815	-58.30724
13561	NEW AMSTERDAM	NEW AMSTERDAM	GY	6.24924	-57.51578
13563	CARREFOUR	CARREFOUR	HT	18.53333	-72.40000
13562	DELMAS	DELMAS	HT	18.54478	-72.30036
13565	GONAIVES	GONAIVES	HT	19.44755	-72.68928
13566	LES CAYES	LES CAYES	HT	18.19199	-73.74948
13567	PORT -AU -PRINCE	PORT -AU -PRINCE	HT	18.54349	-72.33881
13671	ADILABAD	ADILABAD	IN	19.67203	78.53590
13570	AGRA	AGRA	IN	27.18333	78.01667
13569	AHMEDABAD	AHMEDABAD	IN	23.02579	72.58727
13572	AKOLA	AKOLA	IN	20.70957	76.99810
13573	AMBALA	AMBALA	IN	30.36099	76.79782
13574	AMRAVATI	AMRAVATI	IN	20.93333	77.75000
13575	AMRITSAR	AMRITSAR	IN	31.62234	74.87534
13585	BARDDHAMAN	BARDDHAMAN	IN	23.25572	87.85691
13576	BARIPADA	BARIPADA	IN	21.93458	86.72852
13584	BHAVANI	BHAVANI	IN	11.44553	77.68215
13578	BHILAI	BHILAI	IN	21.20919	81.42850
13579	BHIWANDI	BHIWANDI	IN	19.30023	73.05881
13580	BHOPAL	BHOPAL	IN	23.25469	77.40289
13582	BHUJ	BHUJ	IN	23.25397	69.66928
13583	BILASPUR	BILASPUR	IN	22.08005	82.15543
13681	BOMBAY	BOMBAY	IN	19.07283	72.88261
13587	CHANDIGARH	CHANDIGARH	IN	30.73629	76.78840
13588	CHENNAI	CHENNAI	IN	13.08784	80.27847
13589	CHHATARPUR	CHHATARPUR	IN	24.91770	79.58871
13590	CHHINDWARA	CHHINDWARA	IN	22.05697	78.93958
13592	COIMBATORE	COIMBATORE	IN	11.00555	76.96612
13593	CUDDALORE	CUDDALORE	IN	11.75617	79.76693
13630	CUTTACK	CUTTACK	IN	20.46497	85.87927
13594	DEHRA DUN	DEHRA DUN	IN	30.32443	78.03392
13596	DIBRUGARH	DIBRUGARH	IN	27.47989	94.90837
13598	DURG	DURG	IN	21.19147	81.27619
13599	DURGAPUR	DURGAPUR	IN	23.51583	87.30801
13600	ERODE	ERODE	IN	11.34280	77.72741
13602	GANDHINAGAR (GUJARAT)	GANDHINAGAR (GUJARAT)	IN	23.21667	72.68333
13595	GONDIA	GONDIA	IN	21.46026	80.19205
13606	GUNTUR	GUNTUR	IN	16.29974	80.45729
13608	GUWAHATI	GUWAHATI	IN	26.18440	91.74580
13609	GWALIOR	GWALIOR	IN	26.22983	78.17337
13604	HALDIA	HALDIA	IN	22.06046	88.10975
13611	HISAR	HISAR	IN	29.15394	75.72294
13610	HOSHIARPUR	HOSHIARPUR	IN	31.53723	75.91269
13679	HYDERABAD	HYDERABAD	IN	17.38405	78.45636
13612	ICHALKARANJI	ICHALKARANJI	IN	16.69117	74.46054
13613	IMPHAL	IMPHAL	IN	24.80805	93.94420
13614	INDORE	INDORE	IN	22.71792	75.83330
13615	JABALPUR	JABALPUR	IN	23.16697	79.95006
13616	JAIPUR	JAIPUR	IN	26.91962	75.78781
13617	JALANDHAR ( JULLUNDUR )	JALANDHAR ( JULLUNDUR )	IN	31.32556	75.57917
13618	JALGAON (MAHARASTITRA)	JALGAON (MAHARASTITRA)	IN	21.00292	75.56602
13619	JAMMU	JAMMU	IN	32.73528	74.86167
13597	JAMSHEDPUR	JAMSHEDPUR	IN	22.80278	86.18545
13620	JORHAT	JORHAT	IN	26.75751	94.20306
13621	KAKINADA	KAKINADA	IN	16.96036	82.23809
13622	KALOL	KALOL	IN	23.24656	72.49508
13624	KALYAN	KALYAN	IN	19.24370	73.13554
13625	KANPUR	KANPUR	IN	26.46523	80.34975
13626	KHARAGPUR (WEST BENGAL)	KHARAGPUR (WEST BENGAL)	IN	22.33971	87.32501
13627	KOLHAPUR	KOLHAPUR	IN	16.69563	74.23167
13628	KORBA	KORBA	IN	22.34580	82.69633
13629	KOTTAYAM	KOTTAYAM	IN	9.58692	76.52132
13633	LUCKNOW	LUCKNOW	IN	26.83928	80.92313
13634	LUDHIANA	LUDHIANA	IN	30.91204	75.85379
13635	MADURAI	MADURAI	IN	9.91900	78.11953
13636	MALAPPURAM	MALAPPURAM	IN	11.04199	76.08154
13637	MANDYA	MANDYA	IN	12.52230	76.89746
13640	MEERUT	MEERUT	IN	28.98002	77.70636
13642	NAGPUR	NAGPUR	IN	21.14631	79.08491
13644	NALGONDA	NALGONDA	IN	17.05439	79.26707
13646	NELLORE	NELLORE	IN	14.44992	79.98697
13648	PATNA	PATNA	IN	25.59408	85.13563
13649	PIMPRI	PIMPRI	IN	18.62292	73.80696
13651	PORT BLAIR	PORT BLAIR	IN	11.66613	92.74635
13652	PUNE	PUNE	IN	18.51957	73.85535
13645	RAIGARH	RAIGARH	IN	21.89764	83.39660
13653	RAIPUR	RAIPUR	IN	21.23333	81.63333
13654	RAJKOT	RAJKOT	IN	22.29161	70.79322
13655	RANCHI	RANCHI	IN	23.34316	85.30940
13658	SALEM	SALEM	IN	11.65376	78.15538
13666	SAMBALPUR	SAMBALPUR	IN	21.46527	83.97573
13659	SANGLI	SANGLI	IN	16.85438	74.56417
13660	SECUNDERABAD	SECUNDERABAD	IN	17.50427	78.54263
13662	SHOLAPUR	SHOLAPUR	IN	17.67152	75.91044
13661	SIVAKASI	SIVAKASI	IN	9.44999	77.79797
13663	SRINAGAR	SRINAGAR	IN	34.08565	74.80555
13665	THANE	THANE	IN	19.19704	72.96355
13667	THANJAVUR	THANJAVUR	IN	10.78523	79.13909
13668	TIRUCHIRAPPALLI	TIRUCHIRAPPALLI	IN	10.81550	78.69651
13669	TIRUNELVELI	TIRUNELVELI	IN	8.72742	77.68380
13670	TIRUPPUR	TIRUPPUR	IN	11.11541	77.35456
13673	UDAIPUR	UDAIPUR	IN	24.58584	73.71346
13674	UNNAO	UNNAO	IN	26.54706	80.48781
13675	VADODARA	VADODARA	IN	22.29941	73.20812
13677	VIJAYAWADA	VIJAYAWADA	IN	16.50745	80.64660
13643	WARDHA	WARDHA	IN	20.73933	78.59784
13647	YAVATMAL	YAVATMAL	IN	20.39324	78.13201
13690	BASKA	BASKA	HR	44.97028	14.75333
13688	BJELOVAR	BJELOVAR	HR	45.89789	16.85071
13692	DARUVAR	DARUVAR	HR	45.59056	17.22500
13687	DUBROVNIK	DUBROVNIK	HR	42.64125	18.10909
13698	GRACAC	GRACAC	HR	44.29916	15.84752
13691	KARLOVAC	KARLOVAC	HR	45.49167	15.55000
13693	KOPRIVNICA	KOPRIVNICA	HR	46.16364	16.82970
13694	KRIZEVCI	KRIZEVCI	HR	46.02194	16.54250
13684	OGULIN	OGULIN	HR	45.26611	15.22861
13683	OSIJEK	OSIJEK	HR	45.55066	18.69420
13682	OTOCAC	OTOCAC	HR	44.86944	15.23750
13695	POZEGA	POZEGA	HR	45.34028	17.68528
13699	PULA	PULA	HR	44.86833	13.84806
13685	RIJEKA	RIJEKA	HR	45.32673	14.44241
13689	SENJ	SENJ	HR	44.98944	14.90583
13696	SISAK	SISAK	HR	45.46608	16.37748
13700	SLAVONSKI BROD	SLAVONSKI BROD	HR	45.16158	18.01630
13703	SPLIT	SPLIT	HR	43.50891	16.43915
13701	VARAZDIN	VARAZDIN	HR	46.30444	16.33778
13702	ZADAR	ZADAR	HR	44.11578	15.22514
13686	ZAGREB	ZAGREB	HR	45.81444	15.97798
19013	AALSMEER	AALSMEER	NL	52.25917	4.75972
13908	AALTEN	AALTEN	NL	51.92500	6.58056
13717	ABCOUDE	ABCOUDE	NL	52.27250	4.96944
13822	ALBLASSERDAM	ALBLASSERDAM	NL	51.86583	4.66111
13882	ALKMAAR	ALKMAAR	NL	52.63167	4.74861
13715	ALMELO	ALMELO	NL	52.35667	6.66250
13909	ALPHEN AAN DEN RIJN	ALPHEN AAN DEN RIJN	NL	52.12917	4.65546
13876	AMERSFOORT	AMERSFOORT	NL	52.15500	5.38750
13718	AMSTELVEEN	AMSTELVEEN	NL	52.30083	4.86389
13976	AMSTERDAM	AMSTERDAM	NL	52.37403	4.88969
13895	APELDOORN	APELDOORN	NL	52.21000	5.96944
13789	APPINGEDAM	APPINGEDAM	NL	53.32167	6.85833
13894	ARNHEM	ARNHEM	NL	51.98000	5.91111
13910	ASSEN	ASSEN	NL	52.99667	6.56250
13911	BAARN	BAARN	NL	52.21167	5.28750
13823	BARENDRECHT	BARENDRECHT	NL	51.85667	4.53472
13912	BARNEVELD	BARNEVELD	NL	52.14000	5.58472
13790	BEDUM	BEDUM	NL	53.30083	6.60278
13798	BEEK (Maastricht)	BEEK (Maastricht)	NL	50.94083	5.79722
13862	BEILEN	BEILEN	NL	52.86333	6.51389
13812	BEMMEL	BEMMEL	NL	51.89167	5.89861
13813	BERG EN DAL	BERG EN DAL	NL	51.82167	5.91667
13888	BERGEN OP ZOOM	BERGEN OP ZOOM	NL	51.49500	4.29167
13769	BEST	BEST	NL	51.50750	5.39028
13814	BEUNINGEN (Nijmegen)	BEUNINGEN (Nijmegen)	NL	51.86083	5.76667
13873	BEVERWIJK	BEVERWIJK	NL	52.48333	4.65694
13913	BILTHOVEN	BILTHOVEN	NL	52.13000	5.20139
13854	BLERICK	BLERICK	NL	51.37167	6.14861
13843	BODEGRAVEN	BODEGRAVEN	NL	52.08250	4.75000
13782	BORNE	BORNE	NL	52.30136	6.74820
13844	BOSKOOP	BOSKOOP	NL	52.07500	4.65556
13747	BOXMEER	BOXMEER	NL	51.64667	5.94722
13704	BOXTEL	BOXTEL	NL	51.59083	5.32917
13887	BREDA	BREDA	NL	51.58656	4.77596
13807	BRESKENS	BRESKENS	NL	51.39583	3.55556
13824	BRIELLE	BRIELLE	NL	51.90167	4.16250
13764	BRUMMEN	BRUMMEN	NL	52.09000	6.15556
13799	BRUNSSUM	BRUNSSUM	NL	50.94667	5.97083
13845	BUNNIK	BUNNIK	NL	52.06667	5.19861
13846	BUNSCHOTEN	BUNSCHOTEN	NL	52.24304	5.37884
13719	BUSSUM	BUSSUM	NL	52.27333	5.16111
13915	CASTRICUM	CASTRICUM	NL	52.54833	4.66944
13863	COEVORDEN	COEVORDEN	NL	52.66103	6.74046
13816	CUIJK	CUIJK	NL	51.73083	5.87917
13916	CULEMBORG	CULEMBORG	NL	51.95500	5.22778
13864	DALFSEN	DALFSEN	NL	52.51167	6.25694
13917	DE BILT	DE BILT	NL	52.11000	5.18056
13865	DEDEMSVAART	DEDEMSVAART	NL	52.60000	6.45833
13874	DELFT	DELFT	NL	52.00667	4.35556
13791	DELFZIJL	DELFZIJL	NL	53.33000	6.91806
13740	DEN DOLDER	DEN DOLDER	NL	52.13917	5.23889
13977	DEN HAAG	DEN HAAG	NL	52.07667	4.29861
13714	DEN HELDER	DEN HELDER	NL	52.95988	4.75933
13735	DENEKAMP	DENEKAMP	NL	52.37750	7.00694
13974	DEVENTER	DEVENTER	NL	52.25500	6.16389
13720	DIEMEN	DIEMEN	NL	52.33964	4.96256
13749	DIEREN	DIEREN	NL	52.05120	6.10300
13817	DODEWAARD	DODEWAARD	NL	51.91250	5.65556
13750	DOESBURG	DOESBURG	NL	52.01250	6.13889
13918	DOETINCHEM	DOETINCHEM	NL	51.96500	6.28889
13792	DOKKUM	DOKKUM	NL	53.32224	5.99697
13892	DONGEN	DONGEN	NL	51.62667	4.93889
13889	DORDRECHT	DORDRECHT	NL	51.81000	4.67361
13919	DRACHTEN	DRACHTEN	NL	53.11254	6.09890
17805	DRIEBERGEN-RIJSENBURG	DRIEBERGEN-RIJSENBURG	NL	52.05333	5.28056
13920	DRONTEN	DRONTEN	NL	52.52500	5.71806
13818	DRUTEN	DRUTEN	NL	51.88833	5.60556
13709	EDE	EDE	NL	52.03333	5.65833
13710	EERBEEK	EERBEEK	NL	52.10500	6.05833
13978	EINDHOVEN	EINDHOVEN	NL	51.44083	5.47778
13815	ELST (Nijmegen)	ELST (Nijmegen)	NL	51.91917	5.84167
13921	EMMELOORD	EMMELOORD	NL	52.71083	5.74861
13880	EMMEN	EMMEN	NL	52.77917	6.90694
13705	ENKHUIZEN	ENKHUIZEN	NL	52.70333	5.29167
13883	ENSCHEDE	ENSCHEDE	NL	52.21833	6.89583
13743	EPE	EPE	NL	52.34750	5.98333
13800	EPEN	EPEN	NL	50.77583	5.91111
13721	ERMELO	ERMELO	NL	52.29833	5.62222
13772	GELDROP	GELDROP	NL	51.42167	5.55972
13922	GELEEN	GELEEN	NL	50.97417	5.82917
13773	GEMERT	GEMERT	NL	51.55583	5.69028
13835	GILZE	GILZE	NL	51.54417	4.94028
13774	GINNEKEN	GINNEKEN	NL	51.56593	4.79310
13923	GOES	GOES	NL	51.50417	3.88889
13836	GOIRLE	GOIRLE	NL	51.52083	5.06667
13785	GOOR	GOOR	NL	52.23333	6.58611
13716	GORINCHEM	GORINCHEM	NL	51.83652	4.97243
13924	GOUDA	GOUDA	NL	52.01667	4.70833
13819	GRAVE	GRAVE	NL	51.75902	5.73882
13820	GROESBEEK	GROESBEEK	NL	51.77667	5.93611
13979	GRONINGEN	GRONINGEN	NL	53.21917	6.56667
13801	GRONSVELD	GRONSVELD	NL	50.81083	5.73056
13786	HAAKSBERGEN	HAAKSBERGEN	NL	52.15667	6.73889
13877	HAARLEM	HAARLEM	NL	52.38084	4.63683
13754	HALSTEREN	HALSTEREN	NL	51.52834	4.26785
13868	HARDENBERG	HARDENBERG	NL	52.57583	6.61944
13891	HARDERWIJK	HARDERWIJK	NL	52.34167	5.62083
13925	HEEMSKERK	HEEMSKERK	NL	52.51108	4.67165
13926	HEEMSTEDE	HEEMSTEDE	NL	52.34992	4.62301
13765	HEERDE	HEERDE	NL	52.38723	6.04016
13927	HEERENVEEN	HEERENVEEN	NL	52.95929	5.91854
13905	HEERHUGOWAARD	HEERHUGOWAARD	NL	52.67144	4.84862
13928	HEERLEN	HEERLEN	NL	50.88365	5.98154
13775	HEESCH	HEESCH	NL	51.73362	5.52672
13766	HELLENDOORN	HELLENDOORN	NL	52.38833	6.45139
13825	HELLEVOETSLUIS	HELLEVOETSLUIS	NL	51.83333	4.13333
13929	HELMOND	HELMOND	NL	51.48167	5.66111
17926	HENGELO (GELDERLAND)	HENGELO (GELDERLAND)	NL	52.26583	6.79306
13875	HENGELO (overijssel)	HENGELO (overijssel)	NL	52.26583	6.79306
13930	HILLEGOM	HILLEGOM	NL	52.29083	4.58333
13837	HILVARENBEEK	HILVARENBEEK	NL	51.48583	5.13750
13708	HILVERSUM	HILVERSUM	NL	52.22333	5.17639
13802	HOENSBROEK	HOENSBROEK	NL	50.92387	5.92528
13931	HOOFDDORP	HOOFDDORP	NL	52.30250	4.68889
13755	HOOGERHEIDE	HOOGERHEIDE	NL	51.42417	4.32500
13932	HOOGEVEEN	HOOGEVEEN	NL	52.72250	6.47639
13793	HOOGEZAND	HOOGEZAND	NL	53.16167	6.76111
13826	HOOGVLIET	HOOGVLIET	NL	51.86333	4.36250
13878	HOORN	HOORN	NL	52.64250	5.05972
13776	HORST (Limburg)	HORST (Limburg)	NL	51.45417	6.05139
13848	HOUTEN	HOUTEN	NL	52.02833	5.16806
13933	HUIZEN	HUIZEN	NL	52.29917	5.24167
13722	IJMUIDEN	IJMUIDEN	NL	52.46030	4.61048
13847	IJSSELSTEIN	IJSSELSTEIN	NL	52.02000	5.04306
13934	KAMPEN	KAMPEN	NL	52.55500	5.91111
13803	KERKRADE	KERKRADE	NL	50.86583	6.06250
13745	KLARENBEEK (Gelderland)	KLARENBEEK (Gelderland)	NL	51.50964	3.61132
13808	KLOETINGE	KLOETINGE	NL	51.49833	3.91528
13896	LEERDAM	LEERDAM	NL	51.89333	5.09167
13849	LEERSUM	LEERSUM	NL	52.01167	5.42778
13879	LEEUWARDEN	LEEUWARDEN	NL	53.20271	5.80973
13973	LEIDEN	LEIDEN	NL	52.15833	4.49306
13936	LEIDERDORP	LEIDERDORP	NL	52.15833	4.52917
13900	LELYSTAD	LELYSTAD	NL	52.50833	5.47500
13938	LISSE	LISSE	NL	52.26000	4.55694
13767	LOCHEM	LOCHEM	NL	52.15917	6.41111
13787	LOSSER	LOSSER	NL	52.26083	7.00417
13850	MAARSSEN	MAARSSEN	NL	52.13917	5.04167
13856	MAASBREE	MAASBREE	NL	51.35750	6.04861
13939	MAASSLUIS	MAASSLUIS	NL	51.92333	4.25000
13904	MAASTRICHT	MAASTRICHT	NL	50.84833	5.68889
13724	MEDEMBLIK	MEDEMBLIK	NL	52.77167	5.10556
13940	MEPPEL	MEPPEL	NL	52.69583	6.19444
13885	MIDDELBURG	MIDDELBURG	NL	51.50000	3.61389
13941	NAALDWIJK	NAALDWIJK	NL	51.99417	4.20972
13725	NAARDEN	NAARDEN	NL	52.29583	5.16250
13788	NEEDE	NEEDE	NL	52.13417	6.61389
13942	NIEUWEGEIN	NIEUWEGEIN	NL	52.02917	5.08056
13741	NIJKERK	NIJKERK	NL	52.22000	5.48611
13897	NIJMEGEN	NIJMEGEN	NL	51.84250	5.85278
13736	NIJVERDAL	NIJVERDAL	NL	52.36000	6.46806
13777	NUENEN	NUENEN	NL	51.47000	5.55278
13870	NUNSPEET	NUNSPEET	NL	52.37917	5.78611
13839	OISTERWIJK	OISTERWIJK	NL	51.57917	5.18889
13768	OLDEBROEK	OLDEBROEK	NL	52.44500	5.90139
13943	OLDENZAAL	OLDENZAAL	NL	52.31333	6.92917
13810	OOSTBURG	OOSTBURG	NL	51.32583	3.48750
13944	OOSTERHOUT	OOSTERHOUT	NL	51.64500	4.85972
13907	OSS	OSS	NL	51.76500	5.51806
18964	OUDENBOSCH	OUDENBOSCH	NL	51.58833	4.53472
13851	OUDEWATER	OUDEWATER	NL	52.02500	4.86806
13858	PANNINGEN	PANNINGEN	NL	51.32667	5.97917
13706	PAPENDRECHT	PAPENDRECHT	NL	51.83167	4.68750
13757	POELDIJK	POELDIJK	NL	52.02417	4.21944
13945	PURMEREND	PURMEREND	NL	52.50500	4.95972
13727	PUTTEN	PUTTEN	NL	52.25917	5.60694
13946	RAALTE	RAALTE	NL	52.38583	6.27500
13857	REUVER	REUVER	NL	51.28417	6.07778
13829	RIDDERKERK	RIDDERKERK	NL	51.87250	4.60278
13840	RIJEN	RIJEN	NL	51.59083	4.91944
13893	RIJSSEN	RIJSSEN	NL	52.30667	6.51806
13759	RIJSWIJK (Z-H)	RIJSWIJK (Z-H)	NL	52.03634	4.32501
13884	ROERMOND	ROERMOND	NL	51.19417	5.98750
13901	ROOSENDAAL	ROOSENDAAL	NL	51.53083	4.46528
13980	ROTTERDAM	ROTTERDAM	NL	51.92250	4.47917
13948	SCHIEDAM	SCHIEDAM	NL	51.91917	4.38889
13778	SCHIJNDEL	SCHIJNDEL	NL	51.62250	5.43194
13830	SCHOONHOVEN	SCHOONHOVEN	NL	51.94750	4.84861
13859	SEVENUM	SEVENUM	NL	51.41250	6.03750
13804	SIMPELVELD	SIMPELVELD	NL	50.83417	5.98194
13949	SITTARD	SITTARD	NL	50.99833	5.86944
13950	SLIEDRECHT	SLIEDRECHT	NL	51.82083	4.77639
13951	SNEEK	SNEEK	NL	53.03297	5.65890
13952	SOEST	SOEST	NL	52.17333	5.29167
13779	SON EN BREUGEL	SON EN BREUGEL	NL	51.51654	5.49608
13953	SPIJKENISSE	SPIJKENISSE	NL	51.84500	4.32917
13954	STADSKANAAL	STADSKANAAL	NL	52.98947	6.95040
13756	STEENBERGEN (N-B)	STEENBERGEN (N-B)	NL	51.58417	4.31944
13903	STEENWIJK	STEENWIJK	NL	52.78750	6.12083
13955	STEIN	STEIN	NL	50.96917	5.76667
13831	STRIJEN	STRIJEN	NL	51.74521	4.55083
13861	TEGELEN	TEGELEN	NL	51.34417	6.13611
13752	TERBORG	TERBORG	NL	51.92000	6.35417
13713	TERNEUZEN	TERNEUZEN	NL	51.33583	3.82778
13956	THE HAGUE	THE HAGUE	NL	52.07667	4.29861
13957	TIEL	TIEL	NL	51.88667	5.42917
13890	TILBURG	TILBURG	NL	51.55551	5.09130
13737	TUBBERGEN	TUBBERGEN	NL	52.40750	6.78472
13746	TWELLO	TWELLO	NL	52.23667	6.10278
13806	UBACHSBERG	UBACHSBERG	NL	50.85333	5.94861
13958	UDEN	UDEN	NL	51.66083	5.61944
13728	UITHOORN	UITHOORN	NL	52.23750	4.82639
17806	ULFT	ULFT	NL	51.89000	6.37778
13871	URK	URK	NL	52.66250	5.60139
13975	UTRECHT	UTRECHT	NL	52.09083	5.12222
18958	VAASSEN	VAASSEN	NL	52.28583	5.96667
13959	VALKENSWAARD	VALKENSWAARD	NL	51.35083	5.45972
13794	VEENDAM	VEENDAM	NL	53.10667	6.87917
13960	VEENENDAAL	VEENENDAAL	NL	52.02863	5.55891
13780	VEGHEL	VEGHEL	NL	51.61667	5.54861
13961	VELDHOVEN	VELDHOVEN	NL	51.41833	5.40278
13898	VENLO	VENLO	NL	51.37000	6.16806
13899	VENRAY	VENRAY	NL	51.52500	5.97500
13962	VLAARDINGEN	VLAARDINGEN	NL	51.91250	4.34167
13963	VLISSINGEN	VLISSINGEN	NL	51.44250	3.57361
13964	VOORBURG	VOORBURG	NL	52.07417	4.35972
13760	VOORSCHOTEN	VOORSCHOTEN	NL	52.12750	4.44861
13738	VRIEZENVEEN	VRIEZENVEEN	NL	52.40833	6.62222
13781	VUGHT	VUGHT	NL	51.65333	5.28750
13965	WAALWIJK	WAALWIJK	NL	51.68250	5.07083
13832	WADDINXVEEN	WADDINXVEEN	NL	52.04500	4.65139
13966	WAGENINGEN	WAGENINGEN	NL	51.97000	5.66667
13761	WASSENAAR	WASSENAAR	NL	52.14583	4.40278
13967	WEERT	WEERT	NL	51.25167	5.70694
13729	WEESP	WEESP	NL	52.30750	5.04167
13739	WIERDEN	WIERDEN	NL	52.35917	6.59306
13753	WIJCHEN	WIJCHEN	NL	51.80917	5.72500
13833	WILLEMSTAD (Rotterdam)	WILLEMSTAD (Rotterdam)	NL	51.69167	4.43889
13795	WINSCHOTEN	WINSCHOTEN	NL	53.14417	7.03472
13796	WINSUM	WINSUM	NL	53.33000	6.52083
13707	WINTERSWIJK	WINTERSWIJK	NL	51.97250	6.71944
13968	WOERDEN	WOERDEN	NL	52.08500	4.88333
13853	WOERDENSE VERLAAT	WOERDENSE VERLAAT	NL	52.15500	4.86389
13872	WOLVEGA	WOLVEGA	NL	52.87545	5.99691
13712	ZAANDAM	ZAANDAM	NL	52.43854	4.82643
13730	ZAANSTAD	ZAANSTAD	NL	52.45313	4.81356
13731	ZANDVOORT	ZANDVOORT	NL	52.37125	4.53306
13969	ZEIST	ZEIST	NL	52.09000	5.23333
13970	ZEVENAAR	ZEVENAAR	NL	51.93000	6.07083
13971	ZOETERMEER	ZOETERMEER	NL	52.05750	4.49306
13972	ZUTPHEN	ZUTPHEN	NL	52.13833	6.20139
13732	ZWANENBURG	ZWANENBURG	NL	52.38000	4.74583
13834	ZWIJNDRECHT	ZWIJNDRECHT	NL	51.81750	4.63333
13881	ZWOLLE	ZWOLLE	NL	52.51250	6.09444
13981	WILLEMSTAD	WILLEMSTAD	CW	12.12246	-68.88641
13983	COMAYAGUA	COMAYAGUA	HN	14.45577	-87.63968
13985	DANLI	DANLI	HN	14.03333	-86.58333
13998	EL PROGRESO	EL PROGRESO	HN	15.40000	-87.80000
13984	GRACIAS	GRACIAS	HN	14.59065	-88.58612
13986	JUTICALPA	JUTICALPA	HN	14.66438	-86.22246
13987	LA CEIBA	LA CEIBA	HN	15.75971	-86.78221
13988	LA PAZ	LA PAZ	HN	14.32124	-87.67589
13990	PUERTO LEMPIRA	PUERTO LEMPIRA	HN	15.26566	-83.77436
13993	SAN PEDRO SULA	SAN PEDRO SULA	HN	15.50585	-88.02588
13991	SANTA BARBARA	SANTA BARBARA	HN	14.92217	-88.23756
13992	SANTA ROSA DE COPAN	SANTA ROSA DE COPAN	HN	14.77388	-88.77560
13994	TEGUCIGALPA	TEGUCIGALPA	HN	14.08180	-87.20681
13995	TELA	TELA	HN	15.77425	-87.46731
13996	TRUJILLO	TRUJILLO	HN	15.91741	-85.95263
13997	YORO	YORO	HN	15.13824	-87.12838
13999	ABERDEEN	ABERDEEN	HK	22.24802	114.15289
14001	HONG KONG	HONG KONG	HK	22.27832	114.17469
14000	KOWLOON	KOWLOON	HK	22.31667	114.18333
14003	VICTORIA	VICTORIA	HK	22.28750	114.14417
14015	ABERDEEN	ABERDEEN	GB	57.14369	-2.09814
14055	ALLOA	ALLOA	GB	56.11586	-3.78997
14108	ASHFORD	ASHFORD	GB	51.14648	0.87376
14094	BANBURY	BANBURY	GB	52.06320	-1.34222
14101	BANGOR	BANGOR	GB	54.66079	-5.66802
14109	BARNSLEY	BARNSLEY	GB	53.55000	-1.48333
14110	BASILDON	BASILDON	GB	51.56844	0.45782
14089	BATH	BATH	GB	51.37510	-2.36172
14056	BATHGATE	BATHGATE	GB	55.90204	-3.64398
14021	BEDFORD	BEDFORD	GB	52.13459	-0.46632
14028	BELFAST	BELFAST	GB	54.59682	-5.92541
14105	BIRMINGHAM	BIRMINGHAM	GB	52.48142	-1.89983
14111	BLACKBURN	BLACKBURN	GB	53.75000	-2.48333
14112	BLACKPOOL	BLACKPOOL	GB	53.81667	-3.05000
14091	BOURNEMOUTH	BOURNEMOUTH	GB	50.72048	-1.87950
14114	BRADFORD	BRADFORD	GB	53.79391	-1.75206
14008	BRIDGWATER	BRIDGWATER	GB	51.12837	-3.00356
14023	BRIDLINGTON	BRIDLINGTON	GB	54.08306	-0.19192
14079	BRIGHTON	BRIGHTON	GB	50.82838	-0.13947
14090	BRISTOL	BRISTOL	GB	51.45523	-2.59665
14068	BURY	BURY	GB	53.60000	-2.30000
14042	CALNE	CALNE	GB	51.43879	-2.00571
14093	CAMBRIDGE	CAMBRIDGE	GB	52.20000	0.11667
14115	CANTERBURY	CANTERBURY	GB	51.27904	1.07992
14011	CARDIFF	CARDIFF	GB	51.48000	-3.18000
14116	CARLISLE	CARLISLE	GB	54.89510	-2.93820
14034	CHATHAM	CHATHAM	GB	51.37891	0.52786
14117	CHELMSFORD	CHELMSFORD	GB	51.73575	0.46958
14118	CHELTENHAM	CHELTENHAM	GB	51.90006	-2.07972
14010	CHESTER	CHESTER	GB	53.19050	-2.89189
14119	CHICHESTER	CHICHESTER	GB	50.83673	-0.78003
14043	CHIPPENHAM (Bristol)	CHIPPENHAM (Bristol)	GB	51.46000	-2.12472
14044	CLEVEDON	CLEVEDON	GB	51.44227	-2.85786
14038	CODSALL	CODSALL	GB	52.62989	-2.20148
14087	COLCHESTER	COLCHESTER	GB	51.88921	0.90421
14084	COVENTRY	COVENTRY	GB	52.40656	-1.51217
14057	DALKEITH	DALKEITH	GB	55.89317	-3.06806
14120	DARLINGTON	DARLINGTON	GB	54.52429	-1.55039
14025	DERBY	DERBY	GB	52.92277	-1.47663
14045	DEVIZES	DEVIZES	GB	51.35084	-1.99421
14121	DONCASTER	DONCASTER	GB	53.52285	-1.13116
14085	DOVER	DOVER	GB	51.12598	1.31257
14122	DUDLEY	DUDLEY	GB	52.50000	-2.08333
14123	DUNDEE	DUNDEE	GB	56.46913	-2.97489
14058	DUNFERMLINE	DUNFERMLINE	GB	56.07156	-3.45887
14083	DURHAM	DURHAM	GB	54.77676	-1.57566
14012	EASTBOURNE	EASTBOURNE	GB	50.76871	0.28453
14124	EDINBURGH	EDINBURGH	GB	55.95206	-3.19648
14030	EPSOM	EPSOM	GB	51.33050	-0.27011
14125	EXETER	EXETER	GB	50.72360	-3.52751
14059	FALKIRK	FALKIRK	GB	56.00210	-3.78535
14081	FOLKESTONE	FOLKESTONE	GB	51.08169	1.16734
14097	GLASGOW	GLASGOW	GB	55.86515	-4.25763
14060	GLENROTHES	GLENROTHES	GB	56.19514	-3.17316
14126	GLOUCESTER	GLOUCESTER	GB	51.86568	-2.24310
14031	GRANTHAM	GRANTHAM	GB	52.91149	-0.64184
14127	GUILDFORD	GUILDFORD	GB	51.23536	-0.57427
14061	HAMILTON	HAMILTON	GB	55.76667	-4.03333
14128	HARROGATE	HARROGATE	GB	53.99078	-1.53730
14005	HENLOW	HENLOW	GB	52.03021	-0.28599
14033	HORSHAM	HORSHAM	GB	51.06314	-0.32757
14129	HUDDERSFIELD	HUDDERSFIELD	GB	53.64904	-1.78416
14130	IPSWICH	IPSWICH	GB	52.05917	1.15545
14062	KIRKCALDY	KIRKCALDY	GB	56.11683	-3.15999
14086	LANCASTER	LANCASTER	GB	54.04649	-2.79988
14063	LARBERT	LARBERT	GB	56.02246	-3.82872
14107	LEEDS	LEEDS	GB	53.79648	-1.54785
14013	LEICESTER	LEICESTER	GB	52.63860	-1.13169
14035	LEWES	LEWES	GB	50.87398	0.00880
14073	LIVERPOOL	LIVERPOOL	GB	53.41058	-2.97794
14064	LIVINGSTON	LIVINGSTON	GB	55.90288	-3.52261
14047	LONG ASHTON	LONG ASHTON	GB	51.42997	-2.66098
14032	LOWESTOFT	LOWESTOFT	GB	52.47523	1.75167
14016	LUTON	LUTON	GB	51.87967	-0.41748
14131	MAIDSTONE	MAIDSTONE	GB	51.26667	0.51667
14098	MANCHESTER	MANCHESTER	GB	53.48095	-2.23743
14048	MANGOTSFIELD	MANGOTSFIELD	GB	51.48780	-2.50403
14078	MARGATE	MARGATE	GB	51.38132	1.38617
14049	MELKSHAM	MELKSHAM	GB	51.37281	-2.14002
14132	MIDDLESBROUGH	MIDDLESBROUGH	GB	54.57623	-1.23483
14133	MILTON KEYNES	MILTON KEYNES	GB	52.04172	-0.75583
14069	MOLD	MOLD	GB	53.16674	-3.14143
14050	NAILSEA	NAILSEA	GB	51.43239	-2.75847
14077	NEWCASTLE UPON TYNE	NEWCASTLE UPON TYNE	GB	54.97328	-1.61396
14134	NEWPORT	NEWPORT	GB	51.58774	-2.99835
14080	NORTHAMPTON	NORTHAMPTON	GB	52.25000	-0.88333
14135	NORWICH	NORWICH	GB	52.62783	1.29834
14103	NOTTINGHAM	NOTTINGHAM	GB	52.95360	-1.15047
14070	OLDHAM	OLDHAM	GB	53.54051	-2.11830
14104	OXFORD	OXFORD	GB	51.75222	-1.25596
14065	PENICUIK	PENICUIK	GB	55.83116	-3.22608
14007	PENZANCE	PENZANCE	GB	50.11861	-5.53715
14066	PERTH	PERTH	GB	56.39522	-3.43139
14136	PETERBOROUGH	PETERBOROUGH	GB	52.57364	-0.24777
14022	POOLE	POOLE	GB	50.71429	-1.98458
14052	PORTISHEAD	PORTISHEAD	GB	51.48199	-2.76973
14099	PORTSMOUTH	PORTSMOUTH	GB	50.79899	-1.09125
14076	POYNTON	POYNTON	GB	53.35000	-2.11667
14137	PRESTON	PRESTON	GB	53.76282	-2.70452
14009	RAMSGATE	RAMSGATE	GB	51.33568	1.41797
14014	READING	READING	GB	51.45625	-0.97113
14071	SALFORD	SALFORD	GB	53.48771	-2.29042
14139	SALISBURY	SALISBURY	GB	51.06931	-1.79569
14140	SCARBOROUGH	SCARBOROUGH	GB	54.27966	-0.40443
14018	SHEFFIELD	SHEFFIELD	GB	53.38297	-1.46590
14039	SHREWSBURY	SHREWSBURY	GB	52.71009	-2.75208
14141	SOLIHULL	SOLIHULL	GB	52.41426	-1.78094
14142	SOUTHAMPTON	SOUTHAMPTON	GB	50.90395	-1.40428
14144	ST. HELENS	ST. HELENS	GB	50.69688	-1.11159
14019	STAFFORD	STAFFORD	GB	52.80521	-2.11636
14067	STIRLING	STIRLING	GB	56.11903	-3.93682
14024	STOCKPORT	STOCKPORT	GB	53.40979	-2.15761
14146	STRATFORD-UPON-AVON	STRATFORD-UPON-AVON	GB	52.19166	-1.70734
14147	STROUD	STROUD	GB	51.75000	-2.20000
14148	SUNDERLAND	SUNDERLAND	GB	54.90465	-1.38222
14102	SWANSEA	SWANSEA	GB	51.62079	-3.94323
14149	SWINDON	SWINDON	GB	51.55797	-1.78116
14027	TAMWORTH	TAMWORTH	GB	52.63399	-1.69587
17825	TAUNTON	TAUNTON	GB	51.01494	-3.10293
14053	THORNBURY	THORNBURY	GB	51.60889	-2.52028
14082	TORQUAY	TORQUAY	GB	50.46198	-3.52522
14054	TROWBRIDGE	TROWBRIDGE	GB	51.31889	-2.20861
14100	TWICKENHAM	TWICKENHAM	GB	51.44489	-0.33770
14150	WAKEFIELD	WAKEFIELD	GB	53.68331	-1.49768
14017	WALLINGFORD	WALLINGFORD	GB	51.59982	-1.12480
14040	WALSALL	WALSALL	GB	52.58528	-1.98396
14151	WARRINGTON	WARRINGTON	GB	53.39254	-2.58024
14152	WARWICK	WARWICK	GB	52.28333	-1.58333
14036	WATFORD (LONDRA)	WATFORD (LONDRA)	GB	51.65531	-0.39602
14041	WELLINGTON	WELLINGTON	GB	52.70000	-2.51667
14026	WELLS	WELLS	GB	51.20794	-2.64896
14072	WIGAN	WIGAN	GB	53.54296	-2.63706
14020	WILMSLOW	WILMSLOW	GB	53.32803	-2.23148
14106	WIMBLEDON	WIMBLEDON	GB	51.42212	-0.20805
14153	WINCHESTER	WINCHESTER	GB	51.06513	-1.31870
14037	WINDSOR	WINDSOR	GB	51.48333	-0.60000
14154	WOLVERHAMPTON	WOLVERHAMPTON	GB	52.58547	-2.12296
14095	WORTHING	WORTHING	GB	50.81795	-0.37538
14004	YEOVIL	YEOVIL	GB	50.94159	-2.63211
14155	YORK	YORK	GB	53.95763	-1.08271
14162	AL HILLAH	AL HILLAH	IQ	32.46367	44.41963
14170	BAGDAT	BAGDAT	IQ	33.34058	44.40088
14166	BAQUBAH	BAQUBAH	IQ	33.75403	44.60518
14157	BASRA	BASRA	IQ	30.50852	47.78040
16766	DUHOK	DUHOK	IQ	36.86608	42.98790
14171	ERBIL	ERBIL	IQ	36.19117	44.00943
14176	AHVAZ	AHVAZ	IR	31.31901	48.68420
14185	AMOL	AMOL	IR	36.46961	52.35072
14180	ARAK	ARAK	IR	34.09493	49.69809
14194	ARDABIL	ARDABIL	IR	38.24980	48.29330
14183	BABOL	BABOL	IR	36.55102	52.67860
14181	BOJNURD	BOJNURD	IR	37.47473	57.32903
14199	BORUJERD	BORUJERD	IR	33.89730	48.75160
14202	DEZFUL	DEZFUL	IR	32.38114	48.40581
14182	GORGAN	GORGAN	IR	36.84270	54.44391
14197	HAMADAN	HAMADAN	IR	34.79922	48.51456
14201	ILAM	ILAM	IR	33.63740	46.42270
16782	KAMYARAN	KAMYARAN	IR	34.79535	46.93682
14186	KARAJ	KARAJ	IR	35.83266	50.99155
14173	KERMAN	KERMAN	IR	30.28321	57.07879
14174	KERMANSHAH	KERMANSHAH	IR	34.31417	47.06500
14198	MALAYER	MALAYER	IR	34.30158	48.82166
14193	MARAGHEH	MARAGHEH	IR	37.39206	46.23909
14175	MASHHAD	MASHHAD	IR	36.29807	59.60567
14188	QAZVIN	QAZVIN	IR	36.26877	50.00410
14190	RASHT	RASHT	IR	37.27611	49.58862
14196	SANANDAJ	SANANDAJ	IR	35.31495	46.99883
14172	SHIRAZ	SHIRAZ	IR	29.61031	52.53113
14178	TABRIZ	TABRIZ	IR	38.08000	46.29190
14204	YAZD	YAZD	IR	31.89722	54.36750
14191	ZAHEDAN	ZAHEDAN	IR	29.49630	60.86290
14192	ZANJAN	ZANJAN	IR	36.67642	48.49628
14209	ATHLONE	ATHLONE	IE	53.42278	-7.93722
14205	CARLOW	CARLOW	IE	52.84083	-6.92611
14212	CORK	CORK	IE	51.89797	-8.47061
14210	DUBLIN	DUBLIN	IE	53.33306	-6.24889
14206	DUNDALK	DUNDALK	IE	54.00000	-6.41667
14207	GALWAY	GALWAY	IE	53.27245	-9.05095
14208	TRALEE	TRALEE	IE	52.27042	-9.70264
14233	ALBACETE	ALBACETE	ES	38.99424	-1.85643
14235	ALGECIRAS	ALGECIRAS	ES	36.13326	-5.45051
14236	ALICANTE	ALICANTE	ES	38.34517	-0.48149
14237	ALMERIA	ALMERIA	ES	36.83814	-2.45974
14238	ARRECIFE	ARRECIFE	ES	28.96302	-13.54769
14239	BADAJOZ	BADAJOZ	ES	38.87789	-6.97061
14262	BARCELONA	BARCELONA	ES	41.38879	2.15899
14216	BILBAO	BILBAO	ES	43.26271	-2.92528
14240	BURGOS	BURGOS	ES	42.34106	-3.70184
14231	CADIZ	CADIZ	ES	36.52672	-6.28910
14230	CARTAGENA	CARTAGENA	ES	37.60197	-0.98397
14259	CEUTA	CEUTA	ES	35.88919	-5.32042
14218	CORDOBA	CORDOBA	ES	37.89155	-4.77275
14234	ELCHE	ELCHE	ES	38.26218	-0.70107
14243	GIJON	GIJON	ES	43.53573	-5.66152
14224	GRANADA	GRANADA	ES	37.18817	-3.60667
14244	HUELVA	HUELVA	ES	37.26638	-6.94004
14245	IBIZA	IBIZA	ES	38.90883	1.43296
14246	JAEN	JAEN	ES	37.76922	-3.79028
14247	JEREZ DE LA FRONTERA	JEREZ DE LA FRONTERA	ES	36.68645	-6.13606
14226	LA LAGUNA	LA LAGUNA	ES	28.48530	-16.32014
14249	LEON	LEON	ES	42.60003	-5.57032
14250	LLEIDA	LLEIDA	ES	41.61674	0.62218
14251	LOGRONO	LOGRONO	ES	42.46615	-2.45115
14263	MADRID	MADRID	ES	40.41650	-3.70256
14229	MALAGA	MALAGA	ES	36.72016	-4.42034
14252	MARBELLA	MARBELLA	ES	36.51543	-4.88583
14253	MURCIA	MURCIA	ES	37.98704	-1.13004
14255	OVIEDO	OVIEDO	ES	43.36029	-5.84476
14256	PAMPLONA	PAMPLONA	ES	42.81687	-1.64323
14222	SALAMANCA	SALAMANCA	ES	40.42972	-3.67975
14217	SAN ANTONIO ABAD	SAN ANTONIO ABAD	ES	37.61767	-0.99665
14220	SAN SEBASTIAN	SAN SEBASTIAN	ES	43.31283	-1.97499
14257	SANTA CRUZ DE TENERIFE	SANTA CRUZ DE TENERIFE	ES	28.46824	-16.25462
14214	SANTANDER	SANTANDER	ES	43.46589	-3.80493
14260	TARRAGONA	TARRAGONA	ES	41.11905	1.24544
14258	TOLEDO	TOLEDO	ES	39.85810	-4.02263
14228	VALENCIA	VALENCIA	ES	39.47391	-0.37966
14213	VALLADOLID	VALLADOLID	ES	41.65541	-4.72353
14215	VIGO	VIGO	ES	42.23282	-8.72264
14264	ZARAGOZA	ZARAGOZA	ES	41.65606	-0.87734
14265	ASHDOD	ASHDOD	IL	31.79213	34.64966
14266	BEERSHEBA	BEERSHEBA	IL	31.25181	34.79130
14271	HAIFA	HAIFA	IL	32.81303	34.99928
14268	NAZARETH	NAZARETH	IL	32.70087	35.29719
14267	NETANYA	NETANYA	IL	32.33291	34.85992
14269	TEL AVIV	TEL AVIV	IL	32.08088	34.78057
14309	AKERSBERGA	AKERSBERGA	SE	59.47944	18.29967
14324	ALINGSAS	ALINGSAS	SE	57.93033	12.53345
14310	ALTA	ALTA	SE	59.26667	18.18333
14326	ANGELHOLM	ANGELHOLM	SE	56.24280	12.86219
14327	ARVIKA	ARVIKA	SE	59.65528	12.58518
14280	ASA (Halland)	ASA (Halland)	SE	57.35000	12.11667
14328	AVESTA	AVESTA	SE	60.14274	16.16295
14311	BALSTA (U)	BALSTA (U)	SE	59.56710	17.52781
14292	BARA	BARA	SE	55.58155	13.17862
14281	BILLDAL	BILLDAL	SE	57.56667	11.93333
14293	BJARRED (Malmo)	BJARRED (Malmo)	SE	55.71667	13.01667
14329	BODEN	BODEN	SE	65.82518	21.68864
14282	BOLLEBYGD	BOLLEBYGD	SE	57.66866	12.57272
14330	BORAS	BORAS	SE	57.72101	12.94010
14331	BORLANGE	BORLANGE	SE	60.48580	15.43714
14294	DALBY (Malmo)	DALBY (Malmo)	SE	55.66655	13.34976
14333	ENKOPING	ENKOPING	SE	59.63607	17.07768
14279	ESKILSTUNA	ESKILSTUNA	SE	59.36661	16.50770
14334	ESLOV	ESLOV	SE	55.83928	13.30393
14335	FALKENBERG	FALKENBERG	SE	56.90552	12.49118
16742	FALKOPİNG	FALKOPİNG	SE	58.17347	13.55068
14336	FALUN	FALUN	SE	60.60357	15.62597
14337	FINSPANG	FINSPANG	SE	58.70578	15.76739
14295	FURULUND (Malmo)	FURULUND (Malmo)	SE	55.77380	13.09022
14338	GALLIVARE	GALLIVARE	SE	67.13387	20.65278
14339	GAVLE	GAVLE	SE	60.67452	17.14174
14340	GISLAVED	GISLAVED	SE	57.30440	13.54078
14341	HALMSTAD	HALMSTAD	SE	56.67446	12.85676
14342	HARNOSAND	HARNOSAND	SE	62.63228	17.93794
14344	HASSLEHOLM	HASSLEHOLM	SE	56.15905	13.76638
14275	HELSINGBORG	HELSINGBORG	SE	56.04673	12.69437
14345	HOGANAS	HOGANAS	SE	56.19971	12.55795
14283	HONO	HONO	SE	57.68972	11.64972
14296	HOOR	HOOR	SE	55.93444	13.53850
14298	HORBY (S)	HORBY (S)	SE	55.85238	13.66094
14343	HUDIKSVALL	HUDIKSVALL	SE	61.72744	17.10558
14314	JARNA (S)	JARNA (S)	SE	59.09165	17.56615
14346	JONKOPING	JONKOPING	SE	57.78145	14.15618
14347	KALMAR	KALMAR	SE	56.66157	16.36163
14349	KARLSKOGA	KARLSKOGA	SE	59.32667	14.52386
14352	KARLSKRONA	KARLSKRONA	SE	56.16156	15.58661
14353	KARLSTAD	KARLSTAD	SE	59.37930	13.50357
14354	KATRINEHOLM	KATRINEHOLM	SE	58.99587	16.20721
14284	KINNA (VG)	KINNA (VG)	SE	57.50728	12.69463
14400	KIRUNA	KIRUNA	SE	67.85572	20.22513
14355	KRAMFORS	KRAMFORS	SE	62.93161	17.77646
14356	KRISTIANSTAD	KRISTIANSTAD	SE	56.03129	14.15242
14357	KRISTINEHAMN	KRISTINEHAMN	SE	59.30978	14.10808
14359	KUNGALV	KUNGALV	SE	57.87096	11.98054
14358	KUNGSBACKA	KUNGSBACKA	SE	57.48719	12.07612
14405	LAHOLM	LAHOLM	SE	56.51207	13.04371
14272	LANDSKRONA	LANDSKRONA	SE	55.87080	12.83016
14285	LANDVETTER	LANDVETTER	SE	57.68665	12.21169
14286	LERUM	LERUM	SE	57.77051	12.26904
14322	LIDKOPING	LIDKOPING	SE	58.50517	13.15765
14360	LINDESBERG	LINDESBERG	SE	59.59202	15.23040
14287	LINDOME	LINDOME	SE	57.56667	12.08333
14361	LINKOPING	LINKOPING	SE	58.41086	15.62157
14362	LJUNGBY	LJUNGBY	SE	56.83324	13.94082
14363	LJUSDAL	LJUSDAL	SE	61.82883	16.09126
14299	LOMMA	LOMMA	SE	55.67244	13.06849
14364	LUDVIKA	LUDVIKA	SE	60.14959	15.18776
14365	LULEA	LULEA	SE	65.58415	22.15465
14273	LUND	LUND	SE	55.70584	13.19321
14366	LYSEKIL	LYSEKIL	SE	58.27429	11.43576
14350	MALMO	MALMO	SE	55.60587	13.00073
14367	MARIESTAD	MARIESTAD	SE	58.70971	13.82367
14370	MARSTA	MARSTA	SE	59.62157	17.85476
14325	MJOLBY	MJOLBY	SE	58.32595	15.12365
14289	MOLNDAL	MOLNDAL	SE	57.65540	12.01378
14368	MORA	MORA	SE	61.00704	14.54316
14315	MORTNAS	MORTNAS	SE	59.31862	18.44312
14369	MOTALA	MOTALA	SE	58.53706	15.03649
14374	NASSJO	NASSJO	SE	57.65307	14.69676
14277	NORRKOPING	NORRKOPING	SE	58.59419	16.18260
14371	NORRTALJE	NORRTALJE	SE	59.75799	18.70496
14372	NYKOPING	NYKOPING	SE	58.75300	17.00788
14373	NYNASHAMN	NYNASHAMN	SE	58.90337	17.94793
14404	OREBRO	OREBRO	SE	59.27412	15.20660
14375	OSKARSHAMN	OSKARSHAMN	SE	57.26455	16.44837
14376	OSTERSUND	OSTERSUND	SE	63.17920	14.63566
14288	PARTILLE	PARTILLE	SE	57.73950	12.10642
14377	PITEA	PITEA	SE	65.31717	21.47944
14316	RIMBO	RIMBO	SE	59.75000	18.36667
14278	RONNEBY	RONNEBY	SE	56.20999	15.27602
14276	SALA	SALA	SE	59.91993	16.60655
14378	SANDVIKEN	SANDVIKEN	SE	60.61667	16.76667
14379	SIGTUNA	SIGTUNA	SE	59.61731	17.72361
14300	SIMRISHAMN	SIMRISHAMN	SE	55.55653	14.35037
14301	SJOBO	SJOBO	SE	55.63135	13.70622
14380	SKARA	SKARA	SE	58.38659	13.43836
14274	SKOVDE	SKOVDE	SE	58.39118	13.84506
14303	SKURUP	SKURUP	SE	55.47839	13.50186
14384	SODERHAMN	SODERHAMN	SE	61.30373	17.05921
14385	SODERTALJE	SODERTALJE	SE	59.19554	17.62525
14381	SOLLEFTEA	SOLLEFTEA	SE	63.16667	17.26667
14386	SOLVESBORG	SOLVESBORG	SE	56.05205	14.57525
14291	STENKULLEN	STENKULLEN	SE	57.79476	12.31688
14290	STENUNGSUND	STENUNGSUND	SE	58.07046	11.81810
14351	STOCKHOLM	STOCKHOLM	SE	59.32938	18.06871
14382	STRANGNAS	STRANGNAS	SE	59.37741	17.03119
14317	SUNDBYBERG	SUNDBYBERG	SE	59.36128	17.97114
14383	SUNDSVALL	SUNDSVALL	SE	62.39129	17.30630
14305	SVEDALA	SVEDALA	SE	55.50788	13.23515
16731	SVEG	SVEG	SE	62.03407	14.36577
14387	TIERP	TIERP	SE	60.34269	17.51812
14306	TOMELILLA	TOMELILLA	SE	55.54293	13.95460
14388	TRELLEBORG	TRELLEBORG	SE	55.37514	13.15691
14389	TROLLHATTAN	TROLLHATTAN	SE	58.28365	12.28864
14390	UDDEVALLA	UDDEVALLA	SE	58.34784	11.94240
14391	ULRICEHAMN	ULRICEHAMN	SE	57.79159	13.41422
14401	UMEA	UMEA	SE	63.82842	20.25972
14402	UPPSALA	UPPSALA	SE	59.85882	17.63889
14318	VALLENTUNA	VALLENTUNA	SE	59.53436	18.07758
14392	VANERSBORG	VANERSBORG	SE	58.38075	12.32340
14393	VARBERG	VARBERG	SE	57.10557	12.25078
14394	VARNAMO	VARNAMO	SE	57.18604	14.04001
14395	VASTERAS	VASTERAS	SE	59.61617	16.55276
14396	VASTERVIK	VASTERVIK	SE	57.75840	16.63733
14403	VAXJO	VAXJO	SE	56.87767	14.80906
14307	VELLINGE	VELLINGE	SE	55.47124	13.01971
14397	VETLANDA	VETLANDA	SE	57.42887	15.07762
14398	VISBY	VISBY	SE	57.64089	18.29602
14399	YSTAD	YSTAD	SE	55.42966	13.82041
14548	AARAU	AARAU	CH	47.39254	8.04422
14479	AARBURG	AARBURG	CH	47.32067	7.89986
14500	ALLSCHWIL	ALLSCHWIL	CH	47.55074	7.53599
14462	ALTSTATTEN	ALTSTATTEN	CH	47.37766	9.54746
14421	AMRISWIL	AMRISWIL	CH	47.54699	9.29586
14463	APPENZELL	APPENZELL	CH	47.33103	9.40996
14464	ARBON	ARBON	CH	47.51667	9.43333
14452	ARCH	ARCH	CH	47.16533	7.43139
14474	AU (Zurih)	AU (Zurih)	CH	47.43093	9.63448
14426	AUBONNE	AUBONNE	CH	46.49514	6.39155
14521	BAAR	BAAR	CH	47.19625	8.52954
14413	BAD RAGAZ	BAD RAGAZ	CH	47.00601	9.50266
14480	BADEN	BADEN	CH	47.47333	8.30592
14453	BALSTHAL	BALSTHAL	CH	47.31613	7.69318
14525	BASEL	BASEL	CH	47.55839	7.57327
14435	BELLINZONA	BELLINZONA	CH	46.19278	9.01703
14446	BERINGEN	BERINGEN	CH	47.69763	8.57431
18945	BERN	BERN	CH	46.94809	7.44744
14454	BIBERIST	BIBERIST	CH	47.18009	7.56246
14440	BOUDRY	BOUDRY	CH	46.94991	6.83757
14483	BRUGG (A)	BRUGG (A)	CH	47.48096	8.20869
14481	BUCHS (A)	BUCHS (A)	CH	47.16743	9.47794
14482	BULACH	BULACH	CH	47.52197	8.54049
14507	BURGDORF	BURGDORF	CH	47.05901	7.62786
14508	BURGLEN (U)	BURGLEN (U)	CH	46.87565	8.66539
14436	CHIASSO	CHIASSO	CH	45.83203	9.03119
14535	CHUR	CHUR	CH	46.84986	9.53287
14427	COSSONAY	COSSONAY	CH	46.61443	6.50631
14441	COUVET	COUVET	CH	46.92525	6.63270
14528	DAVOS	DAVOS	CH	46.80429	9.83723
14501	DELEMONT	DELEMONT	CH	47.36493	7.34453
14455	DERENDINGEN	DERENDINGEN	CH	47.19850	7.58844
14428	ECHALLENS	ECHALLENS	CH	46.64130	6.63317
14415	EINSIEDELN	EINSIEDELN	CH	47.12849	8.74735
14465	FLAWIL	FLAWIL	CH	47.41301	9.18324
14519	FLUMS	FLUMS	CH	47.09058	9.34301
14536	FRAUENFELD	FRAUENFELD	CH	47.55776	8.89893
14475	FREIENBACH	FREIENBACH	CH	47.20534	8.75842
14537	FRIBOURG	FRIBOURG	CH	46.80237	7.15128
17839	GLARUS	GLARUS	CH	47.04057	9.06804
14466	GOSSAU (SG)	GOSSAU (SG)	CH	47.41551	9.25482
14456	GRENCHEN	GRENCHEN	CH	47.19210	7.39586
14467	HEIDEN	HEIDEN	CH	47.44255	9.53293
14468	HERISAU	HERISAU	CH	47.38615	9.27916
14457	HERZOGENBUCHSEE	HERZOGENBUCHSEE	CH	47.18795	7.70620
14476	HOCHDORF	HOCHDORF	CH	47.16841	8.29179
14484	HUTTWIL	HUTTWIL	CH	47.11502	7.86209
14509	INTERLAKEN	INTERLAKEN	CH	46.68387	7.86638
14409	KAISTEN	KAISTEN	CH	47.54160	8.04337
14485	KIRCHBERG	KIRCHBERG	CH	47.41159	9.04020
14510	KONIZ	KONIZ	CH	46.92436	7.41457
17840	KREUZLINGEN	KREUZLINGEN	CH	47.65051	9.17504
14442	LA BREVINE	LA BREVINE	CH	46.98055	6.60639
14416	LACHEN	LACHEN	CH	47.19224	8.85324
14546	LANDQUART	LANDQUART	CH	46.95000	9.56667
14458	LANGENTHAL	LANGENTHAL	CH	47.21526	7.79607
14511	LANGNAU (B)	LANGNAU (B)	CH	46.93936	7.78738
14443	LE LOCLE	LE LOCLE	CH	47.05619	6.74913
14496	LENZBURG	LENZBURG	CH	47.38853	8.17503
14530	LIESTAL	LIESTAL	CH	47.48455	7.73446
14437	LIGORNETTO	LIGORNETTO	CH	45.86161	8.95166
14417	LINTHAL	LINTHAL	CH	46.92127	8.99799
14539	LUCERNE	LUCERNE	CH	47.05048	8.30635
14549	LUGANO	LUGANO	CH	46.01008	8.96004
14497	MENZIKEN	MENZIKEN	CH	47.23965	8.18996
14532	MONTHEY	MONTHEY	CH	46.25451	6.95406
14522	MONTREUX	MONTREUX	CH	46.43301	6.91143
14438	MORCOTE	MORCOTE	CH	45.92500	8.91600
14429	MORGES	MORGES	CH	46.51127	6.49854
14430	MOUDON	MOUDON	CH	46.66758	6.79781
14459	MOUTIER	MOUTIER	CH	47.27818	7.36951
14512	MURI (B)	MURI (B)	CH	46.93122	7.48658
14502	MUTTENZ	MUTTENZ	CH	47.52271	7.64511
14418	NAFELS	NAFELS	CH	47.09775	9.06361
14540	NEUCHATEL	NEUCHATEL	CH	46.99179	6.93100
14449	NEUHAUSEN	NEUHAUSEN	CH	47.68579	8.61474
14460	NIDAU	NIDAU	CH	47.12545	7.24033
14524	NYON	NYON	CH	46.38318	6.23955
14469	OBERUZWIL	OBERUZWIL	CH	47.43076	9.12724
14523	OLTEN	OLTEN	CH	47.34999	7.90329
14431	ORBE	ORBE	CH	46.72504	6.53069
14503	PRATTELN	PRATTELN	CH	47.52071	7.69356
14504	REINACH	REINACH	CH	47.49702	7.59172
14498	REINACH (A)	REINACH (A)	CH	47.49702	7.59172
14432	RENENS	RENENS	CH	46.53989	6.58810
14433	ROLLE	ROLLE	CH	46.45820	6.33499
14470	ROMANSHORN	ROMANSHORN	CH	47.56586	9.37869
14471	RORSCHACH	RORSCHACH	CH	47.47800	9.49030
14410	RUMIKON	RUMIKON	CH	47.50232	8.78724
14461	RUTI (B)	RUTI (B)	CH	47.25603	8.85552
14486	RUTI (Z)	RUTI (Z)	CH	47.25603	8.85552
14526	SANKT GALLEN	SANKT GALLEN	CH	47.42391	9.37477
14472	SANKT MARGRETHEN	SANKT MARGRETHEN	CH	47.45253	9.63741
14518	SARGANS	SARGANS	CH	47.04896	9.44103
14529	SCHAFFHAUSEN	SCHAFFHAUSEN	CH	47.69732	8.63493
14419	SCHWANDEN (G)	SCHWANDEN (G)	CH	46.99541	9.07010
14420	SCHWYZ	SCHWYZ	CH	47.02076	8.65414
14488	SEON	SEON	CH	47.34848	8.16072
14517	SIERRE	SIERRE	CH	46.29192	7.53559
14505	SISSACH	SISSACH	CH	47.46408	7.80888
14520	SOLOTHURN	SOLOTHURN	CH	47.20791	7.53714
14545	ST. MORITZ	ST. MORITZ	CH	46.49937	9.84327
14499	SUHR	SUHR	CH	47.37172	8.07967
14513	SUMISWALD	SUMISWALD	CH	47.02747	7.74526
14489	SURSEE	SURSEE	CH	47.17088	8.11113
14451	THAYNGEN	THAYNGEN	CH	47.74717	8.70724
14542	THUN	THUN	CH	46.75118	7.62166
14444	TRAVERS	TRAVERS	CH	46.94018	6.67595
14477	UNTERAGERI	UNTERAGERI	CH	47.13645	8.58530
14490	USTER	USTER	CH	47.34713	8.72091
14473	UZWIL	UZWIL	CH	47.43653	9.13422
14406	VERNIER	VERNIER	CH	46.21702	6.08497
14407	VERSOIX	VERSOIX	CH	46.28382	6.16214
14434	VEVEY	VEVEY	CH	46.46299	6.84345
14411	VILLIGEN	VILLIGEN	CH	47.52682	8.21486
14478	WADENSWIL	WADENSWIL	CH	47.22683	8.66870
14492	WATTWIL	WATTWIL	CH	47.29955	9.08657
14425	WEINFELDEN	WEINFELDEN	CH	47.56667	9.10000
14493	WETZIKON	WETZIKON	CH	47.32640	8.79779
14412	WIL (A)	WIL (A)	CH	47.46152	9.04552
14494	WIL (SG)	WIL (SG)	CH	47.46152	9.04552
14543	WINTERTHUR	WINTERTHUR	CH	47.50564	8.72413
14515	WOHLEN (B)	WOHLEN (B)	CH	47.35066	8.27517
14495	ZOFINGEN	ZOFINGEN	CH	47.28779	7.94586
14527	ZUG	ZUG	CH	47.17242	8.51745
14595	ACQUI TERME	ACQUI TERME	IT	44.67552	8.46934
14596	AGRIGENTO	AGRIGENTO	IT	37.31065	13.57661
14572	ALASSIO	ALASSIO	IT	44.00393	8.16713
14597	ALBA	ALBA	IT	44.69990	8.03470
14598	ALBENGA	ALBENGA	IT	44.04997	8.21829
14599	ALGHERO	ALGHERO	IT	40.55969	8.31953
14561	ANCONA	ANCONA	IT	43.60717	13.51030
14600	AOSTA	AOSTA	IT	45.73764	7.31722
14557	AREZZO	AREZZO	IT	43.46276	11.88068
14594	AUGUSTA	AUGUSTA	IT	37.24065	15.22121
14601	AVELLINO	AVELLINO	IT	40.91494	14.79103
14584	BARI	BARI	IT	41.12066	16.86982
14602	BASSANO DEL GRAPPA	BASSANO DEL GRAPPA	IT	45.76656	11.72739
14585	BELLUNO	BELLUNO	IT	46.14262	12.21560
14603	BERGAMO	BERGAMO	IT	45.69601	9.66721
14604	BIELLA	BIELLA	IT	45.56304	8.05796
14691	BOLOGNA	BOLOGNA	IT	44.49381	11.33875
14582	BRESCIA	BRESCIA	IT	45.53558	10.21472
17863	BRINDISI	BRINDISI	IT	40.63215	17.93607
14553	CAGLIARI	CAGLIARI	IT	39.23054	9.11917
14606	CALTANISSETTA	CALTANISSETTA	IT	37.49025	14.06216
14607	CAMPOBASSO	CAMPOBASSO	IT	41.55947	14.66737
14568	CANTU	CANTU	IT	45.74096	9.13084
14608	CASERTA	CASERTA	IT	41.07262	14.33231
14609	CASTELFRANCO VENETO	CASTELFRANCO VENETO	IT	45.67146	11.92755
14610	CASTELVETRANO	CASTELVETRANO	IT	37.68081	12.79194
14611	CATANIA	CATANIA	IT	37.49223	15.07041
14612	CATANZARO	CATANZARO	IT	38.88247	16.60086
14613	CECINA	CECINA	IT	43.30621	10.51729
14614	CESENA	CESENA	IT	44.13910	12.24315
14615	CHIETI	CHIETI	IT	42.34827	14.16494
14616	CIVITAVECCHIA	CIVITAVECCHIA	IT	42.09325	11.79674
14681	COMERIO	COMERIO	IT	45.84191	8.74207
14686	COMO	COMO	IT	45.80819	9.08320
14617	CONEGLIANO	CONEGLIANO	IT	45.88805	12.30201
14618	CONVERSANO	CONVERSANO	IT	40.96836	17.11329
14619	COSENZA	COSENZA	IT	39.29890	16.25307
14620	CREMONA	CREMONA	IT	45.13325	10.02129
14621	CROTONE	CROTONE	IT	39.08077	17.12764
14622	CUNEO	CUNEO	IT	44.39071	7.54828
14573	DIANO MARINA	DIANO MARINA	IT	43.91088	8.08029
14623	ENNA	ENNA	IT	37.56550	14.27433
14569	ERBA	ERBA	IT	45.80880	9.22609
14564	FABRIANO	FABRIANO	IT	43.33941	12.90327
14624	FERMO	FERMO	IT	43.16296	13.72274
14625	FERRARA	FERRARA	IT	44.83804	11.62057
14580	FLORENCE	FLORENCE	IT	43.77925	11.24626
14626	FOGGIA	FOGGIA	IT	41.45845	15.55188
14627	FOLIGNO	FOLIGNO	IT	42.95488	12.70268
14628	FOLLONICA	FOLLONICA	IT	42.92779	10.76451
14629	FORLI	FORLI	IT	44.22177	12.04144
14576	FORMIGINE	FORMIGINE	IT	44.57268	10.84737
14630	FROSINONE	FROSINONE	IT	41.63976	13.34109
14631	GAETA	GAETA	IT	41.21408	13.57082
14565	GALLARATE	GALLARATE	IT	45.66019	8.79164
14587	GHEDI	GHEDI	IT	45.40204	10.27681
14632	GROSSETO	GROSSETO	IT	42.76296	11.10941
14633	IMOLA	IMOLA	IT	44.35916	11.71320
14634	IMPERIA	IMPERIA	IT	43.88917	8.03933
14635	IVREA	IVREA	IT	45.46723	7.87617
14636	JESI	JESI	IT	43.52142	13.24368
14638	LA SPEZIA	LA SPEZIA	IT	44.10300	9.82375
14556	LATINA	LATINA	IT	41.46614	12.90430
14640	LECCE	LECCE	IT	40.35481	18.17244
14579	LECCO	LECCO	IT	45.85589	9.39704
14639	LIVORNO	LIVORNO	IT	43.54427	10.32615
14641	LUCCA	LUCCA	IT	43.84369	10.50447
14642	MACERATA	MACERATA	IT	43.29789	13.45293
14570	MALNATE	MALNATE	IT	45.79377	8.88104
14643	MANTUA	MANTUA	IT	45.16031	10.79784
14644	MASSA	MASSA	IT	44.03541	10.13927
14645	MATERA	MATERA	IT	40.66599	16.60463
14555	MERANO	MERANO	IT	46.66817	11.15953
14558	MESSINA	MESSINA	IT	38.19394	15.55256
14646	MILAZZO	MILAZZO	IT	38.22008	15.24023
14682	MODENA	MODENA	IT	44.64783	10.92539
14647	MONOPOLI	MONOPOLI	IT	40.94918	17.29717
14566	MONZA	MONZA	IT	45.58005	9.27246
14683	MURAVERA	MURAVERA	IT	39.41972	9.57471
14648	NOVARA	NOVARA	IT	45.44694	8.62118
14649	NUORO	NUORO	IT	40.31991	9.32568
14650	OLBIA	OLBIA	IT	40.92337	9.49802
14651	ORISTANO	ORISTANO	IT	39.90360	8.59257
14652	OSIMO	OSIMO	IT	43.48539	13.48222
14693	PALERMO	PALERMO	IT	38.11660	13.36360
14685	PARMA	PARMA	IT	44.79935	10.32618
14592	PERUGIA	PERUGIA	IT	43.11220	12.38878
14653	PESARO	PESARO	IT	43.90921	12.91640
14654	PESCARA	PESCARA	IT	42.45840	14.20283
14655	PIACENZA	PIACENZA	IT	45.05242	9.69342
14656	PINEROLO	PINEROLO	IT	44.88534	7.33135
14692	PISA	PISA	IT	43.70853	10.40360
14560	PORDENONE	PORDENONE	IT	45.95689	12.66051
14657	POTENZA	POTENZA	IT	40.64175	15.80794
14658	PUTIGNANO	PUTIGNANO	IT	40.85106	17.12190
14659	RAVENNA	RAVENNA	IT	44.41344	12.20121
14661	RIBERA	RIBERA	IT	37.49773	13.26676
14591	RIETI	RIETI	IT	42.40476	12.85735
14581	RIMINI	RIMINI	IT	44.05755	12.56528
14662	ROVIGO	ROVIGO	IT	45.06982	11.79022
14663	SALERNO	SALERNO	IT	40.67545	14.79328
14664	SAN BENEDETTO DEL TRONTO	SAN BENEDETTO DEL TRONTO	IT	42.95680	13.87676
14665	SAN REMO	SAN REMO	IT	43.81725	7.77720
14666	SASSARI	SASSARI	IT	40.72586	8.55552
14577	SASSUOLO	SASSUOLO	IT	44.54320	10.78480
14667	SAVONA	SAVONA	IT	44.30905	8.47715
14669	SESTRI LEVANTE	SESTRI LEVANTE	IT	44.27317	9.39683
14554	SIENA	SIENA	IT	43.31822	11.33064
14670	SONDRIO	SONDRIO	IT	46.16852	9.87134
14671	SPOLETO	SPOLETO	IT	42.74071	12.73899
14562	TARANTO	TARANTO	IT	40.46438	17.24707
14593	TERNI	TERNI	IT	42.56335	12.64329
14672	TRAPANI	TRAPANI	IT	38.01760	12.53617
14673	TRENTO	TRENTO	IT	46.06787	11.12108
14552	TREVISO	TREVISO	IT	45.66673	12.24160
14583	TRIESTE	TRIESTE	IT	45.64953	13.77678
14674	UDINE	UDINE	IT	46.06930	13.23715
14675	VALENZA	VALENZA	IT	45.01242	8.64379
14676	VARESE	VARESE	IT	45.82058	8.82511
14575	VENTIMIGLIA	VENTIMIGLIA	IT	43.78956	7.60872
14677	VERBANIA	VERBANIA	IT	45.92136	8.55183
14684	VERONA	VERONA	IT	45.43854	10.99380
14687	VIAREGGIO	VIAREGGIO	IT	43.86693	10.25020
14678	VIBO VALENTIA	VIBO VALENTIA	IT	38.67618	16.10094
14689	VICENZA	VICENZA	IT	45.54672	11.54750
14567	VIGEVANO	VIGEVANO	IT	45.31407	8.85437
14571	VILLA GUARDIA	VILLA GUARDIA	IT	45.77505	9.02321
14688	VILLAPUTZU	VILLAPUTZU	IT	39.44058	9.57564
14679	VITERBO	VITERBO	IT	42.41937	12.10560
14680	VOGHERA	VOGHERA	IT	44.99151	9.01175
14694	REYKJAVIK	REYKJAVIK	IS	64.13548	-21.89541
14695	KINGSTON	KINGSTON	JM	17.99702	-76.79358
14696	MANDEVILLE	MANDEVILLE	JM	18.04168	-77.50714
14697	MONTEGO BAY	MONTEGO BAY	JM	18.47116	-77.91883
14698	SPANISH TOWN	SPANISH TOWN	JM	17.99107	-76.95742
14717	ABIKO	ABIKO	JP	35.86667	140.01667
14708	AGEO	AGEO	JP	35.97145	139.61382
14718	AKASHI	AKASHI	JP	34.65524	135.00687
14719	AKITA	AKITA	JP	39.71667	140.11667
14720	ANJO	ANJO	JP	34.95828	137.08054
14721	AOMORI	AOMORI	JP	40.81667	140.73333
14723	ASAHIKAWA	ASAHIKAWA	JP	43.77063	142.36489
14724	ASHIKAGA	ASHIKAGA	JP	36.33333	139.45000
14727	ATSUGI	ATSUGI	JP	35.44272	139.36931
14728	BEPPU	BEPPU	JP	33.27945	131.49751
14729	CHIBA	CHIBA	JP	35.60000	140.11667
14734	EBETSU	EBETSU	JP	43.10806	141.55056
14735	FUJI	FUJI	JP	35.16667	138.68333
14726	FUJIEDA	FUJIEDA	JP	34.86667	138.26667
14736	FUJINOMIYA	FUJINOMIYA	JP	35.21667	138.61667
14737	FUJISAWA	FUJISAWA	JP	35.34926	139.47666
14743	FUKAYA	FUKAYA	JP	36.17710	139.26029
14740	FUKUI	FUKUI	JP	36.06443	136.22257
14834	FUKUOKA	FUKUOKA	JP	33.60000	130.41667
14831	FUKUSHIMA	FUKUSHIMA	JP	37.75000	140.46667
14709	FUNABASHI	FUNABASHI	JP	36.70530	137.31100
14832	GIFU	GIFU	JP	35.42291	136.76039
14744	HACHIOJI	HACHIOJI	JP	35.65583	139.32389
14745	HADANO	HADANO	JP	35.37111	139.22361
14746	HAKODATE	HAKODATE	JP	41.77583	140.73667
14747	HAMAMATSU	HAMAMATSU	JP	34.70000	137.73333
14748	HANDA	HANDA	JP	34.88333	136.93333
14749	HIGASHIMURAYAMA	HIGASHIMURAYAMA	JP	35.75459	139.46852
14750	HIGASHIOSAKA	HIGASHIOSAKA	JP	34.66667	135.58333
14751	HIKONE	HIKONE	JP	35.25000	136.25000
14753	HINO	HINO	JP	35.67306	139.40028
14754	HIRARA	HIRARA	JP	24.80379	125.30222
14755	HIRATSUKA	HIRATSUKA	JP	35.32785	139.33735
14756	HITACHI	HITACHI	JP	36.60000	140.65000
14757	ICHIHARA	ICHIHARA	JP	35.51667	140.08333
14699	ICHINOMIYA	ICHINOMIYA	JP	35.30000	136.80000
14758	IMABARI	IMABARI	JP	34.07001	133.00023
14759	ISESAKI	ISESAKI	JP	36.31667	139.20000
14760	IWAKUNI	IWAKUNI	JP	34.16297	132.22000
14761	KAGOSHIMA	KAGOSHIMA	JP	31.56667	130.55000
14765	KANAZAWA	KANAZAWA	JP	36.60000	136.61667
14762	KASHIWA	KASHIWA	JP	35.86224	139.97732
14830	KASHIWAZAKI	KASHIWAZAKI	JP	37.36667	138.55000
14763	KASUGAI	KASUGAI	JP	35.24762	136.97229
14764	KAWAGOE	KAWAGOE	JP	35.90861	139.48528
14714	KAWASAKI	KAWASAKI	JP	35.52056	139.71722
14766	KIRYU	KIRYU	JP	36.40000	139.33333
14767	KISARAZU	KISARAZU	JP	35.38329	139.93254
14713	KITAKYUSHU	KITAKYUSHU	JP	33.85181	130.85034
14715	KOBE	KOBE	JP	34.69130	135.18300
14768	KOCHI	KOCHI	JP	33.55000	133.53333
14769	KOFU	KOFU	JP	35.66667	138.56667
14770	KOMAKI	KOMAKI	JP	35.28333	136.91667
14771	KOMATSU	KOMATSU	JP	36.40263	136.45088
14742	KUMAGAYA	KUMAGAYA	JP	36.13497	139.39004
14773	KUMAMOTO	KUMAMOTO	JP	32.80589	130.69181
14774	KURASHIKI	KURASHIKI	JP	34.58333	133.76667
14775	KURE	KURE	JP	34.23222	132.56658
14776	KURUME	KURUME	JP	33.31667	130.51667
14777	KUSATSU	KUSATSU	JP	35.01667	135.96667
14778	KUSHIRO	KUSHIRO	JP	42.97500	144.37472
14828	KYOTO	KYOTO	JP	35.02107	135.75385
14779	MAEBASHI	MAEBASHI	JP	36.40000	139.08333
14780	MATSUE	MATSUE	JP	35.48333	133.05000
14781	MATSUMOTO	MATSUMOTO	JP	36.23333	137.96667
14782	MATSUYAMA	MATSUYAMA	JP	33.83916	132.76574
14783	MISHIMA	MISHIMA	JP	35.11667	138.91667
14784	MITO	MITO	JP	36.35000	140.45000
14785	MIYAZAKI	MIYAZAKI	JP	31.91667	131.41667
14786	MORIOKA	MORIOKA	JP	39.70000	141.15000
14838	NAGANO	NAGANO	JP	36.65000	138.18333
14787	NAGAOKA	NAGAOKA	JP	37.45000	138.85000
14788	NAGAREYAMA	NAGAREYAMA	JP	35.85630	139.90266
14789	NAGASAKI	NAGASAKI	JP	32.75000	129.88333
14827	NAGOYA	NAGOYA	JP	35.18147	136.90641
14731	NAHA	NAHA	JP	26.21300	127.67851
14704	NARA	NARA	JP	34.68505	135.80485
14791	NAZE	NAZE	JP	28.36667	129.48333
14829	NIIGATA	NIIGATA	JP	37.92259	139.04125
14792	NOBEOKA	NOBEOKA	JP	32.58333	131.66667
14793	NUMAZU	NUMAZU	JP	35.10000	138.86667
14794	OBIHIRO	OBIHIRO	JP	42.91722	143.20444
14795	ODAWARA	ODAWARA	JP	35.25556	139.15972
14701	OGAKI	OGAKI	JP	35.35000	136.61667
14796	OITA	OITA	JP	33.23333	131.60000
14797	OKAYAMA	OKAYAMA	JP	34.65000	133.93333
14798	OKAZAKI	OKAZAKI	JP	34.95000	137.16667
14741	OKINAWA	OKINAWA	JP	26.33583	127.80139
14800	OMUTA	OMUTA	JP	33.03333	130.45000
14840	OSAKA	OSAKA	JP	34.69379	135.50107
14839	OSAKA(gifu)	OSAKA(gifu)	JP	34.69379	135.50107
14801	OTA (gunma-ken)	OTA (gunma-ken)	JP	35.56126	139.71605
14705	OTSU	OTSU	JP	35.00000	135.86667
14722	OYAMA	OYAMA	JP	36.30000	139.80000
14799	SAITAMA	SAITAMA	JP	35.90807	139.65657
14706	SAKAI	SAKAI	JP	34.58216	135.46653
14802	SANDA	SANDA	JP	34.94716	135.21389
14837	SAPPORO	SAPPORO	JP	43.06667	141.35000
14803	SASEBO	SASEBO	JP	33.16834	129.72502
14804	SAYAMA	SAYAMA	JP	35.85295	139.41212
14841	SENDAI	SENDAI	JP	38.26667	140.86667
14702	SETO	SETO	JP	35.23333	137.10000
14805	SHIZUOKA	SHIZUOKA	JP	34.98333	138.38333
14806	SOKA	SOKA	JP	35.83643	139.79957
14807	SUZUKA	SUZUKA	JP	34.88333	136.58333
14808	TACHIKAWA	TACHIKAWA	JP	35.70910	139.41891
14809	TAJIMI	TAJIMI	JP	35.31667	137.13333
14810	TAKAMATSU	TAKAMATSU	JP	34.33333	134.05000
14811	TAKAOKA	TAKAOKA	JP	36.75000	137.01667
14812	TAKASAKI	TAKASAKI	JP	36.33333	139.01667
14772	TAMA	TAMA	JP	35.64360	139.46844
14813	TOKOROZAWA	TOKOROZAWA	JP	35.79916	139.46903
14814	TOKUSHIMA	TOKUSHIMA	JP	34.06667	134.56667
14833	TOKYO	TOKYO	JP	35.68950	139.69171
14815	TOTTORI	TOTTORI	JP	35.50000	134.23333
14816	TOYAMA	TOYAMA	JP	36.70000	137.21667
14733	TOYOHASHI	TOYOHASHI	JP	34.76667	137.38333
14716	TOYOTA (AICHI)	TOYOTA (AICHI)	JP	35.08333	137.15000
14703	TSU	TSU	JP	34.73333	136.51667
14818	TSUKUBA	TSUKUBA	JP	36.08333	140.11667
14819	TSURUOKA	TSURUOKA	JP	38.72167	139.82167
14732	URASOE	URASOE	JP	26.25902	127.73012
14820	UTSUNOMIYA	UTSUNOMIYA	JP	36.56667	139.88333
14822	WAKAYAMA	WAKAYAMA	JP	34.23333	135.16667
14730	YAIZU	YAIZU	JP	34.86877	138.31952
14712	YAMAGATA	YAMAGATA	JP	38.23333	140.36667
14823	YAMAGUCHI	YAMAGUCHI	JP	34.18333	131.46667
14824	YAO	YAO	JP	34.61667	135.60000
14825	YOKKAICHI	YOKKAICHI	JP	34.96667	136.61667
14826	YOKOSUKA	YOKOSUKA	JP	35.28361	139.66722
14843	BATTAMBANG	BATTAMBANG	KH	13.10271	103.19822
14844	KAMPONG CHAM	KAMPONG CHAM	KH	11.99339	105.46350
14845	KAMPOT	KAMPOT	KH	10.61041	104.18145
14847	PHNOM PENH	PHNOM PENH	KH	11.56245	104.91601
14848	PREY VENG	PREY VENG	KH	11.48682	105.32533
14850	SIEM REAB	SIEM REAB	KH	11.40035	104.86384
14854	BAFOUSSAM	BAFOUSSAM	CM	5.47775	10.41759
14853	BAMENDA	BAMENDA	CM	5.95970	10.14597
14851	DOUALA	DOUALA	CM	4.04827	9.70428
14857	GAROUA	GAROUA	CM	9.30143	13.39771
14852	LIMBE	LIMBE	CM	4.02356	9.20607
14858	MAROUA	MAROUA	CM	10.59095	14.31593
14855	NKONGSAMBA	NKONGSAMBA	CM	4.95470	9.94040
14856	YAOUNDE	YAOUNDE	CM	3.86667	11.51667
9059	BANFF	ALBERTA	CA	51.17622	-115.56982
9060	CALGARY	ALBERTA	CA	51.05011	-114.08529
9061	EDMONTON	ALBERTA	CA	53.55014	-113.46871
9062	JASPER	ALBERTA	CA	52.87946	-118.08041
9063	ABBOTSFORD	BRITISH COLOMBIA	CA	49.05798	-122.25257
9064	BURNABY	BRITISH COLOMBIA	CA	49.26636	-122.95263
9065	COQUITLAM	BRITISH COLOMBIA	CA	49.28460	-122.78217
9066	KAMLOOPS	BRITISH COLOMBIA	CA	50.66648	-120.31920
9068	NANAIMO	BRITISH COLOMBIA	CA	49.16638	-123.94003
9069	RICHMOND	BRITISH COLOMBIA	CA	49.17003	-123.13683
9070	SAANICH	BRITISH COLOMBIA	CA	48.54964	-123.36931
9071	SURREY	BRITISH COLOMBIA	CA	49.10635	-122.82509
9072	VANCOUVER	BRITISH COLOMBIA	CA	49.24966	-123.11934
9073	VICTORIA	BRITISH COLOMBIA	CA	48.43590	-123.35155
9078	WINNIPEG	MANITOBA	CA	49.88440	-97.14704
9080	FREDERICTON	NEW BRUNSWICK	CA	45.94541	-66.66558
9081	MONCTON	NEW BRUNSWICK	CA	46.09454	-64.79650
9082	SAINT JOHN	NEW BRUNSWICK	CA	45.27076	-66.05616
9083	HALIFAX	NOVA SCOTIA	CA	44.64269	-63.57688
9084	SYDNEY	NOVA SCOTIA	CA	46.13510	-60.18310
9085	IQALUIT	NUNAVUT	CA	63.74697	-68.51727
9086	ALMONTE	ONTORIO	CA	45.22993	-76.19585
9087	ARNPRIOR	ONTORIO	CA	45.43341	-76.34939
9088	AURORA	ONTORIO	CA	44.00011	-79.46632
9089	AYLMER	ONTORIO	CA	45.40020	-75.80644
9090	BARRIE	ONTORIO	CA	44.40011	-79.66634
9091	BRAMPTON	ONTORIO	CA	43.68341	-79.76633
9092	BROCKVILLE	ONTORIO	CA	44.59132	-75.68705
9093	BUCKINGHAM	ONTORIO	CA	45.58563	-75.42080
9094	BURLINGTON	ONTORIO	CA	43.38621	-79.83713
9095	CAMBRIDGE	ONTORIO	CA	43.36010	-80.31269
9096	CARLETON PLACE	ONTORIO	CA	45.13341	-76.14938
9097	CHATHAM	ONTORIO	CA	42.41224	-82.18494
16700	CORNWALL	ONTORIO	CA	45.01809	-74.72815
9098	GUELPH	ONTORIO	CA	43.54594	-80.25599
9099	HAMILTON	ONTORIO	CA	43.25011	-79.84963
9100	HULL	ONTORIO	CA	45.42761	-75.71056
9101	KINGSTON	ONTORIO	CA	44.22976	-76.48098
9102	KITCHENER	ONTORIO	CA	43.42537	-80.51120
9103	LONDON	ONTORIO	CA	42.98339	-81.23304
9104	MARKHAM	ONTORIO	CA	43.86682	-79.26630
9105	MISSISSAUGA	ONTORIO	CA	43.57890	-79.65830
9106	NEWMARKET	ONTORIO	CA	44.05011	-79.46631
9107	OAKVILLE	ONTORIO	CA	43.45011	-79.68292
9108	OSHAWA	ONTORIO	CA	43.90012	-78.84957
9110	OWEN SOUND	ONTORIO	CA	44.56717	-80.94349
9111	PERTH	ONTORIO	CA	44.90011	-76.24939
9112	RICHMOND HILL	ONTORIO	CA	43.87111	-79.43725
9113	SMITHS FALLS	ONTORIO	CA	44.90452	-76.02333
9114	ST. CATHARINES	ONTORIO	CA	43.17126	-79.24267
9117	THUNDER BAY	ONTORIO	CA	48.38202	-89.25018
9118	TORONTO	ONTORIO	CA	43.70643	-79.39864
9119	VAUGHAN	ONTORIO	CA	43.83610	-79.49827
9120	WINDSOR	ONTORIO	CA	42.30008	-83.01654
9121	CHARLOTTETOWN	P.E.I.	CA	46.23459	-63.12560
9122	BEAUCEVILLE	QUEBECK	CA	46.21785	-70.77873
9124	DRUMMONDVILLE	QUEBECK	CA	45.88336	-72.48241
9125	GATINEAU	QUEBECK	CA	45.47723	-75.70164
9126	GRANBY	QUEBECK	CA	45.40008	-72.73243
9128	JONQUIERE	QUEBECK	CA	48.41648	-71.24884
9129	LACHUTE	QUEBECK	CA	45.65008	-74.33253
9130	LAVAL	QUEBECK	CA	45.56995	-73.69200
9131	LONGUEUIL	QUEBECK	CA	45.51520	-73.46818
9132	MONTREAL	QUEBECK	CA	45.50884	-73.58781
9134	RIMOUSKI	QUEBECK	CA	48.44879	-68.52396
9135	SEPT-ILES	QUEBECK	CA	50.20011	-66.38208
9136	SHERBROOKE	QUEBECK	CA	45.40008	-71.89908
9139	REGINA	SASKATCHEWAN	CA	50.45008	-104.61780
14862	BAR	BAR	ME	42.09370	19.09841
14863	BUDVA	BUDVA	ME	42.28721	18.83922
14864	CETİNJE	CETİNJE	ME	42.39063	18.91417
14872	GUSINJE	GUSINJE	ME	42.56194	19.83389
14866	HERCEG NOVI	HERCEG NOVI	ME	42.45306	18.53750
14867	KOTOR	KOTOR	ME	42.42067	18.76825
14861	MOJKOVAC	MOJKOVAC	ME	42.96044	19.58330
14876	PLJEVLJA	PLJEVLJA	ME	43.35670	19.35843
14875	PODGORICA	PODGORICA	ME	42.44124	19.26309
14873	ULCINJ	ULCINJ	ME	41.92936	19.22436
14877	AR RAYYAN	AR RAYYAN	QA	25.29194	51.42444
14879	DOHA	DOHA	QA	25.28545	51.53096
14878	DUKHAN	DUKHAN	QA	25.42485	50.78227
14881	ABAY	ABAY	KZ	49.63539	72.86523
14929	AKKOL (Ekibastuz)	AKKOL (Ekibastuz)	KZ	51.99374	70.94704
14920	AKKOL (Taraz)	AKKOL (Taraz)	KZ	51.99374	70.94704
14948	AKSU	AKSU	KZ	52.04023	76.92748
14981	AKTAU (Tupqarakhan)	AKTAU (Tupqarakhan)	KZ	43.66105	51.17392
14911	ARYS	ARYS	KZ	42.43015	68.80870
14960	ASHCHYSAY (Turkistan)	ASHCHYSAY (Turkistan)	KZ	43.55370	68.89792
14880	ASTANA	ASTANA	KZ	51.18010	71.44598
14884	ATBASAR	ATBASAR	KZ	51.80854	68.35823
14994	ATYRAU	ATYRAU	KZ	47.10480	51.88427
14982	BAUTINO	BAUTINO	KZ	44.54479	50.24629
14899	BURUNDAY	BURUNDAY	KZ	43.35567	76.85477
14983	EKIBASTUZ	EKIBASTUZ	KZ	51.72371	75.32287
14901	ESIK	ESIK	KZ	43.35520	77.45245
14933	KALKAMAN	KALKAMAN	KZ	51.95349	76.02723
14917	KARA BULAK (Cimkent)	KARA BULAK (Cimkent)	KZ	44.90881	78.49044
14986	KARAGANDA	KARAGANDA	KZ	49.80187	73.10211
14968	KENTAU	KENTAU	KZ	43.51672	68.50463
15007	KYZYLORDA	KYZYLORDA	KZ	44.85278	65.50917
14918	LENGER	LENGER	KZ	42.18152	69.88582
14937	LENINSKIY (Pavlodar)	LENINSKIY (Pavlodar)	KZ	52.25346	76.78211
14955	MULALY	MULALY	KZ	45.45055	78.31481
14890	OSAKAROVKA	OSAKAROVKA	KZ	50.56315	72.57278
15009	PAVLODAR	PAVLODAR	KZ	52.27601	76.96881
14989	RUDNYY	RUDNYY	KZ	52.97244	63.11055
14956	SARQANT	SARQANT	KZ	45.41322	79.91713
15000	SEMEY	SEMEY	KZ	50.42064	80.25025
14893	SHORTANDY	SHORTANDY	KZ	51.69934	70.99129
14908	TALGHAR	TALGHAR	KZ	43.30235	77.23811
14991	TARAZ	TARAZ	KZ	42.89799	71.37334
14987	TERENOZEK	TERENOZEK	KZ	45.05048	64.98258
14909	TURGEN	TURGEN	KZ	43.40056	77.59333
14959	TURKISTAN	TURKISTAN	KZ	43.29458	68.25685
14957	USHTOBE (Taldy Kurgan)	USHTOBE (Taldy Kurgan)	KZ	45.25258	77.98284
14945	USPENKA(Pavlodar)	USPENKA(Pavlodar)	KZ	52.90727	77.41813
14979	ZHANGATAS	ZHANGATAS	KZ	43.56274	69.73209
14895	ZHOLYMBET	ZHOLYMBET	KZ	51.74259	71.70971
15011	ELDORET	ELDORET	KE	0.52036	35.26993
15012	KISUMU	KISUMU	KE	-0.10221	34.76171
15013	MACHAKOS	MACHAKOS	KE	-1.52233	37.26521
15010	MOMBASA	MOMBASA	KE	-4.05466	39.66359
15015	NAIROBI	NAIROBI	KE	-1.28333	36.81667
15014	NAKURU	NAKURU	KE	-0.30719	36.07225
15036	AT-BASHI	AT-BASHI	KG	41.16951	75.80099
15065	BATKEN	BATKEN	KG	40.06040	70.81929
15019	KARA-BALTA	KARA-BALTA	KG	42.81423	73.84813
15068	KARAKOL	KARAKOL	KG	42.49047	78.39197
15016	NARYN	NARYN	KG	41.42830	75.99570
15070	OSH	OSH	KG	40.52828	72.79850
15030	POKROVKA(Karakol)	POKROVKA(Karakol)	KG	42.73620	71.60982
15060	POKROVKA(Talas)	POKROVKA(Talas)	KG	42.73620	71.60982
15022	SOKULUK	SOKULUK	KG	42.85401	74.30257
15069	TALAS	TALAS	KG	42.52256	72.24170
15018	TOKMOK	TOKMOK	KG	42.84194	75.30149
15062	TOKTOGUL	TOKTOGUL	KG	41.87442	72.94192
15032	TYUP	TYUP	KG	42.72760	78.36476
15073	ARAUCA	ARAUCA	CO	7.08471	-70.75908
15074	ARMENIA	ARMENIA	CO	4.53656	-75.67263
15075	BARRANCABERMEJA	BARRANCABERMEJA	CO	7.06528	-73.85472
15077	BARRANQUILLA	BARRANQUILLA	CO	10.96854	-74.78132
15078	BOGOTA	BOGOTA	CO	4.60971	-74.08175
15079	BUCARAMANGA	BUCARAMANGA	CO	7.12500	-73.11895
15081	CALI	CALI	CO	3.43054	-76.51990
15082	CARTAGENA	CARTAGENA	CO	10.39817	-75.49328
15084	CARTAGO	CARTAGO	CO	4.74639	-75.91167
15072	CIENAGA	CIENAGA	CO	11.00703	-74.24765
15083	CUCUTA	CUCUTA	CO	7.90745	-72.50490
15090	DOSQUEBRADAS	DOSQUEBRADAS	CO	4.83916	-75.66727
15085	ENVIGADO	ENVIGADO	CO	6.17591	-75.59174
15086	FLORENCIA	FLORENCIA	CO	1.61549	-75.60412
15088	IBAGUE	IBAGUE	CO	4.43573	-75.20289
15089	ITAGUI	ITAGUI	CO	6.18461	-75.59913
15091	LETICIA	LETICIA	CO	-4.21079	-69.93944
15093	MANIZALES	MANIZALES	CO	5.06680	-75.50684
15094	MEDELLIN	MEDELLIN	CO	6.24500	-75.57151
15095	MONTERIA	MONTERIA	CO	8.75081	-75.87823
15092	NEIVA ( ARAUCA )	NEIVA ( ARAUCA )	CO	2.93001	-75.27973
15096	NEIVA ( HUILA )	NEIVA ( HUILA )	CO	2.93001	-75.27973
15097	PALMIRA	PALMIRA	CO	3.53944	-76.30361
15098	PASTO	PASTO	CO	1.21456	-77.27846
15099	PEREIRA	PEREIRA	CO	4.81428	-75.69488
15100	POPAYAN	POPAYAN	CO	2.43823	-76.61316
15101	QUIBDO	QUIBDO	CO	5.69188	-76.65835
15102	RIOHACHA	RIOHACHA	CO	11.54444	-72.90722
15103	SAN ANDRES	SAN ANDRES	CO	12.57858	-81.69973
15104	SANTA MARTA	SANTA MARTA	CO	11.23855	-74.19427
15105	SINCELEJO	SINCELEJO	CO	9.30450	-75.39050
15106	SOACHA	SOACHA	CO	4.57937	-74.21682
15087	SOGAMOSO	SOGAMOSO	CO	5.71434	-72.93391
15107	SOLEDAD	SOLEDAD	CO	10.91843	-74.76459
15108	TUNJA	TUNJA	CO	5.54481	-73.35756
15109	VALLEDUPAR ( CESAR )	VALLEDUPAR ( CESAR )	CO	10.46538	-73.25310
15111	YOPAL	YOPAL	CO	5.33573	-72.39390
15112	MORONI	MORONI	KM	-11.70216	43.25506
15120	KAÇANİK	KAÇANİK	XK	42.23194	21.25944
15127	PRİZREN	PRİZREN	XK	42.21389	20.73972
15113	İSTOK	İSTOK	XK	42.78083	20.48750
15128	ALAJUELA	ALAJUELA	CR	10.01723	-84.21275
15129	CARTAGO	CARTAGO	CR	9.86371	-83.91950
15130	HEREDIA	HEREDIA	CR	9.99872	-84.11587
15131	LIBERIA	LIBERIA	CR	10.63517	-85.43779
15132	LIMON	LIMON	CR	9.99074	-83.03596
15133	SAN JOSE	SAN JOSE	CR	9.93388	-84.08489
15134	BAYAMO	BAYAMO	CU	20.37368	-76.64272
15135	CAMAGUEY	CAMAGUEY	CU	21.38083	-77.91694
15136	CIEGO DE AVILA	CIEGO DE AVILA	CU	21.84220	-78.76034
15137	CIENFUEGOS	CIENFUEGOS	CU	22.14681	-80.44810
15138	GUANTANAMO	GUANTANAMO	CU	20.14444	-75.20917
15147	HAVANA	HAVANA	CU	23.13302	-82.38304
15139	HOLGUIN	HOLGUIN	CU	20.88722	-76.26306
15140	LAS TUNAS	LAS TUNAS	CU	20.96135	-76.95192
15146	MANZANILLO	MANZANILLO	CU	20.34240	-77.11928
15141	MATANZAS	MATANZAS	CU	23.04388	-81.58284
15142	NUEVA GERONA	NUEVA GERONA	CU	21.88759	-82.80662
15143	PINAR DEL RIO	PINAR DEL RIO	CU	22.41649	-83.69657
15144	SANTA CLARA	SANTA CLARA	CU	22.40711	-79.96581
15145	SANTIAGO DE CUBA	SANTIAGO DE CUBA	CU	20.02287	-75.82171
15148	KUDUS	KUDUS	ID	-6.80480	110.84050
15155	GUZELYURT	GUZELYURT	TR	38.27722	34.37194
15161	PYONGYANG	PYONGYANG	KP	39.03385	125.75432
15167	MUANG SING	MUANG SING	LA	21.19206	101.14789
15162	VIENTIANE	VIENTIANE	LA	17.96667	102.60000
15165	XAM NUA	XAM NUA	LA	20.41640	104.04500
15169	MASERU	MASERU	LS	-29.31667	27.48333
15177	DAUGAVPILS	DAUGAVPILS	LV	55.88333	26.53333
15173	JELGAVA	JELGAVA	LV	56.65000	23.71278
15171	LIEPAJA	LIEPAJA	LV	56.50474	21.01085
15176	OGRE	OGRE	LV	56.81620	24.61401
15170	RIGA	RIGA	LV	56.94600	24.10589
15178	RUJIENA	RUJIENA	LV	57.89752	25.33155
15174	TUKUMS	TUKUMS	LV	56.96764	23.15554
15175	VALDEMARPILS	VALDEMARPILS	LV	57.37068	22.59188
15172	VENTSPILS	VENTSPILS	LV	57.39485	21.56121
15180	BUCHANAN	BUCHANAN	LR	5.87693	-10.04964
15179	MONROVIA	MONROVIA	LR	6.30054	-10.79690
15183	AL KHUMS	AL KHUMS	LY	32.64861	14.26191
15189	GHAT	GHAT	LY	24.96334	10.18003
15182	MISRATAH	MISRATAH	LY	32.37535	15.09254
15184	SABHA	SABHA	LY	27.03766	14.42832
15187	TOBRUK	TOBRUK	LY	32.08963	23.95385
15191	TRIPOLI	TRIPOLI	LY	32.88743	13.18733
15181	ZUWARAH	ZUWARAH	LY	32.93120	12.08199
15193	BALZERS	BALZERS	LI	47.06661	9.50355
15194	TRIESENBERG	TRIESENBERG	LI	47.11815	9.54197
15192	VADUZ	VADUZ	LI	47.14151	9.52154
15195	BIRSTONAS	LITVANYA	LT	54.60800	24.03400
15210	DRUSKININKAI	LITVANYA	LT	54.01573	23.98703
15205	KAUNAS	LITVANYA	LT	54.90156	23.90909
15206	KLAIPEDA	LITVANYA	LT	55.70680	21.13912
15197	MARIJAMPOLE	LITVANYA	LT	54.55787	23.35004
15198	NEMENCINE	LITVANYA	LT	54.84776	25.46992
15199	PABRADE	LITVANYA	LT	54.98100	25.76100
15207	PALANGA	LITVANYA	LT	55.91750	21.06861
15208	SIAULIAI	LITVANYA	LT	55.93333	23.31667
15200	SIRVINTOS	LITVANYA	LT	55.04400	24.95446
15201	TRAKAI	LITVANYA	LT	54.63783	24.93433
15209	UTENA	LITVANYA	LT	55.49780	25.60462
15202	VIEVIS	LITVANYA	LT	54.77258	24.81129
15203	VILNIUS	LITVANYA	LT	54.68916	25.27980
15211	SUR	LUBNAN	OM	22.56667	59.52889
15219	CLERVAUX	CLERVAUX	LU	50.05472	6.03139
15233	DIEKIRCH	DIEKIRCH	LU	49.86687	6.15451
15220	DUDELANGE	DUDELANGE	LU	49.48056	6.08750
15221	ECHTERNACH	ECHTERNACH	LU	49.81212	6.41846
15222	ETTELBRUCK	ETTELBRUCK	LU	49.84750	6.10417
15224	HESPERANGE	HESPERANGE	LU	49.56806	6.15139
15225	LAROCHETTE	LAROCHETTE	LU	49.78362	6.21891
15226	PETANGE	PETANGE	LU	49.55833	5.88056
15227	REMICH	REMICH	LU	49.54500	6.36694
15228	RUMELANGE	RUMELANGE	LU	49.45964	6.03089
15229	WALFERDANGE	WALFERDANGE	LU	49.66321	6.13224
15230	WILTZ	WILTZ	LU	49.96547	5.93390
15239	ALBERTIRSA	ALBERTIRSA	HU	47.24315	19.61686
15240	CEGLED	CEGLED	HU	47.17266	19.79952
15235	DEBRECEN	DEBRECEN	HU	47.53167	21.62444
15250	DUNAUJVAROS	DUNAUJVAROS	HU	46.96479	18.93974
15251	EGER	EGER	HU	47.90265	20.37329
15241	ERD	ERD	HU	47.39489	18.91361
15252	ESZTERGOM	ESZTERGOM	HU	47.79280	18.74148
15242	GODOLLO	GODOLLO	HU	47.59657	19.35515
15236	GYOR	GYOR	HU	47.68333	17.63512
15243	HATVAN	HATVAN	HU	47.66667	19.68333
15253	HODMEZOVASARHELY	HODMEZOVASARHELY	HU	46.41667	20.33333
15254	JASZBERENY	JASZBERENY	HU	47.50000	19.91667
15238	KECSKEMET	KECSKEMET	HU	46.90618	19.69128
15237	MISKOLC	MISKOLC	HU	48.10327	20.77806
15244	MONOR	MONOR	HU	47.35133	19.44733
15255	NAGYKOROS	NAGYKOROS	HU	47.03419	19.77857
15256	NYIREGYHAZA	NYIREGYHAZA	HU	47.95539	21.71671
15245	OROSZLANY	OROSZLANY	HU	47.48671	18.31225
15258	PECS	PECS	HU	46.07617	18.22814
15246	PILIS	PILIS	HU	47.28904	19.54848
15259	SIOFOK	SIOFOK	HU	46.90413	18.05800
15265	SOPRON	SOPRON	HU	47.68501	16.59049
15266	SZEGED	SZEGED	HU	46.25300	20.14824
15260	SZEKESFEHERVAR	SZEKESFEHERVAR	HU	47.18995	18.41034
15261	SZEKSZARD	SZEKSZARD	HU	46.34723	18.71189
15262	SZOLNOK	SZOLNOK	HU	47.18066	20.19835
15263	SZOMBATHELY	SZOMBATHELY	HU	47.23088	16.62155
15247	TATA	TATA	HU	47.65289	18.31838
15248	TATABANYA	TATABANYA	HU	47.59247	18.38099
15249	TURA	TURA	HU	47.60924	19.60279
15264	ZALAEGERSZEG	ZALAEGERSZEG	HU	46.83695	16.84401
15268	ANTANANARIVO	ANTANANARIVO	MG	-18.91368	47.53613
15271	ANTSIRABE	ANTSIRABE	MG	-19.86586	47.03333
15272	FIANARANTSOA	FIANARANTSOA	MG	-21.45267	47.08569
15269	MAHAJANGA	MAHAJANGA	MG	-15.71667	46.31667
15270	TOAMASINA	TOAMASINA	MG	-18.14920	49.40234
15274	BEROVO	BEROVO	MK	41.70182	22.85716
15287	BLATEC	BLATEC	MK	41.83668	22.57909
15275	BOGDANCI	BOGDANCI	MK	41.20363	22.57586
15306	DEBAR	DEBAR	MK	41.52286	20.52198
15288	DELCEVO	DELCEVO	MK	41.96722	22.76944
15290	DRACEVO	DRACEVO	MK	41.93667	21.52167
15276	GEVGELIJA	GEVGELIJA	MK	41.14289	22.50108
15302	GOSTIVAR	GOSTIVAR	MK	41.79627	20.90799
15292	GRUPCIN	GRUPCIN	MK	41.96749	21.13053
15303	KICEVO	KICEVO	MK	41.51274	20.95867
15294	KRATOVO	KRATOVO	MK	42.07906	22.18167
15295	KRIVA PALANKA	KRIVA PALANKA	MK	42.20197	22.33385
15300	KUMANOVO	KUMANOVO	MK	42.13279	21.71585
15280	NEGOTINO (Gostivar)	NEGOTINO (Gostivar)	MK	41.48456	22.09056
15281	NEGOTINO (Kavadarci)	NEGOTINO (Kavadarci)	MK	41.48456	22.09056
15305	OHRID	OHRID	MK	41.11701	20.80175
15296	ORIZARI	ORIZARI	MK	41.92262	22.44628
15307	PRILEP	PRILEP	MK	41.34558	21.55370
15282	RADOVIS	RADOVIS	MK	41.63833	22.46472
15283	RESEN	RESEN	MK	41.08999	21.00885
15284	ROPOTOVO	ROPOTOVO	MK	41.44980	21.37218
15297	SOPISTE	SOPISTE	MK	41.95561	21.42942
15304	STRUGA	STRUGA	MK	41.17787	20.67894
15285	STRUMICA	STRUMICA	MK	41.43763	22.64288
15289	TEARCE	TEARCE	MK	42.07593	21.05179
15301	TETOVO	TETOVO	MK	42.00989	20.97138
15286	VALANDOVO	VALANDOVO	MK	41.31761	22.56303
15310	BLANTYRE	BLANTYRE	MW	-15.78499	35.00854
15312	CHITIPA	CHITIPA	MW	-9.70237	33.26969
15311	LILONGWE	LILONGWE	MW	-13.96692	33.78725
15313	MALE	MALE	MV	4.17521	73.50916
15316	BATU GAJAH	BATU GAJAH	MY	4.46916	101.04107
15315	BATU PAHAT	BATU PAHAT	MY	1.85480	102.93250
15317	GEORGE TOWN	GEORGE TOWN	MY	5.41123	100.33543
15318	IPOH	IPOH	MY	4.58410	101.08290
15320	KANGAR	KANGAR	MY	6.44140	100.19862
15324	KOTA KINABALU	KOTA KINABALU	MY	5.97490	116.07240
15344	KUALA LUMPUR	KUALA LUMPUR	MY	3.14120	101.68653
15326	KUALA TERENGGANU	KUALA TERENGGANU	MY	5.33020	103.14080
15327	KUANTAN	KUANTAN	MY	3.80770	103.32600
15328	KUCHING	KUCHING	MY	1.55000	110.33333
15329	KULIM	KULIM	MY	5.36499	100.56177
15330	LABUAN	LABUAN	MY	5.28028	115.24750
15342	MELAKA	MELAKA	MY	2.19600	102.24050
15331	MIRI	MIRI	MY	4.39928	113.99163
15332	MUAR	MUAR	MY	2.04420	102.56890
15343	PENANG	PENANG	MY	5.37278	100.27972
15333	SANDAKAN	SANDAKAN	MY	5.84020	118.11790
15334	SEGAMAT	SEGAMAT	MY	2.51480	102.81580
15335	SEREMBAN	SEREMBAN	MY	2.72970	101.93810
15336	SIBU	SIBU	MY	2.30000	111.81667
15337	SUNGAI PETANI	SUNGAI PETANI	MY	5.64700	100.48772
15338	TAIPING	TAIPING	MY	4.85000	100.73333
15341	TAWAU	TAWAU	MY	4.24482	117.89115
15340	TELUK INTAN	TELUK INTAN	MY	4.02219	101.02083
15345	BAMAKO	BAMAKO	ML	12.60915	-7.97522
15346	GAO	GAO	ML	16.27167	-0.04472
15348	SEGOU	SEGOU	ML	13.44032	-6.25947
15347	TOMBOUCTOU	TOMBOUCTOU	ML	16.77348	-3.00742
15350	BIRKIRKARA	BIRKIRKARA	MT	35.89706	14.46115
15349	SLIEMA	SLIEMA	MT	35.91247	14.50175
15352	VALLETTA	VALLETTA	MT	35.89968	14.51480
15351	VICTORIA	VICTORIA	MT	36.04473	14.24118
15353	FORT-DE-FRANCE	FORT-DE-FRANCE	MQ	14.60365	-61.07418
15354	PORT LOUIS	PORT LOUIS	MU	-20.16194	57.49889
15356	MAMOUDZOU	MAMOUDZOU	YT	-12.78234	45.22878
15359	ACAMBARO	ACAMBARO	MX	20.03248	-100.72434
15361	AGUA PRIETA	AGUA PRIETA	MX	31.32240	-109.54251
15362	AGUASCALIENTES	AGUASCALIENTES	MX	21.88262	-102.28430
15364	ALAMOS	ALAMOS	MX	27.02990	-108.93924
15365	ALLENDE	ALLENDE	MX	18.15401	-94.39425
15363	ARANDAS	ARANDAS	MX	20.70551	-102.34514
15368	ATLIXCO	ATLIXCO	MX	18.90815	-98.43613
15369	BOCA DEL RIO	BOCA DEL RIO	MX	19.10464	-96.10405
15370	CAMPECHE	CAMPECHE	MX	19.84073	-90.51676
15358	CANCUN	CANCUN	MX	21.17429	-86.84656
15371	CELAYA	CELAYA	MX	20.52181	-100.81399
15372	CHETUMAL	CHETUMAL	MX	18.51957	-88.30397
15373	CHIHUAHUA	CHIHUAHUA	MX	28.63528	-106.08889
15374	CHILPANCINGO	CHILPANCINGO	MX	17.55228	-99.50124
15375	CIUDAD ACUNA	CIUDAD ACUNA	MX	29.32322	-100.95217
15376	CIUDAD DEL CARMEN	CIUDAD DEL CARMEN	MX	18.64592	-91.82991
15387	CIUDAD DELICIAS	CIUDAD DELICIAS	MX	28.19013	-105.47012
15395	CIUDAD HIDALGO	CIUDAD HIDALGO	MX	19.68957	-100.55502
15377	CIUDAD JUAREZ	CIUDAD JUAREZ	MX	31.72024	-106.46084
15379	CIUDAD MADERO	CIUDAD MADERO	MX	22.24750	-97.83665
15380	CIUDAD OBREGON	CIUDAD OBREGON	MX	27.48642	-109.94079
15440	CIUDAD VALLES	CIUDAD VALLES	MX	21.99631	-99.01093
15381	CIUDAD VICTORIA	CIUDAD VICTORIA	MX	23.74061	-99.14364
15382	COLIMA	COLIMA	MX	19.24473	-103.71270
15383	CORDOBA	CORDOBA	MX	18.88420	-96.92559
15385	CUAUTLA	CUAUTLA	MX	18.81060	-98.93525
15451	CUERNAVACA	CUERNAVACA	MX	18.92610	-99.23075
15386	CULIACAN	CULIACAN	MX	24.80209	-107.39421
15388	DURANGO	DURANGO	MX	16.13690	-93.87325
15389	ENSENADA	ENSENADA	MX	31.87149	-116.60071
15390	GOMEZ PALACIO	GOMEZ PALACIO	MX	25.56871	-103.49960
15391	GUADALAJARA	GUADALAJARA	MX	20.67738	-103.34749
15394	HERMOSILLO	HERMOSILLO	MX	29.08874	-110.96677
15418	HIDALGO DEL PARRAL	HIDALGO DEL PARRAL	MX	26.92987	-105.66618
15396	IRAPUATO	IRAPUATO	MX	20.67100	-101.35577
15398	JALAPA	JALAPA	MX	17.72168	-92.81272
15399	LA PAZ	LA PAZ	MX	24.14231	-110.31316
15400	LAGOS DE MORENO	LAGOS DE MORENO	MX	21.35875	-101.93311
15402	LOS MOCHIS	LOS MOCHIS	MX	25.79097	-108.99825
15403	MANZANILLO	MANZANILLO	MX	19.11695	-104.34214
15405	MATAMOROS	MATAMOROS	MX	25.52699	-103.22850
15406	MAZATLAN	MAZATLAN	MX	23.22163	-106.41885
15404	MERIDA	MERIDA	MX	20.96700	-89.62318
15407	METEPEC	METEPEC	MX	19.25934	-99.60175
15408	MEXICALI	MEXICALI	MX	32.62781	-115.45446
15357	MEXICO CITY	MEXICO CITY	MX	19.42847	-99.12766
15409	MONCLOVA	MONCLOVA	MX	26.90687	-101.42056
15410	MONTERREY	MONTERREY	MX	25.68435	-100.31721
15411	MORELIA	MORELIA	MX	19.70078	-101.18443
15412	NAVOJOA	NAVOJOA	MX	27.07057	-109.44345
15384	NAVOLATO	NAVOLATO	MX	24.76680	-107.69768
15413	NOGALES	NOGALES	MX	31.30862	-110.94217
15414	NUEVO LAREDO	NUEVO LAREDO	MX	27.47629	-99.51639
15415	OAXACA	OAXACA	MX	17.06025	-96.72544
15416	ORIZABA	ORIZABA	MX	18.85195	-97.09957
15417	PACHUCA	PACHUCA	MX	18.41306	-95.84889
15367	PENJAMO	PENJAMO	MX	20.43134	-101.72403
15450	PLAYA DEL CARMEN	PLAYA DEL CARMEN	MX	20.62740	-87.07987
15419	PUEBLA	PUEBLA	MX	19.04778	-98.20723
15420	PUERTO VALLARTA	PUERTO VALLARTA	MX	20.61700	-105.23018
15421	REYNOSA	REYNOSA	MX	26.08005	-98.28456
15422	SALAMANCA	SALAMANCA	MX	20.56979	-101.19770
15423	SALTILLO	SALTILLO	MX	25.42595	-100.97963
15424	SAN CRISTOBAL DE LAS CASAS	SAN CRISTOBAL DE LAS CASAS	MX	16.73006	-92.63825
15425	SAN JUAN DEL RIO	SAN JUAN DEL RIO	MX	20.38897	-99.99637
15426	SAN LUIS POTOSI	SAN LUIS POTOSI	MX	22.15234	-100.97135
15427	SAN LUIS RIO COLORADO	SAN LUIS RIO COLORADO	MX	32.45550	-114.77037
15428	SAN MIGUEL DE ALLENDE	SAN MIGUEL DE ALLENDE	MX	20.91528	-100.74389
15429	TAMPICO	TAMPICO	MX	22.28519	-97.87777
15430	TAXCO	TAXCO	MX	18.13917	-93.00528
15432	TEPIC	TEPIC	MX	21.50733	-104.89332
15433	TIJUANA	TIJUANA	MX	32.50270	-117.00371
15446	TLAJOMULCO DE ZUNIGA	TLAJOMULCO DE ZUNIGA	MX	20.47421	-103.44654
15434	TOLUCA	TOLUCA	MX	19.28786	-99.65324
15447	TONALA	TONALA	MX	20.62263	-103.24168
15435	TORREON	TORREON	MX	25.54389	-103.41898
15436	TULANCINGO	TULANCINGO	MX	20.08355	-98.36288
15439	VALLE DE SANTIAGO	VALLE DE SANTIAGO	MX	20.39148	-101.19103
15441	VERACRUZ	VERACRUZ	MX	19.18095	-96.14290
15442	VILLAHERMOSA	VILLAHERMOSA	MX	17.98625	-92.93928
15444	ZACATECAS	ZACATECAS	MX	22.76843	-102.58141
15445	ZAPOPAN	ZAPOPAN	MX	20.72111	-103.38742
15452	PALIKIR	PALIKIR	FM	6.92477	158.16109
15464	AL FAYYUM	AL FAYYUM	EG	29.30995	30.84180
15471	AL MAHALLAH AL KUBRA	AL MAHALLAH AL KUBRA	EG	30.97063	31.16690
15453	AL MANSURAH	AL MANSURAH	EG	31.03637	31.38069
15472	ASWAN	ASWAN	EG	24.09082	32.89942
15461	ASYUT	ASYUT	EG	27.18096	31.18368
15456	BANHA	BANHA	EG	30.45977	31.18420
15468	DAMANHUR	DAMANHUR	EG	31.03408	30.46823
15466	ISMAILIA	ISMAILIA	EG	30.60427	32.27225
15469	KAFR AD DAWWAR	KAFR AD DAWWAR	EG	31.13379	30.12969
15470	KAFR ASH SHAYKH	KAFR ASH SHAYKH	EG	31.11174	30.93991
15474	KAHIRE	KAHIRE	EG	30.06263	31.24967
15458	LUXOR	LUXOR	EG	25.69893	32.64210
15467	PORT SAID	PORT SAID	EG	31.26531	32.30190
15459	QINA	QINA	EG	26.16418	32.72671
15465	SUEZ	SUEZ	EG	29.97371	32.52627
15473	TANTA	TANTA	EG	30.78847	31.00192
15529	ALTANBULAG	ALTANBULAG	MN	50.31556	106.49861
15497	ALTANBULAG (Ulan Batur)	ALTANBULAG (Ulan Batur)	MN	50.31556	106.49861
15512	ALTAY (BAYAN OLGEY)	ALTAY (BAYAN OLGEY)	MN	49.70317	96.35920
15521	ALTAY (GOVI ALTAY)	ALTAY (GOVI ALTAY)	MN	49.70317	96.35920
15496	AR-ASGAT	AR-ASGAT	MN	48.26222	105.41194
15523	ARVAYHEER	ARVAYHEER	MN	46.26389	102.77500
15498	BAYANDELGER(Ulan Batur)	BAYANDELGER(Ulan Batur)	MN	47.72732	108.11062
15499	BAYANGOL(Ulan Batur)	BAYANGOL(Ulan Batur)	MN	45.55655	94.36449
15522	BAYANHONGOR	BAYANHONGOR	MN	46.19444	100.71806
15479	BILUU	BILUU	MN	49.04372	89.43798
15500	BORNUUR	BORNUUR	MN	48.46667	106.26667
15482	BUGA (Olgiy)	BUGA (Olgiy)	MN	48.95000	89.98333
15483	BUGAT (Olgiy)	BUGAT (Olgiy)	MN	49.53333	93.81667
15501	BULAG(Ulan Batur)	BULAG(Ulan Batur)	MN	49.85946	100.62687
15514	BULGAN (BAYAN OLGIY)	BULGAN (BAYAN OLGIY)	MN	48.81250	103.53472
15519	BULGAN (HOVD)	BULGAN (HOVD)	MN	48.81250	103.53472
15532	DARHAN	DARHAN	MN	49.48667	105.92278
15502	DUND-URT	DUND-URT	MN	48.03791	105.92190
15504	DZUUNHARAA	DZUUNHARAA	MN	48.85229	106.45786
15505	DZUUNMOD(Ulan Batur)	DZUUNMOD(Ulan Batur)	MN	47.70694	106.95278
15475	ERDENET	ERDENET	MN	49.03333	104.08333
15484	HOHTOLGOY	HOHTOLGOY	MN	49.28001	90.91015
15485	HOSHOOT (Olgiy)	HOSHOOT (Olgiy)	MN	48.94776	89.14358
15517	HOVD	HOVD	MN	44.66667	102.38333
15486	HOVD (DUND-US)	HOVD (DUND-US)	MN	44.66667	102.38333
15506	IHSUUJ	IHSUUJ	MN	48.22570	106.29152
15507	JARGALANT(Ulan Batur)	JARGALANT(Ulan Batur)	MN	46.92670	91.08782
15508	LUN(Ulan Batur)	LUN(Ulan Batur)	MN	47.86667	105.25000
15533	NALAYH	NALAYH	MN	47.76667	107.28333
15488	NAMIR	NAMIR	MN	49.10641	91.71782
15476	SUHBAATAR	SUHBAATAR	MN	50.23139	106.20778
15493	TSAGAANTUNGI	TSAGAANTUNGI	MN	49.05000	90.45000
15492	TSENGEL	TSENGEL	MN	49.47833	100.88944
15524	TSETSERLEG	TSETSERLEG	MN	47.47500	101.45417
15515	ULAANGOM	ULAANGOM	MN	49.98111	92.06667
15534	ULAN BATOR	ULAN BATOR	MN	47.90771	106.88324
15494	UUJIM	UUJIM	MN	48.90000	89.61667
15531	ZAMIIN UUD	ZAMIIN UUD	MN	43.71930	111.90777
15542	BALTI	BALTI	MD	47.76291	27.92854
15540	TIRASPOL	TIRASPOL	MD	46.84275	29.62840
15545	PLYMOUTH	PLYMOUTH	GB	50.37153	-4.14305
16725	AKJOUJT	AKJOUJT	MR	19.74163	-14.38534
16720	ALEG	ALEG	MR	17.05314	-13.91312
16717	ATAR	ATAR	MR	20.51875	-13.04637
16727	CHİNGUETTİ	CHİNGUETTİ	MR	20.46300	-12.36200
16723	KAEDİ	KAEDİ	MR	16.15071	-13.50582
16715	KİFFA	KİFFA	MR	16.62073	-11.40208
16716	NEMA	NEMA	MR	16.61702	-7.25649
16713	NOUADHİBOU	NOUADHİBOU	MR	20.94188	-17.03842
15546	NOUAKCHOTT	NOUAKCHOTT	MR	18.08581	-15.97850
16721	ROSSO	ROSSO	MR	16.51378	-15.80503
16724	SELİBABY	SELİBABY	MR	15.15846	-12.18430
15552	BEIRA	BEIRA	MZ	-19.84361	34.83889
15551	CHIMOIO	CHIMOIO	MZ	-19.11639	33.48333
15548	MAPUTO	MAPUTO	MZ	-25.96553	32.58322
15550	MATOLA	MATOLA	MZ	-25.96222	32.45889
15554	NACALA	NACALA	MZ	-14.56257	40.68538
15549	NAMPULA	NAMPULA	MZ	-15.11646	39.26660
15553	QUELIMANE	QUELIMANE	MZ	-17.87861	36.88833
15555	TETE	TETE	MZ	-16.15639	33.58667
15558	LUDERITZ	LUDERITZ	NA	-26.64807	15.15383
15560	ORANJEMUND	ORANJEMUND	NA	-28.55153	16.42728
15556	OSHAKATI	OSHAKATI	NA	-17.78833	15.70436
15557	OTJIWARONGO	OTJIWARONGO	NA	-20.46369	16.64772
15559	WINDHOEK	WINDHOEK	NA	-22.55941	17.08323
15563	KATHMANDU	KATHMANDU	NP	27.70169	85.32060
15571	AGADEZ	AGADEZ	NE	16.97333	7.99111
17823	DOSSO	DOSSO	NE	13.04900	3.19370
15568	MARADI	MARADI	NE	13.50000	7.10174
15566	NIAMEY	NIAMEY	NE	13.51366	2.10980
15567	TAHOUA	TAHOUA	NE	14.88880	5.26920
15569	ZINDER	ZINDER	NE	13.80716	8.98810
15582	ABA	ABA	NG	5.10658	7.36667
15600	ABUJA	ABUJA	NG	9.05785	7.49508
15572	BENIN CITY	BENIN CITY	NG	6.33815	5.62575
15583	CALABAR	CALABAR	NG	4.95893	8.32695
15584	ENUGU	ENUGU	NG	6.44132	7.49883
15592	GUSAU	GUSAU	NG	12.17024	6.66412
15573	IBADAN	IBADAN	NG	7.37756	3.90591
15580	IKIRE	IKIRE	NG	7.36983	4.18630
15581	IWO	IWO	NG	7.63527	4.18156
15575	KADUNA	KADUNA	NG	10.52641	7.43879
15590	KANO	KANO	NG	12.00012	8.51672
15591	KATSINA	KATSINA	NG	12.99082	7.60177
15588	LAFIA	LAFIA	NG	8.49390	8.51532
15601	LAGOS	LAGOS	NG	6.45407	3.39467
15594	MAIDUGURI	MAIDUGURI	NG	11.84692	13.15712
15587	MAKURDI	MAKURDI	NG	7.73375	8.52139
15597	MINNA	MINNA	NG	9.61524	6.54776
15586	ONITSHA	ONITSHA	NG	6.14978	6.78569
15577	PORT HARCOURT	PORT HARCOURT	NG	4.77742	7.01340
15596	SAKI	SAKI	NG	8.66762	3.39393
15578	SAPELE	SAPELE	NG	5.89405	5.67666
15593	SOKOTO	SOKOTO	NG	13.06269	5.24322
15579	WARRI	WARRI	NG	5.51737	5.75006
15589	ZARIA	ZARIA	NG	11.11128	7.72270
15602	BLUEFIELDS	BLUEFIELDS	NI	12.01292	-83.76449
15615	BOACO	BOACO	NI	12.47255	-85.65956
15616	CHINANDEGA	CHINANDEGA	NI	12.62951	-87.13133
15603	ESTELI	ESTELI	NI	13.09291	-86.35589
15604	GRANADA	GRANADA	NI	11.93062	-85.95368
15605	JINOTEGA	JINOTEGA	NI	13.09103	-86.00234
15606	JINOTEPE	JINOTEPE	NI	11.84828	-86.19916
15607	JUIGALPA	JUIGALPA	NI	12.10591	-85.36549
15608	LEON	LEON	NI	12.43527	-86.87862
15609	MANAGUA	MANAGUA	NI	12.13282	-86.25040
15610	MASAYA	MASAYA	NI	11.97316	-86.09587
15612	PUERTO CABEZAS	PUERTO CABEZAS	NI	14.03507	-83.38882
15613	RIVAS	RIVAS	NI	11.43977	-85.82749
15617	ALOFI	ALOFI	NU	-19.05294	-169.91957
15658	AKREHAMN	AKREHAMN	NO	59.26053	5.18689
15672	ALESUND	ALESUND	NO	62.47225	6.15492
15659	ALGARD	ALGARD	NO	58.76417	5.85253
15618	AMOT (B)	AMOT (B)	NO	59.63333	8.36667
15683	ARENDAL	ARENDAL	NO	58.46151	8.77253
15641	ARNES (A)	ARNES (A)	NO	60.12237	11.47005
15631	ASGARDSTRAND	ASGARDSTRAND	NO	59.34938	10.46948
15619	ASKER	ASKER	NO	59.83333	10.43721
15632	ASKIM (Ostfold)	ASKIM (Ostfold)	NO	59.58326	11.16286
15691	BERGEN	BERGEN	NO	60.39299	5.32415
15643	BJØRKELANGEN	BJØRKELANGEN	NO	59.88357	11.56396
15695	BODO	BODO	NO	67.28267	14.37513
15660	BRYNE ( R )	BRYNE ( R )	NO	58.73536	5.64766
15682	DRAMMEN	DRAMMEN	NO	59.74389	10.20449
15644	FETSUND	FETSUND	NO	59.92463	11.15711
15697	GEILO	GEILO	NO	60.53369	8.20539
15684	HAMAR	HAMAR	NO	60.79450	11.06798
15700	HARSTAD	HARSTAD	NO	68.79833	16.54165
15662	HAUGESUND	HAUGESUND	NO	59.41378	5.26800
15621	HOKKSUND	HOKKSUND	NO	59.77077	9.90987
15635	HOLMESTRAND	HOLMESTRAND	NO	59.48761	10.31761
15637	HORTEN	HORTEN	NO	59.41721	10.48343
15636	HVITTINGFOSS	HVITTINGFOSS	NO	59.48572	10.01173
15645	HØNEFOSS	HØNEFOSS	NO	60.16804	10.25647
15646	JESSHEIM	JESSHEIM	NO	60.14151	11.17515
15694	KIRKENES	KIRKENES	NO	69.72706	30.04578
15648	KLØFTA	KLØFTA	NO	60.07407	11.13805
15647	KOLBOTN	KOLBOTN	NO	59.81056	10.80389
15624	KONGSBERG	KONGSBERG	NO	59.66858	9.65017
15649	KONGSVINGER	KONGSVINGER	NO	60.19049	11.99772
15663	KOPERVIK	KOPERVIK	NO	59.28354	5.30669
15685	KRISTIANSAND	KRISTIANSAND	NO	58.14671	7.99560
15673	KRISTIANSUND	KRISTIANSUND	NO	63.11045	7.72795
15674	LEVANGER	LEVANGER	NO	63.74644	11.29963
15686	LILLEHAMMER	LILLEHAMMER	NO	61.11514	10.46628
15650	LILLESTRØM	LILLESTRØM	NO	59.95597	11.04918
15626	MJØNDALEN	MJØNDALEN	NO	59.75075	10.02477
15675	MOLDE	MOLDE	NO	62.73752	7.15912
16707	MOSS	MOSS	NO	59.43403	10.65771
15639	MYSEN	MYSEN	NO	59.55354	11.32578
15627	NOTODDEN	NOTODDEN	NO	59.55936	9.25853
15677	ORKANGER	ORKANGER	NO	63.30668	9.85025
15702	OSLO	OSLO	NO	59.91273	10.74609
15692	ROROS	ROROS	NO	62.57468	11.38420
15666	SAND  ( R )	SAND  ( R )	NO	59.48468	6.25109
15628	SANDE (V)	SANDE (V)	NO	59.58679	10.20809
15667	SANDEID	SANDEID	NO	59.54441	5.86229
15668	SANDNES  ( R )	SANDNES  ( R )	NO	58.85244	5.73521
15653	SANDVIKA (A)	SANDVIKA (A)	NO	64.46377	13.59125
15687	SARPSBORG	SARPSBORG	NO	59.28391	11.10962
15654	SKI (A)	SKI (A)	NO	59.71949	10.83576
15688	SKIEN	SKIEN	NO	59.20962	9.60897
15669	SKUDENESHAVN	SKUDENESHAVN	NO	59.14945	5.25913
15681	STAVANGER	STAVANGER	NO	58.97005	5.73332
15678	STEINKJER	STEINKJER	NO	64.01487	11.49537
15640	STOKKE (V)	STOKKE (V)	NO	59.22255	10.30055
15656	STROMMEN (A)	STROMMEN (A)	NO	59.95063	11.01009
15680	SUNNDALSORA	SUNNDALSORA	NO	62.67519	8.56327
15629	SVELVIK	SVELVIK	NO	59.61370	10.40872
15657	SYLLING	SYLLING	NO	59.89303	10.29105
15690	TONSBERG	TONSBERG	NO	59.26754	10.40762
15689	TROMSO	TROMSO	NO	69.64890	18.95508
15701	TRONDHEIM	TRONDHEIM	NO	63.43049	10.39506
15693	ULSTEINVIK	ULSTEINVIK	NO	62.34317	5.84869
15670	VEDAVAGEN	VEDAVAGEN	NO	59.29483	5.21874
15630	VIKERSUND	VIKERSUND	NO	59.96838	9.99107
15708	BAMBARI	BAMBARI	CF	5.76795	20.67565
15703	BANGUI	BANGUI	CF	4.36122	18.55496
15704	BIRAO	BIRAO	CF	10.28488	22.78818
15711	BOUAR	BOUAR	CF	5.93404	15.59599
15710	CARNOT	CARNOT	CF	4.94273	15.87735
15709	NOLA	NOLA	CF	3.52494	16.04583
15706	OBO	OBO	CF	5.39586	26.49211
15736	ANGREN	ANGREN	UZ	41.01667	70.14361
15750	CHIRCHIQ	CHIRCHIQ	UZ	41.46889	69.58222
15754	FERGANA	FERGANA	UZ	40.38421	71.78432
15715	GAZLI	GAZLI	UZ	40.13111	63.45713
15746	GURLAN	GURLAN	UZ	41.84123	60.39268
15760	NAMANGAN	NAMANGAN	UZ	40.99830	71.67257
15763	NUKUS	NUKUS	UZ	42.45861	59.60576
15740	OLMALIQ	OLMALIQ	UZ	40.84472	69.59833
15741	PARKENT	PARKENT	UZ	41.29444	69.67639
15756	QARSHI	QARSHI	UZ	38.86056	65.78905
15743	TUYTEPA	TUYTEPA	UZ	41.03210	69.36253
15744	YANGIYUL	YANGIYUL	UZ	41.11202	69.04710
15789	BAHAWALPUR	BAHAWALPUR	PK	29.39779	71.67520
15773	CHINIOT	CHINIOT	PK	31.72091	72.97836
15790	DERA GHAZI KHAN	DERA GHAZI KHAN	PK	30.04587	70.64029
15770	FAISALABAD	FAISALABAD	PK	31.41554	73.08969
15774	GUJRANWALA	GUJRANWALA	PK	32.15567	74.18705
15772	GUJRAT	GUJRAT	PK	32.57420	74.07542
15775	HYDERABAD	HYDERABAD	PK	25.39689	68.37718
15766	ISLAMABAD	ISLAMABAD	PK	33.72148	73.04329
15767	KARACHI	KARACHI	PK	24.86080	67.01040
15771	KASUR	KASUR	PK	31.11866	74.45025
15777	LARKANA	LARKANA	PK	27.55898	68.21204
15778	MARDAN	MARDAN	PK	34.19794	72.04965
15779	MIRPUR KHAS	MIRPUR KHAS	PK	25.52760	69.01255
15769	MULTAN	MULTAN	PK	30.19679	71.47824
15791	NAWABSHAH	NAWABSHAH	PK	26.23939	68.40369
15786	OKARA	OKARA	PK	30.81029	73.45155
15780	QUETTA	QUETTA	PK	30.18414	67.00141
15782	RAWALPINDI	RAWALPINDI	PK	33.59733	73.04790
15787	SAHIWAL	SAHIWAL	PK	31.97386	72.33109
15783	SARGODHA	SARGODHA	PK	32.08586	72.67418
15784	SHEKHUPURA	SHEKHUPURA	PK	31.71287	73.98556
15785	SIALKOT	SIALKOT	PK	32.49268	74.53134
15794	KOROR	KOROR	PW	7.33978	134.47326
15797	BOCAS DEL TORO	BOCAS DEL TORO	PA	9.34031	-82.24204
15798	CHANGUINOLA	CHANGUINOLA	PA	9.43000	-82.52000
15795	CHEPIGANA	CHEPIGANA	PA	8.28445	-78.04189
15799	CHITRE	CHITRE	PA	7.96011	-80.42876
15800	COLON	COLON	PA	9.36025	-79.90019
15801	DAVID	DAVID	PA	8.42729	-82.43085
15802	LAS TABLAS	LAS TABLAS	PA	7.76650	-80.27798
15796	PACORA	PACORA	PA	9.08252	-79.28957
15806	PANAMA CITY	PANAMA CITY	PA	8.99360	-79.51973
15803	PENONOME	PENONOME	PA	8.51889	-80.35727
15805	SAN MIGUELITO	SAN MIGUELITO	PA	9.05032	-79.47068
15807	ALOTAU	ALOTAU	PG	-10.31509	150.45742
15815	DARU	DARU	PG	-9.07786	143.20893
15809	LAE	LAE	PG	-6.72333	146.99611
15810	MADANG	MADANG	PG	-5.22152	145.78695
15811	PORT MORESBY	PORT MORESBY	PG	-9.47723	147.15089
15814	VANIMO	VANIMO	PG	-2.68372	141.30195
15813	WEWAK	WEWAK	PG	-3.54964	143.63229
15816	ASUNCION	ASUNCION	PY	-25.28646	-57.64700
15819	CIUDAD DEL ESTE	CIUDAD DEL ESTE	PY	-25.50360	-54.65067
15817	CONCEPCION	CONCEPCION	PY	-23.39985	-57.43236
15818	CORONEL OVIEDO	CORONEL OVIEDO	PY	-25.44613	-56.43928
15821	SAN PEDRO DEL PARANA	SAN PEDRO DEL PARANA	PY	-26.83387	-56.20694
15820	VILLARRICA	VILLARRICA	PY	-25.74946	-56.43518
15823	AREQUIPA	AREQUIPA	PE	-16.39899	-71.53747
15822	AYACUCHO	AYACUCHO	PE	-13.16380	-74.22345
15825	CAJAMARCA	CAJAMARCA	PE	-7.16378	-78.50027
15828	CHICLAYO	CHICLAYO	PE	-6.77008	-79.85495
15829	CHIMBOTE	CHIMBOTE	PE	-9.07508	-78.59373
15832	HUANCAYO	HUANCAYO	PE	-12.06866	-75.21027
15833	HUANUCO	HUANUCO	PE	-9.92882	-76.23989
15834	HUARAZ	HUARAZ	PE	-9.52614	-77.52869
15835	ICA	ICA	PE	-14.07538	-75.73422
15836	IQUITOS	IQUITOS	PE	-3.74814	-73.25290
15837	LIMA	LIMA	PE	-12.04318	-77.02824
15830	MOYOBAMBA	MOYOBAMBA	PE	-6.03441	-76.97423
15838	PIURA	PIURA	PE	-5.18192	-80.65715
15839	PUCALLPA	PUCALLPA	PE	-8.37915	-74.55387
15827	PUERTO MALDONADO	PUERTO MALDONADO	PE	-12.58946	-69.19948
15826	PUNO	PUNO	PE	-15.84003	-70.02198
15824	SULLANA	SULLANA	PE	-4.90389	-80.68528
15840	TACNA	TACNA	PE	-18.01465	-70.25362
15841	TRUJILLO	TRUJILLO	PE	-8.11599	-79.02998
15842	ADAMSTOWN	ADAMSTOWN	AU	-32.93824	151.72541
15883	BIALYSTOK	BIALYSTOK	PL	53.13333	23.16433
15848	BIELSKO-BIALA	BIELSKO-BIALA	PL	49.82245	19.04686
15850	BYDGOSZCZ	BYDGOSZCZ	PL	53.12350	18.00762
15853	BYTOM	BYTOM	PL	50.34802	18.93282
15855	CHORZOW	CHORZOW	PL	50.30582	18.97420
15851	CZESTOCHOWA	CZESTOCHOWA	PL	50.79646	19.12409
15879	DABROWA GORNICZA	DABROWA GORNICZA	PL	50.33394	19.20479
15852	ELBLAG	ELBLAG	PL	54.15220	19.40884
15880	GDANSK	GDANSK	PL	54.35227	18.64912
15881	GDYNIA	GDYNIA	PL	54.51889	18.53188
15854	GLIWICE	GLIWICE	PL	50.29761	18.67658
15856	GORZOW WIELKOPOLSKI	GORZOW WIELKOPOLSKI	PL	52.73371	15.22505
15861	GRUDZIADZ	GRUDZIADZ	PL	53.48411	18.75366
15858	KALISZ	KALISZ	PL	51.76109	18.09102
15844	KATOWICE	KATOWICE	PL	50.25970	19.02173
15859	KIELCE	KIELCE	PL	50.87033	20.62752
15860	KOSZALIN	KOSZALIN	PL	54.19438	16.17222
15845	KRAKOW	KRAKOW	PL	50.06143	19.93658
15849	LEGNICA	LEGNICA	PL	51.21006	16.16190
15843	LODZ	LODZ	PL	51.77058	19.47395
15847	LUBLIN	LUBLIN	PL	51.25058	22.57009
15863	OPOLE	OPOLE	PL	50.67119	17.92604
15865	PLOCK	PLOCK	PL	52.54682	19.70638
15846	POZNAN	POZNAN	PL	52.40692	16.92993
15866	RADOM	RADOM	PL	51.40253	21.14714
15878	RYBNIK	RYBNIK	PL	50.09713	18.54179
15867	RZESZOW	RZESZOW	PL	50.04132	21.99901
15873	SLUPSK	SLUPSK	PL	54.46405	17.02872
15885	SZCZECIN	SZCZECIN	PL	53.42894	14.55302
15869	TARNOW	TARNOW	PL	50.01381	20.98698
15870	TORUN	TORUN	PL	53.01375	18.59814
15871	TYCHY	TYCHY	PL	50.13717	18.96641
15857	WALBRZYCH	WALBRZYCH	PL	50.77141	16.28432
15872	WLOCLAWEK	WLOCLAWEK	PL	52.64817	19.06780
15877	WODZISLAW SLASKI	WODZISLAW SLASKI	PL	50.00377	18.47205
15882	WROCLAW	WROCLAW	PL	51.10286	17.03006
15874	ZABRZE	ZABRZE	PL	50.32492	18.78576
15875	ZIELONA GORA	ZIELONA GORA	PL	51.93548	15.50643
19016	AVEIRO	AVEIRO	PT	40.64575	-8.64643
15886	BRAGA	BRAGA	PT	41.55140	-8.42311
15891	CALDAS DA RAINHA	CALDAS DA RAINHA	PT	39.40326	-9.13839
15893	CHAVES	CHAVES	PT	41.74019	-7.46879
15894	COIMBRA	COIMBRA	PT	40.20686	-8.41996
15887	ESPINHO	ESPINHO	PT	41.00763	-8.64125
15895	EVORA	EVORA	PT	38.56587	-7.90405
15896	FARO	FARO	PT	37.01869	-7.92716
15897	FUNCHAL	FUNCHAL	PT	32.66568	-16.92547
15890	GUARDA	GUARDA	PT	40.53754	-7.26631
15889	LEIRIA	LEIRIA	PT	39.74362	-8.80705
15898	MIRANDELA	MIRANDELA	PT	41.48739	-7.18695
15900	PONTA DELGADA	PONTA DELGADA	PT	37.73952	-25.66874
15899	PORTO	PORTO	PT	41.14850	-8.61097
15901	SANTAREM	SANTAREM	PT	39.23379	-8.68617
15888	SETUBAL	SETUBAL	PT	38.52440	-8.88820
15902	SINES	SINES	PT	37.95622	-8.86979
15904	VILA NOVA DE GAIA	VILA NOVA DE GAIA	PT	41.12401	-8.61241
15903	VISEU	VISEU	PT	40.66165	-7.90905
15907	BAYAMON	BAYAMON	PR	18.39856	-66.15572
15908	CAROLINA	CAROLINA	PR	18.38078	-65.95739
15909	PONCE	PONCE	PR	18.01031	-66.62398
15906	SAN GERMAN	SAN GERMAN	PR	18.08163	-67.04490
15910	SAN JUAN	SAN JUAN	PR	18.46633	-66.10572
15919	ADAMCLISI	ADAMCLISI	RO	44.08333	27.95000
15917	ALEXANDRIA	ALEXANDRIA	RO	43.98333	25.33333
15946	ARAD	ARAD	RO	46.18333	21.31667
15951	BABADAG	BABADAG	RO	44.90000	28.71667
15914	BACAU	BACAU	RO	46.56718	26.91384
15927	BAIA MARE	BAIA MARE	RO	47.65729	23.56808
15940	BARLAD	BARLAD	RO	46.23175	27.66907
15924	BESTEPE	BESTEPE	RO	45.09241	29.01478
15936	BOTOSANI	BOTOSANI	RO	47.75000	26.66667
16750	BRAILA	BRAILA	RO	45.27152	27.97429
15957	BRASOV	BRASOV	RO	45.64861	25.60613
15928	BUZAU	BUZAU	RO	45.15000	26.83333
16751	CALARASI	CALARASI	RO	44.20510	27.31356
15929	CLUJ-NAPOCA	CLUJ-NAPOCA	RO	46.76667	23.60000
15953	COBADIN	COBADIN	RO	44.08333	28.21667
16749	CİUCUROVA	CİUCUROVA	RO	44.93333	28.48333
15934	DROBETA-TURNU SEVERIN	DROBETA-TURNU SEVERIN	RO	44.62693	22.65288
15938	FOCSANI	FOCSANI	RO	45.70000	27.18333
15916	GALATI	GALATI	RO	45.43687	28.05028
15912	IASI	IASI	RO	47.16667	27.60000
15952	MANGALIA	MANGALIA	RO	43.81623	28.57656
15920	NAVODARI	NAVODARI	RO	44.31667	28.60000
15921	NEGRU VODA	NEGRU VODA	RO	43.81667	28.20000
15925	NICULITEL	NICULITEL	RO	45.18333	28.48333
15930	ORADEA	ORADEA	RO	47.04580	21.91833
15922	OVIDIU	OVIDIU	RO	44.25800	28.56083
15931	PETROSANI	PETROSANI	RO	45.41667	23.36667
15937	PIATRA NEAMT	PIATRA NEAMT	RO	46.91667	26.33333
15945	PITESTI	PITESTI	RO	44.85000	24.86667
15932	PLOIESTI	PLOIESTI	RO	44.95000	26.01667
15942	RAMNICU VALCEA	RAMNICU VALCEA	RO	45.10000	24.36667
15915	REGHIN	REGHIN	RO	46.77420	24.70216
16708	RESITA	RESITA	RO	45.30083	21.88917
15933	SATU MARE	SATU MARE	RO	47.79926	22.86255
15935	SUCEAVA	SUCEAVA	RO	47.63333	26.25000
15926	SULINA	SULINA	RO	45.15564	29.65403
15939	TARGOVISTE	TARGOVISTE	RO	44.92543	25.45670
15923	TOPRAISAR	TOPRAISAR	RO	44.01667	28.45000
15948	TULCEA	TULCEA	RO	45.17870	28.80501
15959	BUTARE	BUTARE	RW	-2.59667	29.73944
15958	KIGALI	KIGALI	RW	-1.94995	30.05885
20038	ABAKAN	ABAKAN	RU	53.71540	91.42593
15969	ABINSK	ABINSK	RU	44.87058	38.15759
15970	AFIPSKIY	AFIPSKIY	RU	44.90005	38.84265
15963	ALEKSEYEVSKOYE	ALEKSEYEVSKOYE	RU	55.30708	50.11888
16140	ANGARSK	ANGARSK	RU	52.55968	103.91413
16053	APATITY	APATITY	RU	67.58267	33.41339
15983	APRELEVKA	APRELEVKA	RU	55.55194	37.08010
15964	ARSK	ARSK	RU	56.09254	49.87819
16145	ASTRAKHAN	ASTRAKHAN	RU	46.34968	48.04076
16003	BAKSAN	BAKSAN	RU	43.68374	43.53507
15984	BALASHIKHA	BALASHIKHA	RU	55.79479	37.94794
15965	BALTASI	BALTASI	RU	56.34646	50.20749
16057	BARNAUL	BARNAUL	RU	53.36199	83.72786
15985	BARYBINO	BARYBINO	RU	55.26768	37.89333
16050	BATAYSK	BATAYSK	RU	47.13746	39.75713
16058	BELGOROD	BELGOROD	RU	50.60343	36.58091
16059	BIROBIDZHAN	BIROBIDZHAN	RU	48.79300	132.92033
16060	BIYSK	BIYSK	RU	52.53423	85.19661
16027	BRATSK	BRATSK	RU	56.13250	101.61417
15986	BRONNITSY	BRONNITSY	RU	55.42112	38.26188
16062	BRYANSK	BRYANSK	RU	53.27096	34.32143
15973	BUYNAKSK	BUYNAKSK	RU	42.81802	47.12684
16173	CHEBOKSARY	CHEBOKSARY	RU	56.13218	47.24600
16161	CHELYABINSK	CHELYABINSK	RU	55.16110	61.42877
16045	CHEREPOVETS	CHEREPOVETS	RU	59.13333	37.90000
16129	CHERKESSK	CHERKESSK	RU	44.22375	42.04624
16150	CHITA	CHITA	RU	52.04311	113.49171
16031	DE-KASTRI	DE-KASTRI	RU	51.47498	140.77022
15987	DEDOVSK	DEDOVSK	RU	55.86861	37.12222
16130	DERBENT	DERBENT	RU	42.06622	48.28759
16168	DONETSK	DONETSK	RU	48.33711	39.95229
16008	DUBROVKA (St. Petersburg)	DUBROVKA (St. Petersburg)	RU	53.69245	33.50532
16066	ELISTA	ELISTA	RU	46.30794	44.25537
16009	GATCHINA	GATCHINA	RU	59.57639	30.12833
15971	GELENDZHIK	GELENDZHIK	RU	44.58014	38.06646
15981	GIAGINSKAYA	GIAGINSKAYA	RU	44.86208	40.07195
16159	GUBAKHA	GUBAKHA	RU	58.83862	57.55325
16149	IRKUTSK	IRKUTSK	RU	52.29566	104.29076
16166	ISTRA	ISTRA	RU	55.91979	36.86876
16069	IVANOVO	IVANOVO	RU	56.99988	40.97257
15974	IZBERBASH	IZBERBASH	RU	42.56705	47.87546
16070	IZHEVSK	IZHEVSK	RU	56.85225	53.19862
16047	KABARDINKA	KABARDINKA	RU	44.65202	37.93661
16028	KALININGRAD	KALININGRAD	RU	54.70639	20.51102
16071	KALUGA	KALUGA	RU	54.53063	36.27000
15975	KARABUDAKHKENT	KARABUDAKHKENT	RU	42.70916	47.56299
16154	KARACHAYEVSK	KARACHAYEVSK	RU	43.77233	41.91366
16175	KASHIRA	KASHIRA	RU	54.84763	38.18214
15976	KASPIYSK	KASPIYSK	RU	42.88165	47.63919
16132	KAZAN	KAZAN	RU	55.78874	49.12214
16170	KEMEROVO	KEMEROVO	RU	55.35417	86.10435
16023	KHABAROVSK	KHABAROVSK	RU	48.46204	135.09710
16153	KHABEZ	KHABEZ	RU	44.04422	41.77046
15977	KHASAVYURT	KHASAVYURT	RU	43.24872	46.58571
15989	KHIMKI	KHIMKI	RU	55.90010	37.42848
16064	KINESHMA	KINESHMA	RU	57.43665	42.12766
16073	KIROV	KIROV	RU	58.59809	49.65783
16010	KIROVSK	KIROVSK	RU	67.61475	33.67274
16046	KIRZHACH	KIRZHACH	RU	56.15273	38.85509
16068	KISELEVSK	KISELEVSK	RU	53.99000	86.66210
16074	KISLOVODSK	KISLOVODSK	RU	43.91333	42.72083
16075	KLIN	KLIN	RU	56.33169	36.72920
16072	KOLPINO	KOLPINO	RU	59.75069	30.58856
16125	KORSAKOV	KORSAKOV	RU	46.63406	142.78288
16048	KOSTOMUKSHA	KOSTOMUKSHA	RU	64.57100	30.57667
16092	KOVROV	KOVROV	RU	56.35752	41.31893
16157	KRASNODAR	KRASNODAR	RU	45.04534	38.98178
16032	KRASNOYARSK	KRASNOYARSK	RU	56.03742	92.93136
15972	KRYMSK	KRYMSK	RU	44.92625	37.99025
15991	KUBINKA	KUBINKA	RU	55.57957	36.70392
16076	KURGAN	KURGAN	RU	55.44905	65.34344
15992	KUROVSKOYE	KUROVSKOYE	RU	55.58183	38.91994
16077	KURSK	KURSK	RU	51.72689	36.18457
16138	KYZYL	KYZYL	RU	51.71108	94.43776
15966	LAISHEVO	LAISHEVO	RU	55.40559	49.55210
16038	LIPETSK	LIPETSK	RU	52.58760	39.55151
15993	LOBNYA	LOBNYA	RU	56.02714	37.46793
16012	LOMONOSOV	LOMONOSOV	RU	59.90612	29.77253
15994	LYUBERTSY	LYUBERTSY	RU	55.67719	37.89322
16078	MAGADAN	MAGADAN	RU	59.56274	150.80211
16079	MAGNITOGORSK	MAGNITOGORSK	RU	53.39808	59.00660
16128	MAYKOP (ADIGE)	MAYKOP (ADIGE)	RU	44.60789	40.10242
16004	MAYSKIY (Nalchik)	MAYSKIY (Nalchik)	RU	47.69600	40.10259
16014	MGA	MGA	RU	59.75000	31.06667
16080	MIASS	MIASS	RU	55.04552	60.10756
16093	MICHURINSK	MICHURINSK	RU	52.90761	40.48230
15967	MORKI	MORKI	RU	56.43244	48.99904
16029	MOZDOK	MOZDOK	RU	43.73976	44.65157
16156	MURMANSK	MURMANSK	RU	68.96778	33.09922
15995	MYTISHCHI	MYTISHCHI	RU	55.91099	37.72964
16081	NABEREZHNYYE CHELNY	NABEREZHNYYE CHELNY	RU	55.73718	52.41961
16082	NAKHODKA	NAKHODKA	RU	42.84360	132.91831
16133	NALCHIK	NALCHIK	RU	43.49806	43.61889
16005	NARTKALA	NARTKALA	RU	43.55440	43.85499
16167	NOGINSK	NOGINSK	RU	55.86486	38.44853
16022	NOGLIKI	NOGLIKI	RU	51.79681	143.13645
16084	NORILSK	NORILSK	RU	69.35350	88.20270
16085	NOVOCHERKASSK	NOVOCHERKASSK	RU	47.42220	40.09373
15978	NOVOKAYAKENT	NOVOKAYAKENT	RU	42.38653	47.98823
16086	NOVOKUZNETSK	NOVOKUZNETSK	RU	53.75752	87.13599
16087	NOVOROSSIYSK	NOVOROSSIYSK	RU	44.73188	37.76176
16052	NOVOSHAKHTINSK	NOVOSHAKHTINSK	RU	47.76037	39.93335
16171	NOVOSIBIRSK	NOVOSIBIRSK	RU	55.02259	82.93175
16034	NOYABRSK	NOYABRSK	RU	63.19309	75.43728
16040	NYURBA	NYURBA	RU	63.28431	118.34975
16088	OBNINSK	OBNINSK	RU	55.10993	36.61238
15996	ODINTSOVO	ODINTSOVO	RU	55.66977	37.27716
16172	OMSK	OMSK	RU	54.99244	73.36859
16089	ORENBURG	ORENBURG	RU	51.76712	55.09883
16788	ORSK	ORSK	RU	51.23206	58.48802
16146	PENZA	PENZA	RU	53.19568	45.01075
18953	PERM	PERM	RU	58.01046	56.25017
16055	PERVOURALSK	PERVOURALSK	RU	56.90528	59.94361
16090	PETRODVORETS	PETRODVORETS	RU	59.89565	29.80145
16030	PETROZAVODSK	PETROZAVODSK	RU	61.78491	34.34691
15998	PODOLSK	PODOLSK	RU	55.42419	37.55472
16180	PREGRADNAYA	PREGRADNAYA	RU	43.95185	41.19117
16134	PROKHLADNYY	PROKHLADNYY	RU	43.75741	44.02970
16094	PSKOV	PSKOV	RU	57.81922	28.33181
16095	PUSHKIN	PUSHKIN	RU	59.71417	30.39642
15999	PUSHKINO (Moskova)	PUSHKINO (Moskova)	RU	55.99456	37.82897
16096	PYATIGORSK	PYATIGORSK	RU	44.05000	43.05036
16165	RAMENSKOYE	RAMENSKOYE	RU	55.56341	38.24152
16097	RUBTSOVSK	RUBTSOVSK	RU	51.51473	81.20613
16000	RUZA	RUZA	RU	55.70172	36.19321
16099	RYBINSK	RYBINSK	RU	58.04562	38.83811
16789	SALAVAT	SALAVAT	RU	53.38280	55.91094
16042	SALEKHARD	SALEKHARD	RU	66.53373	66.60955
16137	SAMARA	SAMARA	RU	53.20767	50.13553
16100	SARANSK	SARANSK	RU	54.18485	45.17166
16147	SARATOV	SARATOV	RU	51.54048	45.99010
16044	SAZONOVO	SAZONOVO	RU	59.09190	35.22680
15979	SERGOKALA	SERGOKALA	RU	42.45384	47.66017
16102	SERPUKHOV	SERPUKHOV	RU	54.91980	37.41618
16103	SEVERODVINSK	SEVERODVINSK	RU	64.55825	39.82971
16065	SHADRINSK	SHADRINSK	RU	56.08616	63.63816
16051	SHAKHTY	SHAKHTY	RU	47.71916	40.21603
15968	SHEMORDAN	SHEMORDAN	RU	56.18560	50.39720
16016	SIVERSKIY	SIVERSKIY	RU	59.35444	30.07833
16002	SKHODNYA	SKHODNYA	RU	55.94806	37.29778
16104	SMOLENSK	SMOLENSK	RU	54.77826	32.05088
16135	SOCHI	SOCHI	RU	43.59699	39.72477
16026	SOLIKAMSK	SOLIKAMSK	RU	59.66686	56.74267
16164	STAVROPOL	STAVROPOL	RU	45.03442	41.96420
16174	STUPINO	STUPINO	RU	54.89735	38.06796
15980	SULAK	SULAK	RU	43.27342	47.51463
16041	SURGUT	SURGUT	RU	61.25757	73.41775
16142	SVOBODNYY	SVOBODNYY	RU	51.37498	128.14010
16163	SYKTYVKAR	SYKTYVKAR	RU	61.66393	50.81630
16105	SYZRAN	SYZRAN	RU	53.15850	48.46810
16141	St. PETERSBURG	St. PETERSBURG	RU	59.93863	30.31413
16106	TAGANROG	TAGANROG	RU	47.23627	38.90530
16107	TAMBOV	TAMBOV	RU	52.73632	41.44102
16006	TEREK	TEREK	RU	43.48329	44.13781
17811	TOBOLSK	TOBOLSK	RU	58.19807	68.25457
16108	TOLYATTI	TOLYATTI	RU	53.53030	49.34610
16176	TOMSK	TOMSK	RU	56.50049	84.98216
16017	TOSNO	TOSNO	RU	59.54000	30.87750
16109	TROITSK	TROITSK	RU	54.09224	61.56756
16177	TUAPSE	TUAPSE	RU	44.10083	39.08326
16110	TULA	TULA	RU	54.19609	37.61822
16033	TVER	TVER	RU	56.85836	35.90057
16158	TYUMEN	TYUMEN	RU	57.15222	65.52722
16039	UCHKEKEN	UCHKEKEN	RU	43.94508	42.51652
16179	UCHKULAN	UCHKULAN	RU	43.45705	42.09643
16127	UFA	UFA	RU	54.74306	55.96779
16111	UKHTA	UKHTA	RU	63.56904	53.69141
16112	ULYANOVSK	ULYANOVSK	RU	54.32824	48.38657
16113	USSURIYSK	USSURIYSK	RU	43.80467	131.95734
16116	VLADIMIR	VLADIMIR	RU	56.13854	40.39976
16117	VLADIVOSTOK	VLADIVOSTOK	RU	43.10562	131.87353
16143	VOLGOGRAD	VOLGOGRAD	RU	48.71378	44.49760
16020	VOLKHOV	VOLKHOV	RU	59.92335	32.33966
16118	VOLOGDA	VOLOGDA	RU	59.22390	39.88398
16021	VOLOSOVO	VOLOSOVO	RU	59.44525	29.48911
16148	VORONEZH	VORONEZH	RU	51.66833	39.19204
16119	VOTKINSK	VOTKINSK	RU	57.04867	53.98720
16120	VYBORG	VYBORG	RU	60.70763	28.75283
16019	VYRITSA	VYRITSA	RU	59.40778	30.34806
16037	YAKUTSK	YAKUTSK	RU	62.03114	129.72288
16178	YAROSLAVL	YAROSLAVL	RU	57.62987	39.87368
16169	YEKATERINBURG	YEKATERINBURG	RU	56.85733	60.61529
16063	YESSENTUKI	YESSENTUKI	RU	44.04826	42.85638
16732	YEYSK	YEYSK	RU	46.69263	38.27907
16121	YOSHKAR-OLA	YOSHKAR-OLA	RU	56.63877	47.89078
16124	YUZHNO-SAKHALINSK	YUZHNO-SAKHALINSK	RU	46.95430	142.73559
16007	ZAYUKOVO	ZAYUKOVO	RU	43.61611	43.33389
15962	ZELENCHUKSKAYA	ZELENCHUKSKAYA	RU	43.85495	41.59019
16123	ZLATOUST	ZLATOUST	RU	55.17182	59.65471
16314	AL HUFUF	S. ARABISTAN	SA	25.36467	49.58764
16315	BURAYDAH	S. ARABISTAN	SA	26.32599	43.97497
16308	MEDINE	S. ARABISTAN	SA	24.46861	39.61417
16309	MEKKE	S. ARABISTAN	SA	21.42664	39.82563
16313	SHAQRA	S. ARABISTAN	SA	25.24019	45.25104
16316	TABUK	S. ARABISTAN	SA	28.39980	36.57151
16182	APIA	APIA	WS	-13.83333	-171.76666
16183	DAKAR	DAKAR	SN	14.69370	-17.44406
16184	KAOLACK	KAOLACK	SN	14.15197	-16.07259
16185	LINGUERE	LINGUERE	SN	15.39530	-15.11930
16186	SAINT-LOUIS	SAINT-LOUIS	SN	16.01793	-16.48962
16188	THIES	THIES	SN	14.78944	-16.92602
16187	ZIGUINCHOR	ZIGUINCHOR	SN	12.56801	-16.27326
16189	VICTORIA	VICTORIA	HK	22.28750	114.14417
20045	BO	BO	SL	7.96472	-11.73833
20047	BONTHE	BONTHE	SL	7.52639	-12.50500
20046	FREETOWN	FREETOWN	SL	8.48714	-13.23560
20042	KENEMA	KENEMA	SL	7.87687	-11.19025
20044	KOIDU	KOIDU	SL	8.64387	-10.97140
20048	LUNSAR	LUNSAR	SL	8.68439	-12.53499
20043	MAKENI	MAKENI	SL	8.88605	-12.04417
20049	PORT LOKO	PORT LOKO	SL	8.76609	-12.78696
20041	PUJEHUN	PUJEHUN	SL	7.35806	-11.72083
20064	ANTOFAGASTA	ANTOFAGASTA	CL	-23.65094	-70.39752
16192	ARICA	ARICA	CL	-18.47552	-70.30058
16195	CHILLAN	CHILLAN	CL	-36.60664	-72.10344
16196	CONCEPCION	CONCEPCION	CL	-36.82699	-73.04977
16198	COPIAPO	COPIAPO	CL	-27.36737	-70.33219
16197	COQUIMBO	COQUIMBO	CL	-29.95332	-71.33947
16199	CURICO	CURICO	CL	-34.98279	-71.23943
16200	IQUIQUE	IQUIQUE	CL	-20.21326	-70.15027
16202	LA SERENA	LA SERENA	CL	-29.90591	-71.25014
16194	LOS ANGELES	LOS ANGELES	CL	-37.46973	-72.35366
16201	OSORNO	OSORNO	CL	-40.57395	-73.13348
16204	PUERTO MONTT	PUERTO MONTT	CL	-41.46930	-72.94237
16213	PUNTA ARENAS	PUNTA ARENAS	CL	-53.16282	-70.90922
16206	QUILPUE	QUILPUE	CL	-33.04752	-71.44249
16207	RANCAGUA	RANCAGUA	CL	-34.16910	-70.74053
16190	SANTIAGO	SANTIAGO	CL	-33.45694	-70.64827
16208	TALCA	TALCA	CL	-35.42320	-71.64974
16193	TALCAHUANO	TALCAHUANO	CL	-36.72494	-73.11684
16209	TEMUCO	TEMUCO	CL	-38.73628	-72.59738
16210	VALDIVIA	VALDIVIA	CL	-39.81422	-73.24589
16211	VALPARAISO	VALPARAISO	CL	-33.03600	-71.62963
16212	VINA DEL MAR	VINA DEL MAR	CL	-33.02457	-71.55183
16214	SINGAPUR	SINGAPUR	IN	17.46982	78.12574
16216	ALIBUNAR	ALIBUNAR	RS	45.08083	20.96583
16235	CACAK	CACAK	RS	43.89139	20.34972
16241	KRAGUJEVAC	KRAGUJEVAC	RS	44.01667	20.91667
16236	NIS	NIS	RS	43.32472	21.90333
16219	NOVI BEOGRAD	NOVI BEOGRAD	RS	44.80556	20.42417
16226	NOVI PAZAR	NOVI PAZAR	RS	43.13667	20.51222
16233	NOVI SAD	NOVI SAD	RS	45.25167	19.83694
16220	PERLEZ	PERLEZ	RS	45.20813	20.38197
16221	POZAREVAC	POZAREVAC	RS	44.62133	21.18782
16230	PRIBOJ	PRIBOJ	RS	43.58306	19.52519
16231	PRIJEPOLJE	PRIJEPOLJE	RS	43.38996	19.64870
16232	SJENICA	SJENICA	RS	43.27306	19.99944
16240	SMEDEREVO	SMEDEREVO	RS	44.66436	20.92763
16223	SMEDEREVSKA PALANKA	SMEDEREVSKA PALANKA	RS	44.36548	20.95885
16237	SUBOTICA	SUBOTICA	RS	46.10000	19.66667
16227	TULARE	TULARE	RS	43.22800	21.37961
16225	UZDIN	UZDIN	RS	45.20512	20.62342
16228	VRANJE	VRANJE	RS	42.55139	21.90028
16238	ZEMUN	ZEMUN	RS	44.84580	20.40116
16239	ZRENJANIN	ZRENJANIN	RS	45.38361	20.38194
20035	BANSKA BYSTRICA	BANSKA BYSTRICA	SK	48.73947	19.14932
16252	BARDEJOV	BARDEJOV	SK	49.29175	21.27271
16242	BORINKA	BORINKA	SK	48.26206	17.08580
16250	BRATISLAVA	BRATISLAVA	SK	48.14816	17.10674
16258	HUMENNE	HUMENNE	SK	48.93707	21.91625
16253	KOSICE	KOSICE	SK	48.71441	21.25802
16254	LIPTOVSKY MIKULAS	LIPTOVSKY MIKULAS	SK	49.08061	19.62218
16251	MARTIN	MARTIN	SK	49.06651	18.92399
16259	MICHALOVCE	MICHALOVCE	SK	48.75434	21.91950
16255	NITRA	NITRA	SK	48.30763	18.08453
16244	NOVE ZAMKY	NOVE ZAMKY	SK	47.98544	18.16195
16245	PEZINOK	PEZINOK	SK	48.28986	17.26664
16256	PIESTANY	PIESTANY	SK	48.59479	17.82591
16257	PRESOV	PRESOV	SK	48.99923	21.23550
16246	SERED	SERED	SK	48.29117	17.73331
16247	SKALICA	SKALICA	SK	48.84490	17.22635
16248	STUPAVA	STUPAVA	SK	48.27474	17.03173
16249	TRNAVA	TRNAVA	SK	48.37773	17.58603
20033	CELJE	CELJE	SI	46.23092	15.26044
16266	DRAVOGRAD	DRAVOGRAD	SI	46.58846	15.01874
17803	JESENICE	JESENICE	SI	46.43240	14.06232
16268	KOCEVJE	KOCEVJE	SI	45.64323	14.86036
16261	KOPER	KOPER	SI	45.54820	13.72963
16260	KRANJ	KRANJ	SI	46.23887	14.35561
16267	KRSKO	KRSKO	SI	45.95915	15.49167
16269	LJUBLJANA	LJUBLJANA	SI	46.05108	14.50513
16262	MARIBOR	MARIBOR	SI	46.55583	15.64593
16263	MURSKA SOBOTA	MURSKA SOBOTA	SI	46.66264	16.16643
16264	NOVO MESTO	NOVO MESTO	SI	45.80397	15.16886
16265	VELENJE	VELENJE	SI	46.35719	15.11277
16271	BANDARBEYLA	BANDARBEYLA	SO	9.49420	50.81220
16277	CALUULA	CALUULA	SO	11.96611	50.75694
16270	EYL	EYL	SO	7.98030	49.81640
16273	MOGADISHU	MOGADISHU	SO	2.03711	45.34375
16278	COLOMBO	COLOMBO	LK	6.93548	79.84868
16279	JAFFNA	JAFFNA	LK	9.66845	80.00742
16280	KANDY	KANDY	LK	7.29060	80.63360
16283	MATARA	MATARA	LK	5.94851	80.53528
16282	MORATUWA	MORATUWA	LK	6.77300	79.88160
16284	TRINCOMALEE	TRINCOMALEE	LK	8.57780	81.22890
16294	AL QADARIF	AL QADARIF	SD	14.03493	35.38344
16289	KASSALA	KASSALA	SD	15.45099	36.39998
16286	NYALA	NYALA	SD	12.04888	24.88069
16287	PORT SUDAN	PORT SUDAN	SD	19.61745	37.21644
16295	WADI HALFA	WADI HALFA	SD	21.79577	31.37129
16297	BROKOPONDO	BROKOPONDO	SR	5.05594	-54.98043
16296	PARAMARIBO	PARAMARIBO	SR	5.86638	-55.16682
16299	AL QAMISHLI	AL QAMISHLI	SY	37.05215	41.23142
16303	AR RAQQAH	AR RAQQAH	SY	35.95283	39.00788
19008	BÜLBÜL	BÜLBÜL	SY	36.76947	36.81969
16301	HAMAH	HAMAH	SY	35.13179	36.75783
16302	IDLIB	IDLIB	SY	35.93062	36.63393
16306	SAM	SAM	SY	33.51020	36.29128
16317	LONGYEARBYEN	LONGYEARBYEN	SJ	78.22334	15.64689
16319	MBABANE	MBABANE	SZ	-26.31667	31.13333
16320	BOSHKENGASH	BOSHKENGASH	TJ	38.46613	68.80533
16333	KHORUGH	KHORUGH	TJ	37.49039	71.55337
16331	KHUJAND	KHUJAND	TJ	40.28256	69.62216
16332	KULOB	KULOB	TJ	37.91459	69.78454
16329	TURSUNZODA	TURSUNZODA	TJ	38.51271	68.23163
16335	ARUSHA	ARUSHA	TZ	-3.36667	36.68333
16336	DAR ES SALAAM	DAR ES SALAAM	TZ	-6.82349	39.26951
16342	DODOMA	DODOMA	TZ	-6.17221	35.73947
16345	MBEYA	MBEYA	TZ	-8.90000	33.45000
16337	MOROGORO	MOROGORO	TZ	-6.82102	37.66122
16344	MWANZA	MWANZA	TZ	-2.51667	32.90000
16338	SHINYANGA	SHINYANGA	TZ	-3.66393	33.42118
16343	TABORA	TABORA	TZ	-5.01622	32.82663
16341	TANGA	TANGA	TZ	-5.06893	39.09875
16339	WETE	WETE	TZ	-5.05589	39.72938
16340	ZANZIBAR	ZANZIBAR	TZ	-6.16394	39.19793
16361	BANGKOK	BANGKOK	TH	13.75398	100.50144
16348	BURIRAM	BURIRAM	TH	14.99433	103.10392
16356	CHAIYAP HUM	CHAIYAP HUM	TH	15.81047	102.02881
16349	CHIANG MAI	CHIANG MAI	TH	18.79038	98.98468
16350	CHON BURI	CHON BURI	TH	13.36220	100.98345
16357	KHON KAEN	KHON KAEN	TH	16.44671	102.83300
16351	NAKHON RATCHASIMA	NAKHON RATCHASIMA	TH	14.97066	102.10196
16359	NAKHON SAWAN	NAKHON SAWAN	TH	15.70472	100.13717
16360	PHITSANULOK	PHITSANULOK	TH	16.82481	100.25858
16353	PHUKET	PHUKET	TH	7.89059	98.39810
16354	RAYONG	RAYONG	TH	12.68095	101.25798
16346	SURAT THANI	SURAT THANI	TH	9.14011	99.33311
16358	UBON RATCHATHANI	UBON RATCHATHANI	TH	15.23844	104.84866
16355	UDON THANI	UDON THANI	TH	17.41567	102.78589
16368	KAOHSIUNG	KAOHSIUNG	TW	22.61626	120.31333
16370	PINGTUNG	PINGTUNG	TW	22.67135	120.48814
16363	TAICHUNG	TAICHUNG	TW	24.14690	120.68390
16371	TAINAN	TAINAN	TW	22.99083	120.21333
16364	TAIPEI	TAIPEI	TW	25.05306	121.52639
16374	LOME	LOME	TG	6.12874	1.22154
16372	NIAMTOUGOU	NIAMTOUGOU	TG	9.76806	1.10528
16373	SOKODE	SOKODE	TG	8.98333	1.13333
16376	ARIMA	ARIMA	TT	10.63737	-61.28228
16377	PORT OF SPAIN	PORT OF SPAIN	TT	10.66668	-61.51889
16378	SAN FERNANDO	SAN FERNANDO	TT	10.27969	-61.46835
16386	BIZERTE	BIZERTE	TN	37.27442	9.87391
16383	GABES	GABES	TN	33.88146	10.09820
16380	GAFSA	GAFSA	TN	34.42500	8.78417
16379	SFAX	SFAX	TN	34.74056	10.76028
16401	BABADAYHAN	BABADAYHAN	TM	37.68887	60.39372
18939	BALKANABAT	BALKANABAT	TM	39.51075	54.36713
16402	BAYRAMALY	BAYRAMALY	TM	37.61852	62.16715
16391	GOKDEPE	GOKDEPE	TM	38.15863	57.96072
16414	KERKI	KERKI	TM	37.84079	65.20639
18938	TURKMENABAT	TURKMENABAT	TM	39.07328	63.57861
16407	YOLOTEN	YOLOTEN	TM	37.29886	62.35975
16397	YYLANLY	YYLANLY	TM	41.83333	59.65000
9146	ADANA	ADANA	TR	36.98615	35.32531
9147	ALADAĞ	ADANA	TR	37.54850	35.39603
9148	CEYHAN	ADANA	TR	37.02472	35.81750
9149	FEKE	ADANA	TR	37.81446	35.91233
9151	KARAISALI	ADANA	TR	37.25667	35.05889
9152	KARATAŞ	ADANA	TR	36.58204	35.37014
9153	KOZAN	ADANA	TR	37.45517	35.81573
9154	POZANTI	ADANA	TR	37.42778	34.87167
9155	SAİMBEYLİ	ADANA	TR	37.98632	36.09056
9156	TUFANBEYLİ	ADANA	TR	38.26333	36.22056
9157	YUMURTALIK	ADANA	TR	36.76863	35.78938
9150	İMAMOĞLU	ADANA	TR	37.26506	35.65717
9158	ADIYAMAN	ADIYAMAN	TR	37.76441	38.27629
9159	BESNİ	ADIYAMAN	TR	37.69278	37.86111
9161	GERGER	ADIYAMAN	TR	38.02807	39.03418
9162	GÖLBAŞI	ADIYAMAN	TR	39.79043	32.80903
9163	KAHTA	ADIYAMAN	TR	37.78552	38.62370
9164	SAMSAT	ADIYAMAN	TR	37.58194	38.47417
9165	SİNCİK	ADIYAMAN	TR	38.03645	38.61257
9166	TUT	ADIYAMAN	TR	37.79529	37.91610
9160	ÇELİKHAN	ADIYAMAN	TR	38.02560	38.23665
9167	AFYONKARAHİSAR	AFYONKARAHİSAR	TR	38.75667	30.54333
9169	BAYAT	AFYONKARAHİSAR	TR	40.64583	34.26139
9168	BAŞMAKÇI	AFYONKARAHİSAR	TR	37.89722	30.01167
9170	BOLVADİN	AFYONKARAHİSAR	TR	38.71111	31.04861
9173	DAZKIRI	AFYONKARAHİSAR	TR	37.91861	29.86056
9174	DİNAR	AFYONKARAHİSAR	TR	38.06500	30.16557
9175	EMİRDAĞ	AFYONKARAHİSAR	TR	39.01972	31.15000
9176	EVCİLER	AFYONKARAHİSAR	TR	38.04139	29.88667
9177	HOCALAR	AFYONKARAHİSAR	TR	38.57824	29.96768
9180	KIZILÖREN	AFYONKARAHİSAR	TR	38.25806	30.15167
9181	SANDIKLI	AFYONKARAHİSAR	TR	38.46472	30.26946
9183	SUHUT	AFYONKARAHİSAR	TR	38.53111	30.54583
9184	SULTANDAĞI	AFYONKARAHİSAR	TR	38.53111	31.22806
9182	SİNANPAŞA	AFYONKARAHİSAR	TR	38.74444	30.24278
9171	ÇAY	AFYONKARAHİSAR	TR	38.59167	31.02861
9172	ÇOBANLAR	AFYONKARAHİSAR	TR	38.70139	30.78278
9178	İHSANİYE	AFYONKARAHİSAR	TR	40.69087	29.83472
9179	İSCEHİSAR	AFYONKARAHİSAR	TR	38.86194	30.75028
9193	AKSARAY	AKSARAY	TR	38.37255	34.02537
9192	AĞAÇÖREN	AKSARAY	TR	38.87484	33.91674
9194	ESKİL	AKSARAY	TR	38.40167	33.41306
9195	GÜLAĞAÇ	AKSARAY	TR	38.39576	34.34576
9196	GÜZELYURT	AKSARAY	TR	38.27722	34.37194
17877	ORTAKÖY	AKSARAY	TR	38.73728	34.03866
9197	SARIYAHŞİ	AKSARAY	TR	38.98349	33.84136
9198	AMASYA	AMASYA	TR	40.65333	35.83306
9199	GÖYNÜCEK	AMASYA	TR	40.39917	35.52500
9200	GÜMÜŞHACIKÖY	AMASYA	TR	40.87306	35.21472
9201	HAMAMÖZÜ	AMASYA	TR	40.78476	35.02580
9202	MERZİFON	AMASYA	TR	40.87333	35.46306
9203	SULUOVA	AMASYA	TR	40.83129	35.64788
9204	TAŞOVA	AMASYA	TR	40.75972	36.32250
9205	AKYURT	ANKARA	TR	40.13512	33.08614
9206	ANKARA	ANKARA	TR	39.91987	32.85427
9207	AYAŞ	ANKARA	TR	40.01933	32.33221
9208	BALA	ANKARA	TR	39.55422	33.12344
9209	BEYPAZARI	ANKARA	TR	40.16750	31.92111
9211	CUBUK	ANKARA	TR	40.23861	33.03222
9212	ELMADAĞ	ANKARA	TR	39.92083	33.23083
9213	EVREN	ANKARA	TR	40.24527	39.17535
9214	GÜDÜL	ANKARA	TR	40.21051	32.24552
9215	HAYMANA	ANKARA	TR	39.43212	32.49732
9216	KALECİK	ANKARA	TR	40.09722	33.40833
9218	KIZILCAHAMAM	ANKARA	TR	40.46972	32.65056
9219	NALLIHAN	ANKARA	TR	40.18593	31.35179
9220	POLATLI	ANKARA	TR	39.57715	32.14132
9210	ÇAMLIDERE	ANKARA	TR	40.48958	32.47499
9221	ŞEREFLİKOÇHİSAR	ANKARA	TR	38.93925	33.53860
9222	AKSEKİ	ANTALYA	TR	37.04861	31.79000
9223	AKSU	ANTALYA	TR	40.08964	38.03467
9224	ALANYA	ANTALYA	TR	36.54375	31.99982
9225	ANTALYA	ANTALYA	TR	36.90812	30.69556
9226	DEMRE	ANTALYA	TR	36.24444	29.98500
9227	ELMALI	ANTALYA	TR	36.73583	29.91775
9228	FİNİKE	ANTALYA	TR	36.29500	30.14056
9229	GAZİPAŞA	ANTALYA	TR	36.26942	32.31792
9230	GÜNDOĞMUŞ	ANTALYA	TR	36.81339	31.99971
9232	KAŞ	ANTALYA	TR	36.20176	29.63766
9233	KEMER	ANTALYA	TR	36.59778	30.56056
9234	KORKUTELİ	ANTALYA	TR	37.06498	30.19565
9235	KUMLUCA	ANTALYA	TR	41.44724	32.46759
9236	MANAVGAT	ANTALYA	TR	36.78672	31.44086
9237	SERİK	ANTALYA	TR	36.91748	31.10463
9231	İBRADI	ANTALYA	TR	37.09694	31.59917
9238	ARDAHAN	ARDAHAN	TR	41.10871	42.70222
9240	DAMAL	ARDAHAN	TR	41.34145	42.83680
9241	GÖLE	ARDAHAN	TR	40.78746	42.60603
9242	HANAK	ARDAHAN	TR	41.23344	42.84037
9243	POSOF	ARDAHAN	TR	41.51111	42.72917
9239	ÇILDIR	ARDAHAN	TR	41.12525	43.13645
9244	ARDANUÇ	ARTVİN	TR	41.11955	42.06882
9245	ARHAVİ	ARTVİN	TR	41.35121	41.30456
9246	ARTVİN	ARTVİN	TR	41.18161	41.82172
9247	BORÇKA	ARTVİN	TR	41.35792	41.66579
9248	HOPA	ARTVİN	TR	41.39046	41.41966
9249	MURGUL	ARTVİN	TR	41.28049	41.56438
9251	YUSUFELİ	ARTVİN	TR	40.82042	41.53743
9250	ŞAVŞAT	ARTVİN	TR	41.25336	42.35531
9252	AYDIN	AYDIN	TR	37.84501	27.83963
9253	BOZDOĞAN	AYDIN	TR	37.67134	28.31395
9254	BUHARKENT	AYDIN	TR	37.96397	28.74270
9256	DİDİM	AYDIN	TR	37.38496	27.25643
9257	GERMENCİK	AYDIN	TR	37.87056	27.60283
9259	KARACASU	AYDIN	TR	37.72816	28.60569
9260	KARPUZLU	AYDIN	TR	37.55861	27.83528
9261	KOÇARLI	AYDIN	TR	37.76113	27.70583
9264	KUYUCAK	AYDIN	TR	37.91330	28.45917
9263	KUŞADASI	AYDIN	TR	37.86014	27.25713
9262	KÖŞK	AYDIN	TR	37.85333	28.05167
9265	NAZİLLİ	AYDIN	TR	37.91631	28.32225
9267	SULTANHİSAR	AYDIN	TR	37.88989	28.15436
9266	SÖKE	AYDIN	TR	37.74820	27.40614
9268	YENİPAZAR (A)	AYDIN	TR	37.82332	28.19573
9255	ÇİNE	AYDIN	TR	37.61266	28.05912
9258	İNCİRLİOVA	AYDIN	TR	37.85222	27.72361
9185	AĞRI	AĞRI	TR	39.71467	43.04015
9186	DİYADİN	AĞRI	TR	39.54056	43.67135
9188	ELEŞKİRT	AĞRI	TR	39.79803	42.67574
9189	PATNOS	AĞRI	TR	39.22493	42.85693
9190	TAŞLIÇAY	AĞRI	TR	39.62966	43.36878
9191	TUTAK	AĞRI	TR	39.53854	42.76587
9269	AYVALIK	BALIKESİR	TR	39.31927	26.69341
9270	BALIKESİR	BALIKESİR	TR	39.64917	27.88611
9271	BALYA	BALIKESİR	TR	39.74861	27.57889
17917	BANDIRMA	BALIKESİR	TR	40.35222	27.97667
9273	BURHANİYE	BALIKESİR	TR	39.50041	26.97269
9272	BİGADİÇ	BALIKESİR	TR	39.39250	28.13111
9274	DURSUNBEY	BALIKESİR	TR	39.58596	28.62568
9275	EDREMİT	BALIKESİR	TR	39.59611	27.02444
17881	ERDEK	BALIKESİR	TR	40.39960	27.79348
9276	GÖMEÇ	BALIKESİR	TR	39.39016	26.84127
9277	GÖNEN	BALIKESİR	TR	40.10490	27.65399
9278	HAVRAN	BALIKESİR	TR	39.55833	27.09833
9280	KEPSUT	BALIKESİR	TR	39.68889	28.15222
17918	MANYAS	BALIKESİR	TR	40.04639	27.97000
9281	MARMARA	BALIKESİR	TR	40.58633	27.55541
9282	SAVAŞTEPE	BALIKESİR	TR	39.38319	27.65612
9283	SINDIRGI	BALIKESİR	TR	39.24128	28.17842
9284	SUSURLUK	BALIKESİR	TR	39.91361	28.15778
9279	İVRİNDİ	BALIKESİR	TR	39.58389	27.48639
9285	BARTIN	BARTIN	TR	41.63583	32.33750
9286	KURUCAŞİLE	BARTIN	TR	41.83781	32.71621
9287	ULUS	BARTIN	TR	41.58417	32.64139
9288	BATMAN	BATMAN	TR	37.88738	41.13221
9289	BEŞİRİ	BATMAN	TR	37.91573	41.28650
9290	GERCÜŞ	BATMAN	TR	37.56249	41.37753
9291	HASANKEYF	BATMAN	TR	37.70612	41.40480
9292	KOZLUK	BATMAN	TR	38.19118	41.47775
9293	SASON	BATMAN	TR	38.32767	41.41377
9294	AYDINTEPE	BAYBURT	TR	40.38325	40.14272
9295	BAYBURT	BAYBURT	TR	40.25631	40.22289
9296	DEMİRÖZÜ	BAYBURT	TR	40.16023	39.89239
9315	BOLU	BOLU	TR	40.73583	31.60611
9316	DÖRTDİVAN	BOLU	TR	40.72052	32.06314
9317	GEREDE	BOLU	TR	40.80083	32.19694
9318	GÖYNÜK	BOLU	TR	36.66000	30.55000
9319	KIBRISCIK	BOLU	TR	40.40778	31.85194
9320	MENGEN	BOLU	TR	40.93877	32.07642
9321	MUDURNU	BOLU	TR	40.47300	31.20755
9322	SEBEN	BOLU	TR	40.41134	31.57359
9323	YENİÇAĞA	BOLU	TR	40.77115	32.03375
9325	ALTINYAYLA	BURDUR	TR	39.27249	36.75098
9324	AĞLASUN	BURDUR	TR	37.64944	30.53417
9326	BUCAK	BURDUR	TR	37.45917	30.59500
9327	BURDUR	BURDUR	TR	37.72028	30.29083
9330	GÖLHİSAR	BURDUR	TR	37.14590	29.50876
9331	KARAMANLI	BURDUR	TR	37.37301	29.82308
9332	KEMER (B)	BURDUR	TR	36.59778	30.56056
9333	TEFENNİ	BURDUR	TR	37.30968	29.77538
9334	YEŞİLOVA	BURDUR	TR	38.15566	36.25758
9328	ÇAVDIR	BURDUR	TR	36.36606	29.35187
9329	ÇELTİKCİ	BURDUR	TR	36.79693	31.48265
9335	BURSA	BURSA	TR	40.19559	29.06013
9336	BÜYÜK ORHAN	BURSA	TR	39.77102	28.88614
9337	GEMLİK	BURSA	TR	40.43094	29.15969
9338	HARMANCIK	BURSA	TR	39.67611	29.15528
9341	KARACABEY	BURSA	TR	40.21323	28.36120
9342	KELES	BURSA	TR	39.91361	29.22944
17893	KESTEL	BURSA	TR	40.19828	29.21237
9343	MUDANYA	BURSA	TR	40.37524	28.88380
9344	MUSTAFA KEMALPAŞA	BURSA	TR	40.03815	28.40866
17894	ORHANELİ	BURSA	TR	39.90333	28.99056
9345	ORHANGAZİ	BURSA	TR	40.48917	29.30889
9346	YENİŞEHİR	BURSA	TR	40.26444	29.65306
9339	İNEGÖL	BURSA	TR	40.07806	29.51333
9340	İZNİK	BURSA	TR	40.42861	29.72111
9298	BOZÜYÜK	BİLECİK	TR	39.90778	30.03667
9297	BİLECİK	BİLECİK	TR	40.14192	29.97932
9299	GÖLPAZARI	BİLECİK	TR	40.28472	30.31722
17895	OSMANELİ	BİLECİK	TR	40.35722	30.01417
17896	PAZARYERİ	BİLECİK	TR	39.99395	29.90424
9301	SÖĞÜT	BİLECİK	TR	40.01430	30.18486
9302	YENİPAZAR	BİLECİK	TR	37.82332	28.19573
9300	İNHİSAR	BİLECİK	TR	40.04932	30.38521
17889	ADAKLI	BİNGÖL	TR	39.22620	40.48283
9303	BİNGÖL	BİNGÖL	TR	38.88472	40.49389
9304	KARLIOVA	BİNGÖL	TR	39.29044	41.00594
9305	KİGI	BİNGÖL	TR	39.31361	40.35028
9306	SOLHAN	BİNGÖL	TR	38.96525	41.05443
9307	YAYLADERE	BİNGÖL	TR	39.22614	40.06950
9308	YEDİSU	BİNGÖL	TR	39.43277	40.53368
9309	ADİLCEVAZ	BİTLİS	TR	38.79911	42.73159
9310	AHLAT	BİTLİS	TR	38.74890	42.48007
9311	BİTLİS	BİTLİS	TR	38.40115	42.10784
17887	GÜROYMAK	BİTLİS	TR	38.57580	42.01558
9312	HİZAN	BİTLİS	TR	38.22498	42.41830
9313	MUTKİ	BİTLİS	TR	38.40624	41.92018
9314	TATVAN	BİTLİS	TR	38.49221	42.28269
19020	ACIPAYAM	DENİZLİ	TR	37.42385	29.34941
17898	AKKÖY	DENİZLİ	TR	37.95694	29.07813
9382	BABADAĞ	DENİZLİ	TR	37.80764	28.85665
9383	BAKLAN	DENİZLİ	TR	37.97694	29.60861
9384	BEKİLLİ	DENİZLİ	TR	38.23105	29.41970
9385	BEYAĞAÇ	DENİZLİ	TR	37.23526	28.89612
9386	BOZKURT	DENİZLİ	TR	41.95769	34.01087
9387	BULDAN	DENİZLİ	TR	38.04500	28.83056
9392	DENİZLİ	DENİZLİ	TR	37.77417	29.08750
9381	GÜNEY	DENİZLİ	TR	37.49685	29.55496
9393	HONAZ	DENİZLİ	TR	37.75730	29.26996
17899	KALE	DENİZLİ	TR	37.43917	28.84528
9395	SARAYKÖY	DENİZLİ	TR	37.92448	28.92516
9396	SERİNHİSAR	DENİZLİ	TR	37.58105	29.26639
17900	TAVAS	DENİZLİ	TR	37.57351	29.07058
9388	ÇAL	DENİZLİ	TR	38.08361	29.39889
9389	ÇAMELİ	DENİZLİ	TR	37.07611	29.34472
9390	ÇARDAK	DENİZLİ	TR	38.09171	36.82356
9391	ÇİVRİL	DENİZLİ	TR	38.30139	29.73861
9411	AKÇAKOCA	DÜZCE	TR	41.08935	31.12362
9413	CUMAYERİ	DÜZCE	TR	40.87389	30.95091
9414	DÜZCE	DÜZCE	TR	40.83889	31.16389
9415	GÖLYAKA	DÜZCE	TR	40.77690	30.99587
9416	GÜMÜŞOVA	DÜZCE	TR	40.84694	30.94111
9417	KAYNAŞLI	DÜZCE	TR	40.76917	31.32211
9418	YIĞILCA	DÜZCE	TR	40.95983	31.44355
9412	ÇİLİMLİ	DÜZCE	TR	40.89361	31.04917
9397	BİSMİL	DİYARBAKIR	TR	37.84514	40.65931
9401	DİCLE	DİYARBAKIR	TR	38.36571	40.06450
9402	DİYARBAKIR	DİYARBAKIR	TR	37.91363	40.21721
9404	ERGANİ	DİYARBAKIR	TR	38.26899	39.75446
9403	EĞİL	DİYARBAKIR	TR	38.25748	40.07435
9405	HANİ	DİYARBAKIR	TR	38.40741	40.38578
9406	HAZRO	DİYARBAKIR	TR	38.24903	40.77129
9407	KOCAKÖY	DİYARBAKIR	TR	38.28889	40.49786
9408	KULP	DİYARBAKIR	TR	38.49754	41.00668
9409	LİCE	DİYARBAKIR	TR	38.45821	40.63888
9410	SİLVAN	DİYARBAKIR	TR	38.13708	41.00817
9398	ÇERMİK	DİYARBAKIR	TR	38.13538	39.44500
9399	ÇINAR	DİYARBAKIR	TR	37.72226	40.40696
9400	ÇÜNGÜŞ	DİYARBAKIR	TR	38.20798	39.28554
9419	EDİRNE	EDİRNE	TR	41.67719	26.55597
9420	ENEZ	EDİRNE	TR	40.72472	26.08250
9421	HAVSA	EDİRNE	TR	41.54898	26.82207
9423	KEŞAN	EDİRNE	TR	40.85525	26.63266
9424	LALAPAŞA	EDİRNE	TR	41.83951	26.73561
9425	MERİÇ	EDİRNE	TR	41.19183	26.42097
9426	SÜLOĞLU	EDİRNE	TR	41.76901	26.90999
9427	UZUNKÖPRÜ	EDİRNE	TR	41.26914	26.68598
9422	İPSALA	EDİRNE	TR	40.92115	26.38273
9429	ALACAKAYA	ELAZIĞ	TR	38.46201	39.86234
9430	ARICAK	ELAZIĞ	TR	38.56340	40.12480
9428	AĞIN	ELAZIĞ	TR	38.94383	38.71499
9431	BASKİL	ELAZIĞ	TR	38.56866	38.81634
9432	ELAZIĞ	ELAZIĞ	TR	38.67431	39.22321
9433	KARAKOÇAN	ELAZIĞ	TR	38.95178	40.02706
9434	KEBAN	ELAZIĞ	TR	38.79380	38.73517
9435	KOVANCILAR	ELAZIĞ	TR	38.71882	39.86268
9436	MADEN	ELAZIĞ	TR	38.38669	39.66408
9437	PALU	ELAZIĞ	TR	38.69135	39.91984
9438	SİVRİCE	ELAZIĞ	TR	38.44223	39.30938
9449	AZİZİYE	ERZURUM	TR	37.42389	30.25639
9448	AŞKALE	ERZURUM	TR	39.92083	40.69500
9451	ERZURUM	ERZURUM	TR	39.90861	41.27694
9452	HINIS	ERZURUM	TR	39.35766	41.69253
9453	HORASAN	ERZURUM	TR	40.03885	42.16366
9456	KARAYAZI	ERZURUM	TR	39.69604	42.14277
9455	KARAÇOBAN	ERZURUM	TR	39.34364	42.09918
9457	KÖPRÜKÖY	ERZURUM	TR	39.96600	41.86844
9458	NARMAN	ERZURUM	TR	40.34449	41.86088
9459	OLTU	ERZURUM	TR	40.53945	41.98722
9460	OLUR	ERZURUM	TR	40.82165	42.13055
9461	PASİNLER	ERZURUM	TR	39.97975	41.66997
9462	PAZARYOLU	ERZURUM	TR	40.41142	40.76780
9464	TEKMAN	ERZURUM	TR	39.64111	41.50542
9465	TORTUM	ERZURUM	TR	40.28892	41.54096
9466	UZUNDERE	ERZURUM	TR	40.53218	41.53832
9450	ÇAT	ERZURUM	TR	39.60641	40.96844
9454	İSPİR	ERZURUM	TR	40.47981	40.99373
9463	ŞENKAYA	ERZURUM	TR	40.55652	42.34266
9440	ERZİNCAN	ERZİNCAN	TR	39.73919	39.49015
9442	KEMAH	ERZİNCAN	TR	39.59606	39.02329
9443	KEMALİYE	ERZİNCAN	TR	39.26288	38.49674
9444	OTLUKBELİ	ERZİNCAN	TR	39.97000	40.01872
9445	REFAHİYE	ERZİNCAN	TR	39.89315	38.76607
9446	TERCAN	ERZİNCAN	TR	39.77709	40.37783
9439	ÇAYIRLI	ERZİNCAN	TR	39.80775	40.02800
9447	ÜZÜMLÜ	ERZİNCAN	TR	37.82730	27.57013
9441	İLİÇ	ERZİNCAN	TR	39.45654	38.56474
9467	ALPU	ESKİŞEHİR	TR	39.76903	30.96060
9468	BEYLİKOVA	ESKİŞEHİR	TR	39.68694	31.20556
9470	ESKİŞEHİR	ESKİŞEHİR	TR	39.77667	30.52056
9471	GÜNYÜZÜ	ESKİŞEHİR	TR	39.38345	31.80995
9472	HAN	ESKİŞEHİR	TR	39.15917	30.86139
9474	MAHMUDİYE	ESKİŞEHİR	TR	39.49778	30.98722
9475	MİHALIÇÇIK	ESKİŞEHİR	TR	39.86594	31.49572
17919	SARICAKAYA	ESKİŞEHİR	TR	40.03686	30.62675
9476	SEYİTGAZİ	ESKİŞEHİR	TR	39.44472	30.69472
9477	SİVRİHİSAR	ESKİŞEHİR	TR	39.45037	31.53409
9469	ÇİFTELER	ESKİŞEHİR	TR	39.38306	31.03917
9473	İNÖNÜ	ESKİŞEHİR	TR	38.53283	27.05639
9478	ARABAN	GAZİANTEP	TR	37.42667	37.68900
9479	GAZİANTEP	GAZİANTEP	TR	37.05944	37.38250
9481	KARKAMIŞ	GAZİANTEP	TR	36.83452	37.99830
9483	NURDAĞI	GAZİANTEP	TR	37.16821	36.73623
9482	NİZİP	GAZİANTEP	TR	37.00972	37.79417
9484	OĞUZELİ	GAZİANTEP	TR	36.96572	37.51339
9485	YAVUZELİ	GAZİANTEP	TR	37.31772	37.56824
9480	İSLAHİYE	GAZİANTEP	TR	40.84195	31.04122
9501	GÜMÜŞHANE	GÜMÜŞHANE	TR	40.46001	39.47176
16746	KELKİT	GÜMÜŞHANE	TR	40.12682	39.43424
9502	KÖSE	GÜMÜŞHANE	TR	40.20692	39.64626
9503	KÜRTÜN	GÜMÜŞHANE	TR	40.69516	39.09468
9505	TORUL	GÜMÜŞHANE	TR	40.55071	39.28344
9504	ŞİRAN	GÜMÜŞHANE	TR	40.19064	39.11747
9486	ALUCRA	GİRESUN	TR	40.32021	38.76410
9487	BULANCAK	GİRESUN	TR	40.93805	38.23148
9490	DERELİ	GİRESUN	TR	40.73890	38.44337
9491	DOĞANKENT	GİRESUN	TR	36.84432	35.34396
9492	ESPİYE	GİRESUN	TR	40.94705	38.70299
9493	EYNESİL	GİRESUN	TR	41.06436	39.14274
9495	GÖRELE	GİRESUN	TR	41.03083	39.00306
9496	GÜCE	GİRESUN	TR	40.89320	38.79820
9494	GİRESUN	GİRESUN	TR	40.91698	38.38741
9497	KEŞAP	GİRESUN	TR	40.91032	38.50130
9498	PİRAZİZ	GİRESUN	TR	40.92244	38.12458
9499	TİREBOLU	GİRESUN	TR	41.00694	38.81389
9500	YAĞLIDERE	GİRESUN	TR	40.54432	39.52762
9488	ÇAMOLUK	GİRESUN	TR	40.12732	38.73006
9489	ÇANAKÇI	GİRESUN	TR	40.91139	38.98813
20067	DERECİK	HAKKARİ	TR	40.94590	39.59401
9507	HAKKARİ	HAKKARİ	TR	37.57444	43.74083
9509	YÜKSEKOVA	HAKKARİ	TR	37.57362	44.28716
9506	ÇUKURCA	HAKKARİ	TR	37.24806	43.61361
9508	ŞEMDİNLİ	HAKKARİ	TR	37.30514	44.57420
9510	ALTINÖZÜ	HATAY	TR	36.11554	36.24827
9511	BELEN	HATAY	TR	36.48866	36.19489
9512	DÖRTYOL	HATAY	TR	36.83917	36.23025
9513	ERZİN	HATAY	TR	36.95348	36.19839
9514	HASSA	HATAY	TR	36.79944	36.51778
9515	HATAY	HATAY	TR	36.20655	36.15722
9517	KIRIKHAN	HATAY	TR	36.49939	36.35755
9518	KUMLU	HATAY	TR	37.17216	40.73568
17810	PAYAS	HATAY	TR	36.75600	36.21432
9519	REYHANLI	HATAY	TR	36.26791	36.56747
9520	SAMANDAĞ	HATAY	TR	36.08012	35.97603
9516	İSKENDERUN	HATAY	TR	36.58718	36.17347
9525	AKSU (I)	ISPARTA	TR	40.08964	38.03467
17891	ATABEY	ISPARTA	TR	37.95083	30.63861
9526	EĞİRDİR	ISPARTA	TR	37.87462	30.85042
9527	GELENDOST	ISPARTA	TR	38.12083	31.01528
17892	GÖNEN	ISPARTA	TR	40.10490	27.65399
9528	ISPARTA	ISPARTA	TR	37.76444	30.55222
9529	KEÇİBORLU	ISPARTA	TR	37.94250	30.30222
17816	SENİRKENT	ISPARTA	TR	38.10444	30.54861
9531	SÜTCÜLER	ISPARTA	TR	37.49737	30.97727
9532	ULUBORLU	ISPARTA	TR	38.07825	30.45019
9533	YALVAÇ	ISPARTA	TR	38.29556	31.17778
9534	YENİSAR BADEMLİ	ISPARTA	TR	37.70778	31.38639
9530	ŞARKİ KARAAĞAÇ	ISPARTA	TR	38.07944	31.36639
9521	ARALIK	IĞDIR	TR	39.87278	44.51917
9522	IĞDIR	IĞDIR	TR	39.92371	44.04500
9523	KARAKOYUNLU	IĞDIR	TR	39.87036	43.63014
9524	TUZLUCA	IĞDIR	TR	40.03871	43.65208
9571	AFŞİN	KAHRAMANMARAŞ	TR	38.24769	36.91399
9572	ANDIRIN	KAHRAMANMARAŞ	TR	37.57757	36.35492
9574	EKİNÖZÜ	KAHRAMANMARAŞ	TR	38.05974	37.18786
9575	ELBİSTAN	KAHRAMANMARAŞ	TR	38.20591	37.19830
9576	GÖKSUN	KAHRAMANMARAŞ	TR	38.02096	36.49730
9577	KAHRAMANMARAŞ	KAHRAMANMARAŞ	TR	37.58470	36.92641
9578	NURHAK	KAHRAMANMARAŞ	TR	37.96366	37.44047
9579	PAZARCIK	KAHRAMANMARAŞ	TR	37.48685	37.29961
17908	TÜRKOĞLU	KAHRAMANMARAŞ	TR	37.38649	36.84262
9573	ÇAĞLAYANCERİT	KAHRAMANMARAŞ	TR	37.74523	37.28618
9580	EFLANİ	KARABÜK	TR	41.42289	32.95761
17890	ESKİPAZAR	KARABÜK	TR	40.94298	32.53091
9581	KARABÜK	KARABÜK	TR	41.20488	32.62768
9582	OVACIK (K)	KARABÜK	TR	39.35259	39.20890
9583	YENİCE (K)	KARABÜK	TR	39.76089	28.90729
9584	AYRANCI	KARAMAN	TR	37.36127	33.68830
9585	BAŞYAYLA	KARAMAN	TR	36.75337	32.68018
9586	ERMENEK	KARAMAN	TR	36.64043	32.89179
9587	KARAMAN	KARAMAN	TR	37.18111	33.21500
9588	KAZIMKARABEKİR	KARAMAN	TR	37.23028	32.95889
9589	SARIVELİLER	KARAMAN	TR	36.69759	32.61673
9590	AKYAKA	KARS	TR	40.74093	43.61432
9591	ARPAÇAY	KARS	TR	40.84522	43.32747
9592	DİGOR	KARS	TR	40.36896	43.40997
9594	KARS	KARS	TR	40.59825	43.08548
9593	KAĞIZMAN	KARS	TR	40.15669	43.13424
9595	SARIKAMIŞ	KARS	TR	40.32769	42.58705
9596	SELİM	KARS	TR	40.45772	42.78287
17880	SUSUZ	KARS	TR	40.77910	43.12769
9597	ABANA	KASTAMONU	TR	41.97858	34.01100
9599	ARAÇ	KASTAMONU	TR	41.24222	33.32767
9600	AZDAVAY	KASTAMONU	TR	41.64267	33.30000
9598	AĞLI	KASTAMONU	TR	41.68602	33.55383
9601	BOZKURT (K)	KASTAMONU	TR	41.95769	34.01087
9603	CİDE	KASTAMONU	TR	41.89211	33.00439
9604	DADAY	KASTAMONU	TR	41.47866	33.46667
17885	DEVREKANİ	KASTAMONU	TR	41.60303	33.83922
9605	DOĞANYURT	KASTAMONU	TR	42.00457	33.46029
9606	HANÖNÜ	KASTAMONU	TR	41.62705	34.46667
9609	KASTAMONU	KASTAMONU	TR	41.37805	33.77528
9610	KÜRE	KASTAMONU	TR	41.80578	33.71161
9611	PINARBAŞI (K)	KASTAMONU	TR	38.72285	36.39314
17886	SEYDİLER	KASTAMONU	TR	41.62005	33.71815
9613	TAŞKÖPRÜ	KASTAMONU	TR	41.50980	34.21414
9614	TOSYA	KASTAMONU	TR	41.01545	34.04013
9602	ÇATALZEYTİN	KASTAMONU	TR	41.95314	34.21627
9607	İHSANGAZİ	KASTAMONU	TR	41.20432	33.55455
9608	İNEBOLU	KASTAMONU	TR	41.97893	33.76012
9612	ŞENPAZAR	KASTAMONU	TR	41.80890	33.23135
9615	AKKIŞLA	KAYSERİ	TR	39.00222	36.17381
9616	BÜNYAN	KAYSERİ	TR	38.84630	35.86033
9617	DEVELİ	KAYSERİ	TR	38.39056	35.49222
9618	FELAHİYE	KAYSERİ	TR	39.09056	35.56722
9620	KAYSERİ	KAYSERİ	TR	38.73222	35.48528
9622	PINARBAŞI	KAYSERİ	TR	38.72285	36.39314
9623	SARIOĞLAN	KAYSERİ	TR	39.07694	35.96671
9624	SARIZ	KAYSERİ	TR	38.47917	36.49898
9625	TOMARZA	KAYSERİ	TR	38.44722	35.79917
9626	YAHYALI	KAYSERİ	TR	38.10228	35.35704
9627	YEŞİLHİSAR	KAYSERİ	TR	38.35232	35.08873
9621	ÖZVATAN	KAYSERİ	TR	39.10690	35.69994
9619	İNCESU	KAYSERİ	TR	38.16468	33.80384
9631	BALISEYH	KIRIKKALE	TR	39.91411	33.72333
9632	CELEBI	KIRIKKALE	TR	39.46418	33.52410
9633	DELICE	KIRIKKALE	TR	39.95371	34.02587
9634	KARAKECILI	KIRIKKALE	TR	39.59417	33.37778
17897	KESKİN	KIRIKKALE	TR	39.67306	33.61361
9635	KIRIKKALE	KIRIKKALE	TR	39.84528	33.50639
9636	SULAKYURT	KIRIKKALE	TR	40.15733	33.71600
17903	BABAESKİ	KIRKLARELİ	TR	41.42809	27.09660
9638	KIRKLARELİ	KIRKLARELİ	TR	41.73508	27.22521
9639	LULEBURGAZ	KIRKLARELİ	TR	41.40173	27.35746
9640	PEHLIVANKOY	KIRKLARELİ	TR	41.34812	26.92522
9641	PINARHISAR	KIRKLARELİ	TR	41.62710	27.51481
9642	VIZE	KIRKLARELİ	TR	41.57629	27.76732
9643	AKPINAR	KIRŞEHİR	TR	41.28058	28.80729
20039	AKÇAKENT	KIRŞEHİR	TR	38.08397	34.08992
9644	CICEKDAGI	KIRŞEHİR	TR	39.60694	34.40861
9645	KAMAN	KIRŞEHİR	TR	39.35750	33.72389
9646	KIRŞEHİR	KIRŞEHİR	TR	39.14583	34.16389
9647	MUCUR	KIRŞEHİR	TR	39.06147	34.38286
9649	DARICA	KOCAELİ	TR	40.77973	29.39454
9651	GEBZE	KOCAELİ	TR	40.80276	29.43068
9652	KANDIRA	KOCAELİ	TR	41.07000	30.15262
9653	KARAMÜRSEL	KOCAELİ	TR	40.69129	29.61649
17902	KARTEPE	KOCAELİ	TR	40.75220	30.02349
9654	KOCAELİ	KOCAELİ	TR	39.62497	27.51145
9655	KÖRFEZ	KOCAELİ	TR	40.76704	29.78275
9648	ÇAYIROVA	KOCAELİ	TR	40.83444	29.40000
9656	AHIRLI	KONYA	TR	37.23874	32.11881
9657	AKÖREN	KONYA	TR	41.19682	28.33375
9658	AKŞEHİR	KONYA	TR	38.35750	31.41639
9659	ALTINEKİN	KONYA	TR	38.30778	32.86861
9660	BEYŞEHİR	KONYA	TR	37.67735	31.72458
9661	BOZKIR	KONYA	TR	37.18963	32.24736
9663	CİHANBEYLİ	KONYA	TR	38.66072	32.92437
9665	DERBENT	KONYA	TR	38.01422	32.01639
9666	DEREBUCAK	KONYA	TR	37.39179	31.50918
9667	DOĞANHİSAR	KONYA	TR	38.14630	31.67648
9668	EMİRGAZİ	KONYA	TR	37.90222	33.83722
9669	EREĞLİ	KONYA	TR	37.51333	34.04672
9670	GÜNEYSINIR	KONYA	TR	37.26944	32.72898
16704	HADİM	KONYA	TR	36.98776	32.45674
9671	HALKAPINAR	KONYA	TR	37.43394	34.18743
9672	HÜYÜK	KONYA	TR	37.95388	31.59639
9673	ILGIN	KONYA	TR	38.27917	31.91389
9674	KADINHANI	KONYA	TR	38.23972	32.21139
9675	KARAPINAR	KONYA	TR	37.71596	33.55064
17872	KARATAY	KONYA	TR	37.86726	32.52863
9676	KONYA	KONYA	TR	37.87135	32.48464
9677	KULU	KONYA	TR	39.09513	33.07989
17870	MERAM	KONYA	TR	37.82985	32.46777
17874	SARAYÖNÜ	KONYA	TR	38.26201	32.40457
17871	SELÇUKLU	KONYA	TR	37.88420	32.49222
9678	SEYDİŞEHİR	KONYA	TR	37.41926	31.84527
17873	TAŞKENT	KONYA	TR	36.92430	32.49131
9679	TUZLUKÇU	KONYA	TR	38.47778	31.62639
9680	YALIHÜYÜK	KONYA	TR	37.30077	32.08548
9681	YUNAK	KONYA	TR	38.81418	31.73223
9662	ÇELTİK	KONYA	TR	39.02444	31.79056
9664	ÇUMRA	KONYA	TR	37.57320	32.77446
9682	ALTINTAŞ	KÜTAHYA	TR	37.61931	28.30916
9683	ASLANAPA	KÜTAHYA	TR	39.21581	29.86990
9685	DOMANİÇ	KÜTAHYA	TR	39.80194	29.60918
17906	DUMLUPINAR	KÜTAHYA	TR	40.12295	32.94348
9686	EMET	KÜTAHYA	TR	39.34300	29.25847
9687	GEDİZ	KÜTAHYA	TR	38.99389	29.39131
9688	HİSARCIK	KÜTAHYA	TR	40.46417	29.92139
9689	KÜTAHYA	KÜTAHYA	TR	39.42417	29.98333
9690	PAZARLAR	KÜTAHYA	TR	38.99500	29.12583
9692	SİMAV	KÜTAHYA	TR	39.08820	28.97767
9693	TAVŞANLI	KÜTAHYA	TR	39.54237	29.49866
9684	ÇAVDARHİSAR	KÜTAHYA	TR	39.19344	29.61915
9691	ŞAPHANE	KÜTAHYA	TR	39.02730	29.22218
9628	ELBEYLİ	KİLİS	TR	40.48611	29.72472
9629	KİLİS	KİLİS	TR	36.71611	37.11500
9630	MUSABEYLİ	KİLİS	TR	36.88639	36.91861
17907	POLATELİ	KİLİS	TR	36.84137	37.14407
9694	AKÇADAĞ	MALATYA	TR	38.33899	37.97021
9695	ARAPGİR	MALATYA	TR	39.04117	38.49516
9696	ARGUVAN	MALATYA	TR	38.77375	38.26328
9697	DARENDE	MALATYA	TR	38.54583	37.50583
9699	DOĞANYOL	MALATYA	TR	38.30746	39.03431
9698	DOĞANŞEHİR	MALATYA	TR	38.08574	37.87116
9700	HEKİMHAN	MALATYA	TR	38.81622	37.92882
9701	KALE (M)	MALATYA	TR	37.43917	28.84528
9702	KULUNCAK	MALATYA	TR	38.87656	37.66279
9703	MALATYA	MALATYA	TR	38.35018	38.31667
9704	PÜTÜRGE	MALATYA	TR	38.19923	38.86296
9705	YAZIHAN	MALATYA	TR	38.59292	38.17327
9706	YEŞİLYURT	MALATYA	TR	38.29602	38.24526
9707	AHMETLİ	MANİSA	TR	38.51960	27.93865
9708	AKHİSAR	MANİSA	TR	38.91852	27.84006
9709	ALAŞEHİR	MANİSA	TR	38.35083	28.51718
9710	DEMİRCİ	MANİSA	TR	39.04607	28.65889
9711	GÖLMARMARA	MANİSA	TR	38.71389	27.91417
9712	GÖRDES	MANİSA	TR	38.93278	28.28942
9713	KIRKAĞAÇ	MANİSA	TR	39.10638	27.66925
9715	KULA	MANİSA	TR	38.54726	28.64976
9714	KÖPRÜBAŞI	MANİSA	TR	40.80692	40.11439
9716	MANİSA	MANİSA	TR	38.61202	27.42647
9717	SALİHLİ	MANİSA	TR	38.48258	28.14774
9718	SARIGÖL	MANİSA	TR	38.23953	28.69663
9719	SARUHANLI	MANİSA	TR	38.73455	27.56811
9720	SELENDİ	MANİSA	TR	38.74444	28.86778
9721	SOMA	MANİSA	TR	39.18554	27.60945
9722	TURGUTLU	MANİSA	TR	38.49533	27.69970
9723	DARGECİT	MARDİN	TR	37.54616	41.71652
9724	DERİK	MARDİN	TR	37.36336	40.26473
9725	KIZILTEPE	MARDİN	TR	37.18836	40.57723
9726	MARDİN	MARDİN	TR	37.31309	40.74357
9727	MAZIDAĞI	MARDİN	TR	37.47801	40.48152
9728	MİDYAT	MARDİN	TR	37.41908	41.33909
9729	NUSAYBİN	MARDİN	TR	37.07028	41.21465
17901	SAVUR	MARDİN	TR	37.53544	40.87876
9730	ÖMERLİ	MARDİN	TR	37.39903	40.95442
9731	ANAMUR	MERSİN	TR	36.07508	32.83691
9732	AYDINCIK	MERSİN	TR	36.14370	33.32016
9733	BOZYAZI	MERSİN	TR	36.10820	32.96113
9735	ERDEMLİ	MERSİN	TR	36.60498	34.30836
9736	GÜLNAR	MERSİN	TR	36.34148	33.39921
9737	MERSİN	MERSİN	TR	36.81196	34.63886
9738	MUT	MERSİN	TR	36.64389	33.43885
9739	SİLİFKE	MERSİN	TR	36.37778	33.93444
9740	TARSUS	MERSİN	TR	36.91766	34.89277
9734	ÇAMLIYAYLA	MERSİN	TR	37.16652	34.59296
9741	BODRUM	MUĞLA	TR	37.03833	27.42917
9742	DALAMAN	MUĞLA	TR	36.76591	28.80280
9743	DATÇA	MUĞLA	TR	36.73778	27.68417
9744	FETHİYE	MUĞLA	TR	36.64038	29.12758
9745	KÖYCEĞİZ	MUĞLA	TR	37.17905	41.87799
17883	MARMARİS	MUĞLA	TR	36.85500	28.27417
9747	MUĞLA	MUĞLA	TR	37.21807	28.36650
9746	MİLAS	MUĞLA	TR	37.31639	27.78389
9748	ORTACA	MUĞLA	TR	36.83915	28.76457
9749	ULA	MUĞLA	TR	37.10491	28.41667
9750	YATAĞAN	MUĞLA	TR	37.34025	28.14279
9751	BULANIK	MUŞ	TR	39.08656	42.27158
9752	HASKÖY	MUŞ	TR	37.95833	28.29749
9753	KORKUT	MUŞ	TR	38.73390	41.78396
9754	MALAZGİRT	MUŞ	TR	39.14650	42.53536
9755	MUŞ	MUŞ	TR	38.73163	41.48482
9756	VARTO	MUŞ	TR	39.17375	41.45402
9757	ACIGÖL	NEVŞEHİR	TR	38.55028	34.50917
17878	AVANOS	NEVŞEHİR	TR	38.71500	34.84667
9758	HACIBEKTAŞ	NEVŞEHİR	TR	38.94077	34.55770
9759	KOZAKLI	NEVŞEHİR	TR	39.22139	34.85056
9760	NEVŞEHİR	NEVŞEHİR	TR	38.62500	34.71222
9761	ÜRGÜP	NEVŞEHİR	TR	38.62960	34.91199
9762	ALTUNHİSAR	NİĞDE	TR	37.99159	34.37334
9763	BOR	NİĞDE	TR	37.89056	34.55889
9766	NİĞDE	NİĞDE	TR	37.96583	34.67935
9767	ULUKIŞLA	NİĞDE	TR	37.54776	34.48528
9764	ÇAMARDI	NİĞDE	TR	37.83222	34.98139
9765	ÇİFTLİK	NİĞDE	TR	39.78276	40.63484
9768	AKKUŞ	ORDU	TR	40.79306	37.01639
9769	AYBASTI	ORDU	TR	40.68667	37.39917
9773	FATSA	ORDU	TR	41.02886	37.49977
9774	GÖLKÖY	ORDU	TR	40.69911	31.51009
9775	GÜLYALI	ORDU	TR	40.96153	38.04937
9776	GÜRGENTEPE	ORDU	TR	40.78995	37.60073
9778	KABATAŞ	ORDU	TR	40.75000	37.45000
9779	KORGAN	ORDU	TR	40.82472	37.34667
9780	KUMRU	ORDU	TR	40.87444	37.26389
9781	MESUDİYE	ORDU	TR	40.45446	37.77353
9782	ORDU	ORDU	TR	40.97782	37.89047
9770	ÇAMAŞ	ORDU	TR	40.90200	37.52786
9771	ÇATALPINAR	ORDU	TR	36.82547	35.57326
9772	ÇAYBAŞI	ORDU	TR	41.01711	37.09796
9783	ÜNYE	ORDU	TR	41.14049	37.28851
9777	İKİZCE	ORDU	TR	41.05833	37.08028
9784	BAHÇE	OSMANİYE	TR	37.19724	36.57658
9785	DÜZİÇİ	OSMANİYE	TR	37.24216	36.45484
9786	HASANBEYLİ	OSMANİYE	TR	37.12838	36.54608
9787	KADİRLİ	OSMANİYE	TR	37.37389	36.09611
9788	OSMANİYE	OSMANİYE	TR	37.07417	36.24778
9789	SUMBAS	OSMANİYE	TR	37.45130	36.02349
9790	TOPRAKKALE	OSMANİYE	TR	37.06855	36.14661
9791	ARDEŞEN	RİZE	TR	41.19064	40.97935
9794	FINDIKLI	RİZE	TR	41.26900	41.14002
9795	HEMŞİN	RİZE	TR	41.04777	40.89840
9798	PAZAR	RİZE	TR	40.27652	36.28347
9799	RİZE	RİZE	TR	41.02083	40.52194
9792	ÇAMLIHEMŞİN	RİZE	TR	41.04765	40.99996
9793	ÇAYELİ	RİZE	TR	41.08609	40.72213
9796	İKİZDERE	RİZE	TR	40.77484	40.55227
9797	İYİDERE	RİZE	TR	41.01192	40.36185
9800	AKYAZI	SAKARYA	TR	40.68500	30.62222
9801	GEYVE	SAKARYA	TR	40.50750	30.29250
9802	HENDEK	SAKARYA	TR	40.79944	30.74806
9803	KARASU	SAKARYA	TR	41.10442	30.69664
9804	KAYNARCA	SAKARYA	TR	41.03083	30.30750
9805	KOCAALİ	SAKARYA	TR	41.05336	30.85278
9806	PAMUKOVA	SAKARYA	TR	40.50810	30.16732
9807	SAKARYA	SAKARYA	TR	40.78056	30.40333
9808	TARAKLI	SAKARYA	TR	40.39694	30.49278
9810	ALAÇAM	SAMSUN	TR	41.60556	35.59806
9811	ASARCIK	SAMSUN	TR	41.03556	36.23556
9812	AYVACIK (S)	SAMSUN	TR	39.60111	26.40472
9813	BAFRA	SAMSUN	TR	41.56787	35.90311
9815	HAVZA	SAMSUN	TR	40.97056	35.66222
9816	KAVAK	SAMSUN	TR	41.07833	36.04250
9817	LADİK	SAMSUN	TR	40.91056	35.89194
9818	SALIPAZARI	SAMSUN	TR	41.08398	36.83040
9819	SAMSUN	SAMSUN	TR	41.27976	36.33610
9820	TEKKEKÖY	SAMSUN	TR	41.21167	36.46000
9821	TERME	SAMSUN	TR	41.20917	36.97389
9822	VEZİRKÖPRÜ	SAMSUN	TR	41.14361	35.45472
9823	YAKAKENT	SAMSUN	TR	38.50786	27.07340
9814	ÇARŞAMBA	SAMSUN	TR	41.19889	36.72194
9840	AYANCIK	SİNOP	TR	41.94472	34.58611
9841	BOYABAT	SİNOP	TR	41.46889	34.76667
9843	DURAĞAN	SİNOP	TR	41.41583	35.05444
9842	DİKMEN	SİNOP	TR	36.90874	31.00318
9844	ERFELEK	SİNOP	TR	41.87926	34.91838
9845	GERZE	SİNOP	TR	41.80361	35.20111
9846	SARAYDÜZÜ	SİNOP	TR	41.32865	34.84686
9847	SİNOP	SİNOP	TR	42.02683	35.16253
9848	TÜRKELİ	SİNOP	TR	41.94764	34.33861
9856	AKINCILAR	SİVAS	TR	40.07172	38.34330
9857	ALTINYAYLA(S)	SİVAS	TR	39.27249	36.75098
9859	DOĞANŞAR	SİVAS	TR	40.20841	37.53123
9858	DİVRİĞİ	SİVAS	TR	39.37100	38.11370
9860	GEMEREK	SİVAS	TR	39.18342	36.07189
9861	GÖLOVA	SİVAS	TR	40.06194	38.60667
9862	GÜRÜN	SİVAS	TR	38.72225	37.27097
9863	HAFİK	SİVAS	TR	39.85639	37.38639
9865	KANGAL	SİVAS	TR	39.23354	37.39111
9866	KOYULHİSAR	SİVAS	TR	40.30184	37.82336
9869	SUŞEHRİ	SİVAS	TR	40.16005	38.08413
9868	SİVAS	SİVAS	TR	39.74833	37.01611
17920	ULAŞ	SİVAS	TR	39.44492	37.03900
9870	YILDIZELİ	SİVAS	TR	39.86639	36.59889
9871	ZARA	SİVAS	TR	39.89778	37.75833
9864	İMRANLI	SİVAS	TR	39.87544	38.11358
9867	ŞARKIŞLA	SİVAS	TR	39.35186	36.40976
9835	BAYKAN	SİİRT	TR	38.15754	41.77330
9836	ERUH	SİİRT	TR	37.74183	42.17422
9837	KURTALAN	SİİRT	TR	37.92533	41.68493
9838	PERVARİ	SİİRT	TR	37.93573	42.54927
9839	SİİRT	SİİRT	TR	37.92930	41.94134
17888	ŞIRVAN	SİİRT	TR	38.06251	42.02517
9874	HAYRABOLU	TEKİRDAĞ	TR	41.21311	27.10688
17905	KAPAKLI	TEKİRDAĞ	TR	36.22985	29.89482
9876	MALKARA	TEKİRDAĞ	TR	40.89105	26.90201
9877	SARAY	TEKİRDAĞ	TR	38.64691	44.16116
9879	TEKİRDAĞ	TEKİRDAĞ	TR	40.97810	27.51101
9872	ÇERKEZKÖY	TEKİRDAĞ	TR	41.28629	27.99939
9873	ÇORLU	TEKİRDAĞ	TR	41.16069	27.80093
9878	ŞARKÖY	TEKİRDAĞ	TR	39.48174	26.97883
9880	ALMUS	TOKAT	TR	40.37583	36.90444
9881	ARTOVA	TOKAT	TR	40.11578	36.30010
9882	BAŞÇİFTLİK	TOKAT	TR	40.54694	37.16917
17910	ERBAA	TOKAT	TR	40.66889	36.56750
9883	NİKSAR	TOKAT	TR	40.59167	36.95167
9884	PAZAR (T)	TOKAT	TR	40.27652	36.28347
9885	REŞADİYE	TOKAT	TR	38.42231	30.16778
9886	SULUSARAY	TOKAT	TR	39.99389	36.08404
9887	TOKAT	TOKAT	TR	40.31389	36.55444
9888	TURHAL	TOKAT	TR	40.38750	36.08111
9889	YEŞİLYURT	TOKAT	TR	38.29602	38.24526
9890	ZİLE	TOKAT	TR	40.30306	35.88639
9891	AKÇAABAT	TRABZON	TR	41.02121	39.57146
9892	ARAKLI	TRABZON	TR	40.93854	40.05842
9893	ARSİN	TRABZON	TR	40.95271	39.92674
9894	BEŞİKDÜZÜ	TRABZON	TR	41.05202	39.23294
9897	DERNEKPAZARI	TRABZON	TR	40.79658	40.24460
9898	DÜZKÖY	TRABZON	TR	40.87461	39.41536
9899	HAYRAT	TRABZON	TR	40.88530	40.36495
9900	KÖPRÜBAŞI (T)	TRABZON	TR	40.80692	40.11439
9901	OF	TRABZON	TR	40.94055	40.25918
9903	SÜRMENE	TRABZON	TR	40.90588	40.12792
9904	TONYA	TRABZON	TR	40.88402	39.28486
9905	TRABZON	TRABZON	TR	41.00500	39.72694
9906	VAKFIKEBİR	TRABZON	TR	41.04583	39.27639
9907	YOMRA	TRABZON	TR	40.95326	39.85546
9895	ÇARŞIBAŞI	TRABZON	TR	41.08278	39.38278
9896	ÇAYKARA	TRABZON	TR	40.74267	40.23175
9902	ŞALPAZARI	TRABZON	TR	40.93826	39.19006
9909	HOZAT	TUNCELİ	TR	39.10029	39.20816
9910	NAZİMİYE	TUNCELİ	TR	39.17986	39.82843
9911	OVACIK	TUNCELİ	TR	39.35259	39.20890
9912	PERTEK	TUNCELİ	TR	38.86574	39.32273
9914	TUNCELİ	TUNCELİ	TR	39.09921	39.54351
9908	ÇEMİŞGEZEK	TUNCELİ	TR	39.05539	38.90754
9915	BANAZ	UŞAK	TR	38.73707	29.75194
9916	ESME	UŞAK	TR	38.39976	28.96905
9917	KARAHALLI	UŞAK	TR	38.32083	29.53028
9918	SİVASLI	UŞAK	TR	38.49944	29.68361
17909	ULUBEY	UŞAK	TR	40.86863	37.75405
9919	UŞAK	UŞAK	TR	38.67351	29.40580
9920	BAHÇESARAY	VAN	TR	38.12460	42.79825
9921	BAŞKALE	VAN	TR	38.04526	44.01718
9924	EDREMİT (V)	VAN	TR	39.59611	27.02444
9925	ERCİŞ	VAN	TR	39.02587	43.35964
9926	GEVAŞ	VAN	TR	38.29210	43.10189
17912	GÜRPINAR	VAN	TR	40.99256	28.61428
9927	MURADİYE	VAN	TR	38.98568	43.75310
9929	SARAY (V)	VAN	TR	38.64691	44.16116
9930	VAN	VAN	TR	38.49457	43.38323
9922	ÇALDIRAN	VAN	TR	39.14317	43.91068
9923	ÇATAK	VAN	TR	38.00293	43.05243
9928	ÖZALP	VAN	TR	38.65455	43.98869
9931	ALTINOVA	YALOVA	TR	40.69495	29.50986
9932	ARMUTLU	YALOVA	TR	38.19417	33.89510
9934	TERMAL	YALOVA	TR	40.60739	29.17306
9935	YALOVA	YALOVA	TR	40.65501	29.27693
9933	ÇINARCIK	YALOVA	TR	40.64538	29.12450
9936	AKDAĞMADENİ	YOZGAT	TR	39.66028	35.88361
9937	AYDINCIK (Y)	YOZGAT	TR	36.14370	33.32016
9938	BOĞAZLIYAN	YOZGAT	TR	39.18877	35.24537
9942	KADIŞEHRİ	YOZGAT	TR	39.99568	35.79193
9943	SARAYKENT	YOZGAT	TR	39.69361	35.51111
9944	SARIKAYA	YOZGAT	TR	36.76179	34.11257
9946	SORGUN	YOZGAT	TR	39.81012	35.18596
9947	YENİFAKILI	YOZGAT	TR	39.21142	35.00036
9948	YERKÖY	YOZGAT	TR	39.63806	34.46722
9949	YOZGAT	YOZGAT	TR	39.82000	34.80444
9939	ÇANDIR	YOZGAT	TR	39.24446	35.51396
9940	ÇAYIRALAN	YOZGAT	TR	39.30278	35.64389
9941	ÇEKEREK	YOZGAT	TR	40.07306	35.49472
17879	ŞEFAATLİ	YOZGAT	TR	39.50430	34.75630
9950	ALAPLI	ZONGULDAK	TR	41.18140	31.38514
9952	DEVREK	ZONGULDAK	TR	41.21917	31.95583
9953	GÖKÇEBEY	ZONGULDAK	TR	41.30583	32.14234
9955	ZONGULDAK	ZONGULDAK	TR	41.45139	31.79305
9951	ÇAYCUMA	ZONGULDAK	TR	41.42639	32.07556
9347	AYVACIK	ÇANAKKALE	TR	39.60111	26.40472
9348	BAYRAMİÇ	ÇANAKKALE	TR	39.80862	26.60983
9350	BOZCAADA	ÇANAKKALE	TR	39.83500	26.06972
9349	BİGA	ÇANAKKALE	TR	40.22806	27.24222
17882	EZİNE	ÇANAKKALE	TR	39.78561	26.34083
9353	GELİBOLU	ÇANAKKALE	TR	40.40836	26.67174
9354	GÖKÇEADA	ÇANAKKALE	TR	40.20107	25.90902
9355	LAPSEKİ	ÇANAKKALE	TR	40.34417	26.68556
9356	YENİCE	ÇANAKKALE	TR	39.76089	28.90729
9351	ÇAN	ÇANAKKALE	TR	40.03328	27.05236
9352	ÇANAKKALE	ÇANAKKALE	TR	40.15552	26.41271
9357	ATKARACALAR	ÇANKIRI	TR	40.81593	33.07556
9358	BAYRAMÖREN	ÇANKIRI	TR	40.94329	33.20300
9360	CERKEŞ	ÇANKIRI	TR	40.81164	32.89358
9361	ILGAZ	ÇANKIRI	TR	40.92511	33.62586
9362	KIZILIRMAK	ÇANKIRI	TR	40.34556	33.98639
9363	KURŞUNLU	ÇANKIRI	TR	40.84101	33.26028
9364	ORTA	ÇANKIRI	TR	40.62420	33.10928
9366	YAPRAKLI	ÇANKIRI	TR	40.75785	33.77819
9359	ÇANKIRI	ÇANKIRI	TR	40.59995	33.61530
9365	ŞABANÖZÜ	ÇANKIRI	TR	40.48249	33.28352
9367	ALACA	ÇORUM	TR	40.16833	34.84250
9368	BAYAT	ÇORUM	TR	40.64583	34.26139
9369	BOĞAZKALE	ÇORUM	TR	40.02191	34.60947
9371	DODURGA	ÇORUM	TR	39.79972	29.91722
9373	KARGI	ÇORUM	TR	36.70132	29.07557
9374	LAÇİN	ÇORUM	TR	40.77486	34.88068
9375	MECİTÖZÜ	ÇORUM	TR	40.52000	35.29528
9377	ORTAKÖY	ÇORUM	TR	38.73728	34.03866
9378	OSMANCIK	ÇORUM	TR	40.97818	34.80470
9376	OĞUZLAR	ÇORUM	TR	40.75353	34.70275
9379	SUNGURLU	ÇORUM	TR	40.16750	34.37389
9380	UĞURLUDAĞ	ÇORUM	TR	40.44631	34.45259
9370	ÇORUM	ÇORUM	TR	40.54889	34.95333
9372	İSKİLİP	ÇORUM	TR	40.73528	34.47389
9535	ARNAVUTKOY	İSTANBUL	TR	41.18355	28.74020
17865	AVCILAR	İSTANBUL	TR	37.93803	35.70057
17866	BAŞAKŞEHİR	İSTANBUL	TR	41.10600	28.79100
9536	BEYLİKDÜZÜ	İSTANBUL	TR	40.98200	28.63990
9537	BÜYÜKÇEKMECE	İSTANBUL	TR	41.02072	28.58502
9540	ESENYURT	İSTANBUL	TR	41.02697	28.67732
9542	KARTAL	İSTANBUL	TR	37.10630	36.98008
9543	KÜÇÜKÇEKMECE	İSTANBUL	TR	40.99104	28.77123
9544	MALTEPE	İSTANBUL	TR	40.93567	29.15507
9545	PENDİK	İSTANBUL	TR	40.87750	29.27250
9546	SANCAKTEPE	İSTANBUL	TR	41.00244	29.23187
9549	SULTANBEYLİ	İSTANBUL	TR	40.96072	29.27067
9550	SULTANGAZİ	İSTANBUL	TR	41.10652	28.86847
9548	SİLİVRİ	İSTANBUL	TR	41.07393	28.24644
9551	TUZLA	İSTANBUL	TR	36.70074	35.08726
9538	ÇATALCA	İSTANBUL	TR	41.14073	28.45967
9539	ÇEKMEKÖY	İSTANBUL	TR	41.04118	29.17838
9541	İSTANBUL	İSTANBUL	TR	41.01384	28.94966
9547	ŞİLE	İSTANBUL	TR	41.17891	29.61085
9552	ALİAĞA	İZMİR	TR	38.79975	26.97203
9553	BAYINDIR	İZMİR	TR	38.21741	27.64744
9554	BERGAMA	İZMİR	TR	39.12074	27.18052
9556	CEŞME	İZMİR	TR	38.32614	26.30574
9557	DİKİLİ	İZMİR	TR	39.07100	26.89017
9558	FOÇA	İZMİR	TR	38.67030	26.75656
9561	KARABURUN	İZMİR	TR	38.63640	26.51094
9562	KEMALPAŞA	İZMİR	TR	38.42621	27.41731
9563	KINIK	İZMİR	TR	39.08722	27.38333
9564	KİRAZ	İZMİR	TR	38.23056	28.20444
17868	MENDERES	İZMİR	TR	38.24963	27.13429
17869	MENEMEN	İZMİR	TR	38.60754	27.06938
9566	SEFERIHİSAR	İZMİR	TR	38.19750	26.83881
9567	SELÇUK	İZMİR	TR	37.95137	27.36849
9569	TORBALI	İZMİR	TR	38.18200	27.33500
9568	TİRE	İZMİR	TR	38.08877	27.73508
9570	URLA	İZMİR	TR	38.32292	26.76403
9565	ÖDEMİŞ	İZMİR	TR	38.22780	27.96955
9560	İZMİR	İZMİR	TR	38.41273	27.13838
9824	AKÇAKALE	ŞANLIURFA	TR	36.71111	38.94750
9826	BOZOVA	ŞANLIURFA	TR	37.36250	38.52667
9825	BİRECİK	ŞANLIURFA	TR	37.02577	37.97841
9827	CEYLANPINAR	ŞANLIURFA	TR	36.84722	40.05000
9828	HALFETİ	ŞANLIURFA	TR	37.24529	37.86874
9829	HARRAN	ŞANLIURFA	TR	36.86000	39.03139
9830	HİLVAN	ŞANLIURFA	TR	37.58687	38.95505
9833	SURUÇ	ŞANLIURFA	TR	36.97612	38.42533
9832	SİVEREK	ŞANLIURFA	TR	37.75503	39.31667
9834	VİRANŞEHİR	ŞANLIURFA	TR	37.22349	39.75519
9831	ŞANLIURFA	ŞANLIURFA	TR	37.16708	38.79392
9849	BEYTÜŞŞEBAP	ŞIRNAK	TR	37.56318	43.16583
9850	CİZRE	ŞIRNAK	TR	37.33024	42.18484
9851	GÜÇLÜKONAK	ŞIRNAK	TR	37.46957	41.90593
9853	SİLOPİ	ŞIRNAK	TR	37.24379	42.46345
9855	ULUDERE	ŞIRNAK	TR	37.44074	42.85236
9852	İDİL	ŞIRNAK	TR	37.33481	41.88944
9854	ŞIRNAK	ŞIRNAK	TR	37.51393	42.45432
16418	ARUA	ARUA	UG	3.02013	30.91105
16419	GULU	GULU	UG	2.77457	32.29899
16421	KABALE	KABALE	UG	-1.24857	29.98993
16416	KAMPALA	KAMPALA	UG	0.31628	32.58219
16417	KITGUM	KITGUM	UG	3.27833	32.88667
16420	TORORO	TORORO	UG	0.69299	34.18085
16422	ALCHEVSK	ALCHEVSK	UA	48.46906	38.79744
16480	BERDYANSK	BERDYANSK	UA	46.75578	36.78815
16434	BEREZAN (Kiev)	BEREZAN (Kiev)	UA	50.31073	31.46768
16465	BILA TSERKVA	BILA TSERKVA	UA	49.79940	30.11650
16436	BOYARKA	BOYARKA	UA	50.31911	30.29728
16437	BROVARY	BROVARY	UA	50.51097	30.79106
16454	CHERKASY	CHERKASY	UA	49.44452	32.05738
16455	CHERNIVTSI	CHERNIVTSI	UA	48.29045	25.93241
16450	DNIPROPETROVSK	DNIPROPETROVSK	UA	48.46664	35.04066
16492	DONETSK	DONETSK	UA	48.02300	37.80224
16438	DYMER	DYMER	UA	50.78579	30.30357
16753	HENİCHESK	HENİCHESK	UA	46.16824	34.80861
16483	HORLIVKA	HORLIVKA	UA	48.29986	38.01709
16495	IZMAYIL	IZMAYIL	UA	45.35058	28.83751
16499	KHERSON	KHERSON	UA	46.63695	32.61458
16498	KIEV	KIEV	UA	50.45466	30.52380
16496	KILIYA	KILIYA	UA	45.44445	29.26396
16489	KIROVOHRAD	KIROVOHRAD	UA	48.50834	32.26618
16469	KONOTOP	KONOTOP	UA	51.23251	33.20040
16423	KRAMATORSK	KRAMATORSK	UA	48.73106	37.56779
16473	KREMENCHUK	KREMENCHUK	UA	49.06253	33.40484
16476	KRYVYY RIH	KRYVYY RIH	UA	47.90572	33.39404
16487	LUHANSK	LUHANSK	UA	48.56814	39.30553
16456	LUTSK	LUTSK	UA	50.75784	25.35024
16451	LVIV	LVIV	UA	49.83826	24.02324
16449	MARIUPOL	MARIUPOL	UA	47.09514	37.54131
16479	MELITOPOL	MELITOPOL	UA	46.84735	35.38196
16429	MEREFA	MEREFA	UA	49.82107	36.05670
16430	MURAFA	MURAFA	UA	50.04675	35.32917
16481	MYKOLAYIV	MYKOLAYIV	UA	46.97625	31.99296
16478	NIKOPOL	NIKOPOL	UA	47.56826	34.39126
16471	NIZHYN	NIZHYN	UA	51.04772	31.88844
16474	OLEKSANDRIYA	OLEKSANDRIYA	UA	48.67466	33.11761
16461	POLTAVA	POLTAVA	UA	49.58925	34.55367
16494	RENI	RENI	UA	45.45421	28.27731
16463	RIVNE	RIVNE	UA	50.62036	26.23695
16470	SHOSTKA	SHOSTKA	UA	51.86434	33.47283
16472	SUMY	SUMY	UA	50.91741	34.79906
16466	TERNOPIL	TERNOPIL	UA	49.55404	25.59067
16457	UMAN	UMAN	UA	48.75010	30.21944
16467	UZHHOROD	UZHHOROD	UA	48.62420	22.29470
16464	VINNYTSYA	VINNYTSYA	UA	49.23220	28.46871
16477	ZAPORIZHZHYA	ZAPORIZHZHYA	UA	47.85167	35.11714
16458	ZHYTOMYR	ZHYTOMYR	UA	50.26235	28.67913
16509	ALUPKA	ALUPKA	UA	44.41952	34.04489
16515	ALUSHTA	ALUSHTA	UA	44.67728	34.40970
16510	BALAKLAVA	BALAKLAVA	UA	44.51118	33.59942
16501	FEODOSIYA	FEODOSIYA	UA	45.03199	35.38153
16502	HVARDIYSKE	HVARDIYSKE	UA	45.11692	34.02188
16523	KERCH	KERCH	UA	45.35675	36.47542
16504	NIKOLAYEVKA (Simferopol)	NIKOLAYEVKA (Simferopol)	UA	44.96213	33.61061
16506	SADOVOYE	SADOVOYE	UA	45.31037	34.65260
16525	SUDAK	SUDAK	UA	44.84924	34.97471
16526	YALTA	YALTA	UA	44.50218	34.16624
16508	ZUYA	ZUYA	UA	45.05418	34.32152
16527	MASKAT	MASKAT	OM	23.58413	58.40778
16529	NIZWA	NIZWA	OM	22.93333	57.53333
16531	SALALAH	SALALAH	OM	17.01505	54.09237
16528	SUR	SUR	OM	22.56667	59.52889
16535	AMMAN	AMMAN	JO	31.95522	35.94503
16534	IRBID	IRBID	JO	32.55556	35.85000
16537	ARTIGAS	ARTIGAS	UY	-30.40431	-56.46926
16538	CARMELO	CARMELO	UY	-34.00023	-58.28402
16539	COLONIA DEL SACRAMENTO	COLONIA DEL SACRAMENTO	UY	-34.46262	-57.83976
16540	DURAZNO	DURAZNO	UY	-33.38063	-56.52312
16541	MALDONADO	MALDONADO	UY	-34.89791	-54.95021
16542	MELO	MELO	UY	-32.36820	-54.16409
16543	MERCEDES	MERCEDES	UY	-33.25240	-58.03047
16544	MONTEVIDEO	MONTEVIDEO	UY	-34.90328	-56.18816
16545	PAYSANDU	PAYSANDU	UY	-32.31710	-58.08072
16546	RIVERA	RIVERA	UY	-30.90534	-55.55076
16547	ROCHA	ROCHA	UY	-34.47995	-54.33064
16548	SALTO	SALTO	UY	-31.38811	-57.95983
16549	SAN JOSE DE MAYO	SAN JOSE DE MAYO	UY	-34.33898	-56.71339
16550	TACUAREMBO	TACUAREMBO	UY	-31.71882	-55.97925
16552	PORT-VILA	PORT-VILA	VU	-17.73648	168.31366
16556	ACARIGUA	ACARIGUA	VE	9.55451	-69.19564
16565	BARCELONA	BARCELONA	VE	10.13840	-64.68769
16562	BARINAS	BARINAS	VE	8.62064	-70.23105
16555	BARQUISIMETO	BARQUISIMETO	VE	10.06470	-69.35703
16558	BARUTA	BARUTA	VE	10.43424	-66.87558
16554	CARACAS	CARACAS	VE	10.48801	-66.87919
16567	CATIA LA MAR	CATIA LA MAR	VE	10.60545	-67.03238
16566	CIUDAD BOLIVAR	CIUDAD BOLIVAR	VE	8.12366	-63.54694
16563	CIUDAD GUAYANA	CIUDAD GUAYANA	VE	8.35122	-62.64102
16568	CORO	CORO	VE	11.40769	-69.67822
16564	CUMANA	CUMANA	VE	10.46390	-64.17859
16557	GUACARA	GUACARA	VE	10.22609	-67.87700
16569	GUANARE	GUANARE	VE	9.03934	-69.73364
16561	GUARENAS	GUARENAS	VE	10.47027	-66.61934
16570	LOS TEQUES	LOS TEQUES	VE	10.34954	-67.04266
16571	MARACAIBO	MARACAIBO	VE	10.64232	-71.61089
16572	MARACAY	MARACAY	VE	10.24972	-67.59475
16573	MATURIN	MATURIN	VE	9.74569	-63.18323
16574	MERIDA	MERIDA	VE	8.57899	-71.16922
16560	PETARE	PETARE	VE	10.47679	-66.80786
16575	PORLAMAR	PORLAMAR	VE	10.95771	-63.86971
16559	PUERTO CABELLO	PUERTO CABELLO	VE	10.47306	-68.01250
16576	PUERTO LA CRUZ	PUERTO LA CRUZ	VE	10.21382	-64.63280
16577	PUNTO FIJO	PUNTO FIJO	VE	11.69152	-70.19918
16578	SAN CARLOS	SAN CARLOS	VE	9.66415	-68.58659
16579	SAN CRISTOBAL	SAN CRISTOBAL	VE	7.76593	-72.23576
16580	SAN FELIPE	SAN FELIPE	VE	10.34010	-68.74297
16581	TURMERO	TURMERO	VE	10.22856	-67.47421
16582	VALENCIA	VALENCIA	VE	10.16153	-68.00044
16583	VALERA	VALERA	VE	9.31778	-70.60361
16586	BIEN HOA	BIEN HOA	VN	10.94469	106.82432
16604	CAM PHA	CAM PHA	VN	21.01004	107.27345
16585	CAN THO	CAN THO	VN	10.03711	105.78825
16593	DA LAT	DA LAT	VN	11.94646	108.44193
16597	DA NANG	DA NANG	VN	16.06778	108.22083
16601	HAIPHONG	HAIPHONG	VN	20.86481	106.68345
16605	HANOI	HANOI	VN	21.02450	105.84117
16584	HO CHI MINH CITY	HO CHI MINH CITY	VN	10.82302	106.62965
16587	HUE	HUE	VN	16.46190	107.59546
16589	LONG XUYEN	LONG XUYEN	VN	10.38639	105.43518
16590	MY THO	MY THO	VN	10.36004	106.35996
16595	NHA TRANG	NHA TRANG	VN	12.24507	109.19432
16592	PHAN THIET	PHAN THIET	VN	10.92889	108.10208
16598	QUANG TRI	QUANG TRI	VN	16.81625	107.10031
16596	QUI NHON	QUI NHON	VN	13.77648	109.22367
16588	RACH GIA	RACH GIA	VN	10.01245	105.08091
16602	THAI NGUYEN	THAI NGUYEN	VN	21.59422	105.84817
16599	VINH	VINH	VN	18.67337	105.69232
16591	VUNG TAU	VUNG TAU	VN	10.34599	107.08426
16609	ADEN	ADEN	YE	12.77957	45.03852
16607	AL HUDAYDAH	AL HUDAYDAH	YE	14.79781	42.95452
16611	SANAA	SANAA	YE	15.35452	44.20646
16610	THAMUD	THAMUD	YE	17.29245	49.91947
16613	KOUMAC	KOUMAC	NC	-20.56667	164.28333
16612	NOUMEA	NOUMEA	NC	-22.27407	166.44884
16640	AUCKLAND	AUCKLAND	NZ	-36.84853	174.76349
16614	BLENHEIM	BLENHEIM	NZ	-41.51603	173.95280
16639	CHRISTCHURCH	CHRISTCHURCH	NZ	-43.53333	172.63333
16710	DUNEDIN	DUNEDIN	NZ	-45.87416	170.50361
16623	GISBORNE	GISBORNE	NZ	-38.65333	178.00417
16624	HAMILTON	HAMILTON	NZ	-37.78333	175.28333
16625	HASTINGS	HASTINGS	NZ	-39.63810	176.84918
16615	LEVIN	LEVIN	NZ	-40.63333	175.27500
16616	LOWER HUTT	LOWER HUTT	NZ	-41.21667	174.91667
16617	MASTERTON	MASTERTON	NZ	-40.95972	175.65750
16627	NAPIER	NAPIER	NZ	-39.49260	176.91233
16628	NEW PLYMOUTH	NEW PLYMOUTH	NZ	-39.06667	174.08333
16629	PALMERSTON NORTH	PALMERSTON NORTH	NZ	-40.35636	175.61113
16630	PORIRUA	PORIRUA	NZ	-41.13333	174.85000
16622	QUEENSTOWN	QUEENSTOWN	NZ	-45.03023	168.66271
16631	TAUPO	TAUPO	NZ	-38.68333	176.08333
16632	TAURANGA	TAURANGA	NZ	-37.68611	176.16667
16618	UPPER HUTT	UPPER HUTT	NZ	-41.13827	175.05020
16619	WAIKANAE	WAIKANAE	NZ	-40.88333	175.06667
16620	WAINUIOMATA	WAINUIOMATA	NZ	-41.26667	174.95000
16633	WAITAKERE	WAITAKERE	NZ	-36.85126	174.54477
16638	WELLINGTON	WELLINGTON	NZ	-41.28664	174.77557
16635	WHAKATANE	WHAKATANE	NZ	-37.95855	176.98545
16636	WHANGAREI	WHANGAREI	NZ	-35.73167	174.32391
16641	MINDELO	MINDELO	CV	16.89014	-24.98042
16642	PRAIA	PRAIA	CV	14.93152	-23.51254
16652	EPANOMI	EPANOMI	GR	40.42614	22.92782
16678	ERMOUPOLIS	ERMOUPOLIS	GR	37.44466	24.94290
16656	IGOUMENITSA	IGOUMENITSA	GR	39.50342	20.26728
16660	IRAKLION	IRAKLION	GR	40.75680	23.03560
16661	KALAMARIA	KALAMARIA	GR	40.58250	22.95028
16662	KALAMATA	KALAMATA	GR	37.03913	22.11265
16668	KARDITSA	KARDITSA	GR	39.36485	21.92191
16663	KATERINI	KATERINI	GR	40.26956	22.50608
16664	KAVALA	KAVALA	GR	40.93959	24.40687
16653	KILKIS	KILKIS	GR	40.99302	22.87433
16666	KOS	KOS	GR	36.89295	27.28768
16667	KOZANI	KOZANI	GR	40.29931	21.78984
16680	LAMIA	LAMIA	GR	38.89947	22.43350
16681	LARISA	LARISA	GR	39.62847	22.42112
16669	MYTILENE	MYTILENE	GR	39.10772	26.55529
16671	NEAPOLIS	NEAPOLIS	GR	38.67144	21.36274
16649	PEPLOS	PEPLOS	GR	40.95755	26.26577
16658	RODOS	RODOS	GR	36.43556	28.22199
16675	TRIKALA	TRIKALA	GR	39.55493	21.76837
16655	VASILIKA	VASILIKA	GR	40.47966	23.13695
16674	VEROIA	VEROIA	GR	40.52437	22.20242
16677	VOLOS	VOLOS	GR	39.36923	22.94769
16691	CHINGOLA	CHINGOLA	ZM	-12.52897	27.88382
16689	KABWE	KABWE	ZM	-14.44690	28.44644
16687	KITWE	KITWE	ZM	-12.80243	28.21323
16692	LIVINGSTONE	LIVINGSTONE	ZM	-17.84194	25.85425
16694	LUANSHYA	LUANSHYA	ZM	-13.13667	28.41661
16688	LUSAKA	LUSAKA	ZM	-15.40669	28.28713
16690	MUFULIRA	MUFULIRA	ZM	-12.54982	28.24071
16693	NDOLA	NDOLA	ZM	-12.95867	28.63659
16699	BULAWAYO	BULAWAYO	ZW	-20.15000	28.58333
16695	CHITUNGWIZA	CHITUNGWIZA	ZW	-18.01274	31.07555
16696	GWERU	GWERU	ZW	-19.45000	29.81667
16697	HARARE	HARARE	ZW	-17.82772	31.05337
16698	MUTARE	MUTARE	ZW	-18.97070	32.67086
